feature,standardized_coefficient,abs_coefficient
target_hour_sin,-1.9340527725196006,1.9340527725196006
local_WSPM,-1.353209863057137,1.353209863057137
pm25_t,0.9762452161511564,0.9762452161511564
target_hour_cos,-0.7593250105685869,0.7593250105685869
target_dow_cos,-0.4016683376364884,0.4016683376364884
pm25_t_1,-0.32655817403693294,0.32655817403693294
local_TEMP,-0.2369973343190706,0.2369973343190706
local_DEWP,0.20802721808174113,0.20802721808174113
pm25_roll_mean_3,0.19921678028834683,0.19921678028834683
Changping_PM2.5,0.08332047517589622,0.08332047517589622
pm25_t_2,-0.0733848891799998,0.0733848891799998
Wanliu_PM2.5,0.07314648025172846,0.07314648025172846
target_dow_sin,-0.041055885326726264,0.041055885326726264
local_PM10,0.032962700109123146,0.032962700109123146
pm25_roll_mean_24,-0.008319269927720955,0.008319269927720955
pm25_t_23,0.0015044561517103467,0.0015044561517103467
local_CO,0.00016702973481218106,0.00016702973481218106
