arquivo,caminho,sha256,tamanho
01_documentacao_bases.ipynb,analyses/grupo5/01_dados/01_documentacao_bases.ipynb,f6a5287e144dfb0bbec0ef09652efead5e208d27338972641753a1d4114f0374,23934
02_limpeza_preparacao.ipynb,analyses/grupo5/01_dados/02_limpeza_preparacao.ipynb,0bf612cb20f30f4b01fc1bff9688cdfd8054fe381b61eb3276df1c80039d6730,41014
03_feature_engineering.ipynb,analyses/grupo5/01_dados/03_feature_engineering.ipynb,bde27287f75ead29dbd9351b05e7f999862ac488647e16088713feddaeeaa549,91985
04_analise_exploratoria.ipynb,analyses/grupo5/01_dados/04_analise_exploratoria.ipynb,936e893d92692337c16fd07ed05101dd5c90f67a8f84a6c503166b3729dff7c2,844042
05_STL_decomposicao.ipynb,analyses/grupo5/01_dados/05_STL_decomposicao.ipynb,4b3dd961b6522f1ef096e80f05f32131e017d731ac1a53e1de7ac7c9ad2b3382,468328
01_otimizacao_hiperparametros.ipynb,analyses/grupo5/02_modelos/Holt_Winters/01_otimizacao_hiperparametros.ipynb,b0a73656f00e511828821b3dc861bfa43a61a9e077843de710b329c581796682,27253
02_walkforward_validacao.ipynb,analyses/grupo5/02_modelos/Holt_Winters/02_walkforward_validacao.ipynb,9247f477d56b443c218e5e5df7ae2f48a6f1d28a29cdd126f56b7ecb896cf8b3,198290
03_previsoes_residuos.ipynb,analyses/grupo5/02_modelos/Holt_Winters/03_previsoes_residuos.ipynb,2cc7648ea01762607b1d08dc24a96eda9ac1259abafa63ec8eaf5073948823f8,175183
01_otimizacao_hiperparametros.ipynb,analyses/grupo5/02_modelos/PLS_Regression/01_otimizacao_hiperparametros.ipynb,1b04a6ac37ff818e8081d8222501da22739dee4479445ab1c8bad2c04506a5c7,80734
02_walkforward_validacao.ipynb,analyses/grupo5/02_modelos/PLS_Regression/02_walkforward_validacao.ipynb,a6fcbc32ba6d6f803bb29e9dd2283dbd329a9779281bb361d2ef919be3d73173,199698
03_previsoes_residuos.ipynb,analyses/grupo5/02_modelos/PLS_Regression/03_previsoes_residuos.ipynb,aeb37740c8ceff3183c8d842713db293d5c388ffdd7fd674e674156926f946aa,183875
01_otimizacao_hiperparametros.ipynb,analyses/grupo5/02_modelos/Random_Forest/01_otimizacao_hiperparametros.ipynb,af63b93923aa259d8e567f131beaeb1bddd8cfb92fc9ed1db36ad57b530bb3ed,26831
02_walkforward_validacao.ipynb,analyses/grupo5/02_modelos/Random_Forest/02_walkforward_validacao.ipynb,6f6e0cb248b072a2250c95fb1b118e5439ba64bce77f014555b7ab9d87958ca7,202582
03_previsoes_residuos.ipynb,analyses/grupo5/02_modelos/Random_Forest/03_previsoes_residuos.ipynb,68f293c0ea1443900cd2857ed17f624f818d7a52d098ed47dc003eb3ca66abfb,180749
01_otimizacao_hiperparametros.ipynb,analyses/grupo5/02_modelos/SARIMAX/01_otimizacao_hiperparametros.ipynb,87979628ff18be196151c6dd065b24b717a6924232e05233d21652faa2191186,27529
02_walkforward_validacao.ipynb,analyses/grupo5/02_modelos/SARIMAX/02_walkforward_validacao.ipynb,91d22d1cc04c8c7d62c5373dfc805a9dbc7edd90e6811266c3f1d61cb4377570,198606
03_previsoes_residuos.ipynb,analyses/grupo5/02_modelos/SARIMAX/03_previsoes_residuos.ipynb,5ee27cec645c22259ff5ff67a7255349cb9a274328f891de924fce3daf790376,177235
01_MAE_consolidado.ipynb,analyses/grupo5/03_resultados/01_MAE_consolidado.ipynb,d8be7e5ca7188b343572ca0b533b97493c7616cecc19abd61fea8bdb24a50814,55173
02_analise_residuos_Ljung_Box.ipynb,analyses/grupo5/03_resultados/02_analise_residuos_Ljung_Box.ipynb,b29679bf95c0d87c8181e0d168edbeb88f9999bf06ec8942d7e21b17b8c068f4,122893
03_importancia_features.ipynb,analyses/grupo5/03_resultados/03_importancia_features.ipynb,4b86cbb44ea8143e00cb04105429609b57d9d6bebee62312e064c4e6d6fc742a,116728
04_comparacao_modelos.ipynb,analyses/grupo5/03_resultados/04_comparacao_modelos.ipynb,95b06624721ddf8d34c29aefc1f16b2f1881ccdda6cc99932c4e524500ec1aad,108291
01_estudo_conceitual_PLS.ipynb,analyses/grupo5/04_especialista_PLS/01_estudo_conceitual_PLS.ipynb,7c93f887108c026a72e50ee4a123eb9a02769e4cdf5d907e4bf381a18b43d0ea,10178
02_implementacao_PLS.ipynb,analyses/grupo5/04_especialista_PLS/02_implementacao_PLS.ipynb,30875e0a43102c8f74d29185607a7420e0eb51f2ca551ba46e22daf992053007,48221
03_interpretacao_resultados.ipynb,analyses/grupo5/04_especialista_PLS/03_interpretacao_resultados.ipynb,63e6a30afad1f1ab880cb451226dbafbb7c20334ef2356acfc0fb43aa1821ff8,81089
relatorio.ipynb,analyses/grupo5/05_relatorio/relatorio.ipynb,ac585e6dcb2fa326dcf370fabe32734741ac6c5d290d1ff61d673a35fe958a9b,66
AUDITORIA_RESULTADOS.md,analyses/grupo5/AUDITORIA_RESULTADOS.md,9acb1ae69e5f0da6851ab7d8e64a84ce9873aeecd0031abf6d448d200ead1dc7,9054
GOLD_BASE_CHECKLIST.md,analyses/grupo5/GOLD_BASE_CHECKLIST.md,ad18b4eba1eebff892b690643a694aa74c05dd7075a89f8fa8e875797b203f06,4191
NOTEBOOK_INVENTORY.md,analyses/grupo5/NOTEBOOK_INVENTORY.md,27144b537f4ebd5622e36949874d32d860d3e2c1f7471802a1bd5c9ce9244513,3069
NOTEBOOK_PRESENTATION_REVIEW.md,analyses/grupo5/NOTEBOOK_PRESENTATION_REVIEW.md,423cfd847eabe79dda1df76c1883ed5bdd101b3affbcbcbdeaa27c384aa4271d,6718
01_data_quality_outliers.png,analyses/grupo5/outputs/01_data_quality_outliers.png,afbfa1343d0c743e94cf6b1eb41001d9bfcb6367dcef8f89ad7ed59a6d1179a7,4670
02_series_treino.png,analyses/grupo5/outputs/02_series_treino.png,16df5c4e552b5ea66ff90726a7867b93c1d04f0ba2ee2027c75327b8daa22b69,289871
03_distribuicoes_treino.png,analyses/grupo5/outputs/03_distribuicoes_treino.png,9cc1c1c342584f21c4c31dc6951f9a0afa28a4b38b01391c942607aa963ca91c,39420
04_correlacoes_treino.png,analyses/grupo5/outputs/04_correlacoes_treino.png,60a10a34b0d9271f399443edf4425b293e748321f46f0f85141e55da760c7f59,97461
05_acf_pacf_treino.png,analyses/grupo5/outputs/05_acf_pacf_treino.png,92e07c61db600d4a950d6c13c21499e2ad6389207a2904f19ab83fea2e6c6abe,72203
06_feature_target_correlations.png,analyses/grupo5/outputs/06_feature_target_correlations.png,6b6be8ab5a2fb064d2b5ab6a0094ddbd1ace17a6fee3b7534471c41455336b5f,52218
07_stl_strengths.png,analyses/grupo5/outputs/07_stl_strengths.png,afbfa1343d0c743e94cf6b1eb41001d9bfcb6367dcef8f89ad7ed59a6d1179a7,4670
PLS_technical_summary.md,analyses/grupo5/outputs/PLS_technical_summary.md,121095b952db443003d0021a6d7d299767f29ea188e9a8ece4183084c26a497d,3976
audit_summary.json,analyses/grupo5/outputs/audit_summary.json,abdb916860034571446bde34af30062ee3845c0cb6cd6e86e8be23dde2a12325,1871
baseline_analysis.md,analyses/grupo5/outputs/baseline_analysis.md,add42ecc0966ccdaf34ddbef7a43c53b4202c2c86682a8401e1475ee884b94b0,1142
baseline_persistencia.csv,analyses/grupo5/outputs/baseline_persistencia.csv,31b8aae24c611652f2f8b09fb053e6b08d83e510b6bf1b32dfa89b2614e53d51,14525
baseline_persistencia_todas_observacoes_teste.csv,analyses/grupo5/outputs/baseline_persistencia_todas_observacoes_teste.csv,f3de54670428d4dff723e9adfe9f18824a7b107191893399db58f56ca8dd4224,72141
data_quality_audit.csv,analyses/grupo5/outputs/data_quality_audit.csv,ecb8448de56037f05972d353ccf89403d0c0aa695624a532d77054fb9205a502,315
eda_adf.csv,analyses/grupo5/outputs/eda_adf.csv,5ee862d7b5823a7927b514aabca5790a4c82365ed958cbdad18a161d52d0a01c,204
eda_correlations.csv,analyses/grupo5/outputs/eda_correlations.csv,88ce648ab81cadce4b15186bdd83e6e3faded41a57f464c3fcaf71b3d36664c2,3531
eda_descriptive_statistics.csv,analyses/grupo5/outputs/eda_descriptive_statistics.csv,ff412aa03293d30b2a19dab0a23473eaab495cee7d7e6ab06e9e9837af4e05bf,440
environment_versions.csv,analyses/grupo5/outputs/environment_versions.csv,2f421dc6fe5179e8ea834d707246bfd86d43581e5555a70ec7d8e5ae9b703e1f,142
exploratory_analysis_summary.md,analyses/grupo5/outputs/exploratory_analysis_summary.md,30f9230f49f375ba8c3f7afb42bd678abe225af2ea509b0fec52fa73d940ca59,2337
exploratory_summary.csv,analyses/grupo5/outputs/exploratory_summary.csv,32fe5385ca7051d4aaa9eaa8ced1453c15082c0ae9bdc5d5423d37a8ebce54e7,1345
feature_dictionary.csv,analyses/grupo5/outputs/feature_dictionary.csv,78bbcd0ff200a029c1a2886c16aa5637384fa97b1b581c4a7ecc53a0d495effd,2631
feature_high_correlations.csv,analyses/grupo5/outputs/feature_high_correlations.csv,027ff749ddf7072f45a0ceaacd82cc3b21c057aa98ce3748413e99eb12be4605,480
feature_importance.csv,analyses/grupo5/outputs/feature_importance.csv,fbb2a44f5a3ec37f899298960bd80dbae734fc9a8e8728ec77ad58e8819655c0,3436
feature_importance_analysis.md,analyses/grupo5/outputs/feature_importance_analysis.md,615a150f2cd98628851ef4408fe3f3c537c1a177fc1e1a57cc68c543cc4ddf9d,2048
feature_importance_pls_regression.png,analyses/grupo5/outputs/feature_importance_pls_regression.png,b90dd5838b7b6a0804a18a9ed35dc6e26b775e758efd74f4fee61519d19fe4c5,55548
feature_importance_random_forest.png,analyses/grupo5/outputs/feature_importance_random_forest.png,d8258dea5d88727727a27cb503b43de88b23da7e1c87197d6584e4afc7a636ad,54253
feature_importance_summary.csv,analyses/grupo5/outputs/feature_importance_summary.csv,04eaa5866c7bb7f1c8dc6e1510fecdd4a32621435d73939a3030189f34e88fa4,3599
final_notebook_presentation_review.json,analyses/grupo5/outputs/final_notebook_presentation_review.json,3e3c809813ced85bcf188e9b1d4ae2e1d702a5432c96607f7ce153cd5394b39f,23401
final_technical_validation.json,analyses/grupo5/outputs/final_technical_validation.json,c7eb0f9c5738ecb83fc37797401536d9a4111de40a4b0ea13b74c14797eaabec,11262
frozen_artifacts_checksums.csv,analyses/grupo5/outputs/frozen_artifacts_checksums.csv,8ce81bb4eb688bbe32c1ae07cff7cc30f1f99365b9a5a87703ee66cae3cc268d,663
gold_limitations.md,analyses/grupo5/outputs/gold_limitations.md,c1728c4bd30ebd66baff809df8f8fc9fcf0d1bfde0a9ca2b492d91da64e702bd,1459
gold_model_comparison_analysis.md,analyses/grupo5/outputs/gold_model_comparison_analysis.md,c0bed3b314dd053b2c513a011fe6844d5dd600b3cba2cedd4fb086ef4bede333,1351
gold_model_comparison_summary.csv,analyses/grupo5/outputs/gold_model_comparison_summary.csv,5952047f129acd3142b1db4e37e365fdbfef823cbe0f0beebaa0f9d7720e4391,1214
fed_funds_rate_full.png,analyses/grupo5/outputs/graficos/fed_funds_rate_full.png,80e76df710e8cb49680c779a2e8aaf53b1635f93fe4b33188cfc662a9ffe1853,95767
gold_price_full.png,analyses/grupo5/outputs/graficos/gold_price_full.png,1d79f590f3c2ef0e0ebcf9ab276302f7d2b9a79af094fc956378885b18dc8717,88659
series_normalized_comparison.png,analyses/grupo5/outputs/graficos/series_normalized_comparison.png,9e744be4adc202acb7c5a4381216e71e5b664f52957984f6b5f3d91207af02f3,219458
test_real_vs_pred_holt_winters.png,analyses/grupo5/outputs/graficos/test_real_vs_pred_holt_winters.png,91ccd4ee847bef46bcb31875b83b158b8d6021161f0a9b090c881467e6fddfe6,110332
test_real_vs_pred_pls_regression.png,analyses/grupo5/outputs/graficos/test_real_vs_pred_pls_regression.png,279032a3146773c6a931d6a1b2bbf3bf812fd859e59e93408d34287ead85c757,111070
test_real_vs_pred_random_forest.png,analyses/grupo5/outputs/graficos/test_real_vs_pred_random_forest.png,909aee63761b9998198d81148683e012a8a6564e87a3a1dfab85560e46aa6c7b,111278
test_real_vs_pred_sarimax.png,analyses/grupo5/outputs/graficos/test_real_vs_pred_sarimax.png,a0736019e5ce9f12fae1e42855ee959ed89f41e16f410e0854a073fa595b7f45,111093
treasury_10y_full.png,analyses/grupo5/outputs/graficos/treasury_10y_full.png,85a9c8084694570e2fe54309d3633f78b826a06bfb5b049ae6b147eb0e00c892,107739
walkforward_split_timeline.png,analyses/grupo5/outputs/graficos/walkforward_split_timeline.png,3fcbbd3f0d6bc5365866dd431c499ea34f532560fbc83db2526be9a43bd38d0d,19729
holt_winters_smoothing_parameters.csv,analyses/grupo5/outputs/holt_winters_smoothing_parameters.csv,603423de1b8416ca6ff81e5da3cade9df74f6c9e11e042602e5326e2d8f9a803,252
hyperparameters.csv,analyses/grupo5/outputs/hyperparameters.csv,4cb56a13cb6cc3a31b8acc60e2bb3dd3eceae1448eb698d39b1540bfc5203886,1079
leakage_feature_checks.csv,analyses/grupo5/outputs/leakage_feature_checks.csv,1077619fce6b3980d9cda8e6035069f577215e422c3ad4aa803d6b993d14603a,1563
leakage_feature_sample.csv,analyses/grupo5/outputs/leakage_feature_sample.csv,f6d5e99cd5bfff7d0428886906b64aafe67ed4ae1907497116c53332ea07f458,666
ljung_box.csv,analyses/grupo5/outputs/ljung_box.csv,43056cf1ef0156dece1861736441bb12f02ba0448f6a6b83d051fcb5bbd781ba,4639
ljung_box_comparison.png,analyses/grupo5/outputs/ljung_box_comparison.png,4360760266e0fd46c2f71ed93270fbef30ac0b5769a1914c24f615b7426b711d,120966
ljung_box_summary.csv,analyses/grupo5/outputs/ljung_box_summary.csv,fddf85b853b77fc03bc5e119558ef9c03f75173812c990b0296baa022b30c9fe,877
mae_comparison_gold.png,analyses/grupo5/outputs/mae_comparison_gold.png,d38dffc08756328ade4ee655d71777b32306d53805e2cc5b581be9daa5119ac8,44964
mae_recalculation_audit.csv,analyses/grupo5/outputs/mae_recalculation_audit.csv,bbf33011de08ccb7da93dc2b557fc868a06798dc2aadb4799de78457851af234,346
manual_alignment_sample.csv,analyses/grupo5/outputs/manual_alignment_sample.csv,893bf28637de84e0b61173eec3ac0c23fa96ed0de36a8e7235e81a075c9b7043,2416
metrics.csv,analyses/grupo5/outputs/metrics.csv,f9fe5418eb7f5f14357ada49ba64b7264282a148b81d3b2f792ae673f708e92e,529
missing_values_audit.csv,analyses/grupo5/outputs/missing_values_audit.csv,7c385e8f026ab8bbd8622dfeeaef56ba13a999e51810dcbf38be20781d9f2504,44194
model_comparison_vs_baseline.csv,analyses/grupo5/outputs/model_comparison_vs_baseline.csv,92f1816962ee542bec6ce2dbe30693cd89ef6c0999ef035612878154157817ba,577
model_predictions_comparison.png,analyses/grupo5/outputs/model_predictions_comparison.png,afbfa1343d0c743e94cf6b1eb41001d9bfcb6367dcef8f89ad7ed59a6d1179a7,4670
notebook_presentation_review.csv,analyses/grupo5/outputs/notebook_presentation_review.csv,e9a1a30a7cda2086936461091ec91fbf7a84706d66ee1810dc9ea6eb06dae6fd,3524
origin_audit.csv,analyses/grupo5/outputs/origin_audit.csv,bd86bfda7774f07fb89d5a00b640310fda422ba27e5f13a6074c619eb64d286e,323
origin_manifest.csv,analyses/grupo5/outputs/origin_manifest.csv,50da068338b53eee02c28622685e996cfbd867f0fad87b24b372944d24a2b36c,21959
outlier_candidates.csv,analyses/grupo5/outputs/outlier_candidates.csv,d5e681a77eaf80d8d9f2c3d6f5e55dd1040562886dad75c811589414b9ccbf80,27218
pls_feature_interpretation.csv,analyses/grupo5/outputs/pls_feature_interpretation.csv,6cbf1c1e04ea6d73109d14ad2c802219d873cd1af87d16034f38923b5a0b603e,2287
pls_feature_interpretation.png,analyses/grupo5/outputs/pls_feature_interpretation.png,39c7f4141d2533c794e1a3a89b8248734b3dd2784d918e5732d51447ccb57141,64325
pls_scaler_audit.csv,analyses/grupo5/outputs/pls_scaler_audit.csv,52cefc172ab03cd1c464ceacc804fb4c56b47d7f078ff5b52e9e780e7b91875f,288
pls_validation_components.png,analyses/grupo5/outputs/pls_validation_components.png,dd2152b96d826d2106864518d7a6ef15da7c879b3bf4cd1c87d55fcdcf1834bb,41963
prediction_alignment_audit.csv,analyses/grupo5/outputs/prediction_alignment_audit.csv,fd154a8298197a3d63e57aef8acbfe37f3dca9bd050b67331e5c6248bfaa6d19,61262
prediction_file_checks.csv,analyses/grupo5/outputs/prediction_file_checks.csv,95fc96c26112981fdd533eed2ef20d4be19048911da6d3932a1a1f2a2a1c017e,287
predictions.csv,analyses/grupo5/outputs/predictions.csv,83c52112b6dde640f520f3f870d30f0927cb4a03103098b4c284b24662ac6ec0,162890
presentation_refactor_validation.json,analyses/grupo5/outputs/presentation_refactor_validation.json,ebc465b115b2f1cb7abf08b518071d49cba7aaffa5d270fc7c149ecd7278a234,7101
protocol.json,analyses/grupo5/outputs/protocol.json,21f258988abf0e585f426137f8fd16943997985c01f0aafe204445f6481d74c5,15498
residual_analysis_summary.md,analyses/grupo5/outputs/residual_analysis_summary.md,bd64f888911d43f7b382f6a0c11366b2e0eee2508da5a63edb72ce4c0e9b3518,1943
residual_diagnostics_summary.csv,analyses/grupo5/outputs/residual_diagnostics_summary.csv,958a8cf94abe811f03929ca3dde7d55676cc4ec5ffb424040da89b35c25ad9f3,1867
residual_holt_winters_acf.png,analyses/grupo5/outputs/residual_holt_winters_acf.png,175c80e2db8bafedaaaef679362071b3ae8446a0d0856eb9aefcadf2e6323901,28532
residual_holt_winters_distribuicao.png,analyses/grupo5/outputs/residual_holt_winters_distribuicao.png,9818ef57170737a4010f3e0a14ae78f25755e41573bcfb037346c5fbd4ff22bf,26021
residual_holt_winters_real_vs_previsto.png,analyses/grupo5/outputs/residual_holt_winters_real_vs_previsto.png,143c5be38ac93fb97c444625f5eff65279b386786c29881de0e2d3184a5ab081,118187
residual_holt_winters_serie.png,analyses/grupo5/outputs/residual_holt_winters_serie.png,afbfa1343d0c743e94cf6b1eb41001d9bfcb6367dcef8f89ad7ed59a6d1179a7,4670
residual_pls_regression_acf.png,analyses/grupo5/outputs/residual_pls_regression_acf.png,9a5c55ee00a7a8dadaec3b926dbb9ae465da0ca893919695f537e6eae1108fae,29728
residual_pls_regression_distribuicao.png,analyses/grupo5/outputs/residual_pls_regression_distribuicao.png,91a71ea30b4c851c0699b7747f38b46ef425196ceb782360fc8aac075570abe6,26938
residual_pls_regression_real_vs_previsto.png,analyses/grupo5/outputs/residual_pls_regression_real_vs_previsto.png,ab0d8102d02d56b7914adc82f02a973dc9470657e4c402cc3fe602f550ecde3c,118653
residual_pls_regression_serie.png,analyses/grupo5/outputs/residual_pls_regression_serie.png,afbfa1343d0c743e94cf6b1eb41001d9bfcb6367dcef8f89ad7ed59a6d1179a7,4670
residual_random_forest_acf.png,analyses/grupo5/outputs/residual_random_forest_acf.png,0081fbcf869aebf246b9e7f40cae32cbf036786e399dd71a2f02ca534421091f,29717
residual_random_forest_distribuicao.png,analyses/grupo5/outputs/residual_random_forest_distribuicao.png,b13d848a0a20b2faf24b5b3f563e9855c0dfb99563de40229d1dae84c0acbaae,23324
residual_random_forest_real_vs_previsto.png,analyses/grupo5/outputs/residual_random_forest_real_vs_previsto.png,4ac1e4046e0e1cc33343446d2a04108546b7da8882a8faf5fa0b4f230d4a5765,119829
residual_random_forest_serie.png,analyses/grupo5/outputs/residual_random_forest_serie.png,afbfa1343d0c743e94cf6b1eb41001d9bfcb6367dcef8f89ad7ed59a6d1179a7,4670
residual_sarimax_acf.png,analyses/grupo5/outputs/residual_sarimax_acf.png,ac1710f699d992abb23b9f7e10b924e315fc53cb16862f20c442eb129c9cc24d,28713
residual_sarimax_distribuicao.png,analyses/grupo5/outputs/residual_sarimax_distribuicao.png,67977d4f7c4f381d98b77c2bbfaba26077939c71032f7de6af45a82ca2c317e1,25927
residual_sarimax_real_vs_previsto.png,analyses/grupo5/outputs/residual_sarimax_real_vs_previsto.png,b5f0c0d9ef5d30eb5611077d3556b47243a774163dd982bc9f95c6c064207dc5,118627
residual_sarimax_serie.png,analyses/grupo5/outputs/residual_sarimax_serie.png,afbfa1343d0c743e94cf6b1eb41001d9bfcb6367dcef8f89ad7ed59a6d1179a7,4670
residual_summary.csv,analyses/grupo5/outputs/residual_summary.csv,de42966f3c360fe79cc725781abbb19c3a49bedae942884ab8c18a782dc402e9,411
rf_extrapolation_audit.csv,analyses/grupo5/outputs/rf_extrapolation_audit.csv,ef4c81ce523303a7192edd94d70e0c129417b34ee52ee509ddb80f2a86d503ba,24856
sarimax_bic_screening.csv,analyses/grupo5/outputs/sarimax_bic_screening.csv,b09c13560184a2c81be81980aa14c9d63b103f904f5945cfde14f08f9af766a1,7105
sarimax_coefficients.csv,analyses/grupo5/outputs/sarimax_coefficients.csv,d120cee2bfe6099a0af92d165cc5930938c2fd8884f27ef96da6890fa28c0d6f,838
stl_analysis_summary.md,analyses/grupo5/outputs/stl_analysis_summary.md,168dbf6fcfd73a5fdd501dcef4362a677eb14d102169b3032e6ace9857a8756d,1839
stl_candidates.csv,analyses/grupo5/outputs/stl_candidates.csv,88088a302ba50758c497842086f6c5fab665e21baec5b788152893c827513153,186
stl_period_20.png,analyses/grupo5/outputs/stl_period_20.png,d96f8802e6b3655a0b288f3572acac12e7e98fd60fb3cc6939489042c87be5fc,176811
stl_period_252.png,analyses/grupo5/outputs/stl_period_252.png,c22519b753c9038225216bc05ef30aa945eb01ca5b28f97c2ee37e1261c0fb6d,201492
stl_period_5.png,analyses/grupo5/outputs/stl_period_5.png,410191f8ed84f619e782752e06cfb7758817ebbb451d77072f3648e856052e83,165298
target_alignment_audit.csv,analyses/grupo5/outputs/target_alignment_audit.csv,4e1979ba75aedbcf9a9cebcddf0ab7aeeb71b96685146a06cf511b887b8ceebb,866409
target_alignment_summary.csv,analyses/grupo5/outputs/target_alignment_summary.csv,5dff870dfa1a8b7ac9d762ba2a178d80ec0d99d410846fcfefefc3c66d8d30e0,294
target_mismatch_examples.csv,analyses/grupo5/outputs/target_mismatch_examples.csv,853ae9ebda52c68792f0d6010e6081fc79de72cb162da6dd863c20758674223e,2755
technical_model_comparison.csv,analyses/grupo5/outputs/technical_model_comparison.csv,415a5082f901bef2974d5914b3a26bd4b26b6ed2de25cddd8d2f4819d522a938,732
tuning_candidates_Holt_Winters.csv,analyses/grupo5/outputs/tuning_candidates_Holt_Winters.csv,61ac48dbcb674e2c76a5a38ce496f15cabdc0e43d54122b4fc9038f4cfea8cc2,3583
tuning_candidates_PLS_Regression.csv,analyses/grupo5/outputs/tuning_candidates_PLS_Regression.csv,5f4a992636a324d1c5d31df183f93b97b00a1d32ad406d0b12d8abcd77ade001,1384
tuning_candidates_Random_Forest.csv,analyses/grupo5/outputs/tuning_candidates_Random_Forest.csv,04c3453c3e674b33b9fdf54527dc6e0554ca8b57daf21e972b9dfdb173c00117,2777
tuning_candidates_SARIMAX.csv,analyses/grupo5/outputs/tuning_candidates_SARIMAX.csv,5486ab618c769263392da22046e529f8bcbb6c1c8d3fc4f47d530a590b7fee91,781
validation_predictions_Holt_Winters.csv,analyses/grupo5/outputs/validation_predictions_Holt_Winters.csv,4e3da1f3e81e3b2499c92fae5d74627cbbde4326f8817fe6264f4e97a27b3d1d,67487
validation_predictions_PLS_Regression.csv,analyses/grupo5/outputs/validation_predictions_PLS_Regression.csv,ea1d623204f4f0c4224a605d70f9e930a28d46d9c5556e74bd552ecd5c5510e2,32194
validation_predictions_Random_Forest.csv,analyses/grupo5/outputs/validation_predictions_Random_Forest.csv,5f8c39ff4aba64fc9701c6b1a5ace5018dab1cd5b9ea2483262d6e69881aaf7f,31193
validation_predictions_SARIMAX.csv,analyses/grupo5/outputs/validation_predictions_SARIMAX.csv,23e5a0292abd423820ce4bdf0cf18305dc7a13bf298be65ba3e566e55231fd76,29454
walkforward_reproduction_sample.csv,analyses/grupo5/outputs/walkforward_reproduction_sample.csv,b4ee0397dad130698ccfe1e6dbe383a00a7eef5ff7519c6d53a0111a382d8f04,1394
walkforward_window_audit.csv,analyses/grupo5/outputs/walkforward_window_audit.csv,3d6c7179a052771f236eec2773cccb168d5f0b2315d8b02d2161988d16c1b9b5,461
DATASET_CONFIG.md,bases/grupo5-tratamento/DATASET_CONFIG.md,69071c9a1fbfcff3bc4ce29639032b99101a2597c9993e0f17a6c44daebfd22e,3616
dff.csv,bases/grupo5-tratamento/dff.csv,04a7489a0bf7aed26f63625a5f8eb4be5c635a92b35ac37019ba5b5ea390370c,343387
dgs10.csv,bases/grupo5-tratamento/dgs10.csv,6465b567d87d8fb97ba5ac8d3768c708b159308ffdf689dba5ae5bcd18c68a8a,242899
gold_daily_prices.csv,bases/grupo5-tratamento/gold_daily_prices.csv,8446b3f07b6834625e9e82b58955ea8ef906d67c23d34ee05440602349e02947,255134
prepare_gold_dataset.py,bases/grupo5-tratamento/prepare_gold_dataset.py,f7a9a99793662337c342af62ecb200506cb75fdba92d0155332dfd6a0e49aa69,6216
gold_daily_modeling.csv,bases/grupo5/gold_daily_modeling.csv,38622fe40a18c3e94b89971488468f762353ed4234234e054f0439918cb5d1ac,1528057
