model,feature_set,target,mae_usd,difference_vs_level_usd,percent_change_vs_level,directional_accuracy,persistence_mae,absolute_gain_vs_persistence,percent_gain_vs_persistence,status
Holt_Winters,A0_univariate,DELTA,11.635233210126124,-0.4358081375062586,-3.6103607381954506,0.527027027027027,11.63766891891892,0.0024357087927953103,0.020929524716377438,INFORMATIVE
Holt_Winters,A0_univariate,LEVEL,12.071041347632383,0.0,0.0,0.4831081081081081,11.63766891891892,-0.43337242871346326,-3.7238765918915777,NO_IMPROVEMENT
Holt_Winters,A0_univariate,LOG_RETURN,11.6495421616652,-0.42149918596718194,-3.491821242496654,0.5033783783783784,11.63766891891892,-0.01187324274628132,-0.10202423551489283,INFORMATIVE
PLS,A1_gold_price,DELTA,11.6456112930601,-8.881784197001252e-15,-7.626722181852416e-14,0.44256756756756754,11.63766891891892,-0.007942374141180153,-0.06824712231045287,INFORMATIVE
PLS,A1_gold_price,LEVEL,11.645611293060108,0.0,0.0,0.44256756756756754,11.63766891891892,-0.007942374141189035,-0.06824712231052919,INFORMATIVE
PLS,A1_gold_price,LOG_RETURN,11.690691901045781,0.04508060798567293,0.38710383552418165,0.4594594594594595,11.63766891891892,-0.05302298212686196,-0.4556151450628098,INFORMATIVE
PLS,A2_v1_complete,DELTA,11.585644421843641,-0.014567268214650042,-0.12557760671845844,0.5033783783783784,11.63766891891892,0.05202449707527812,0.44703537656672687,INFORMATIVE
PLS,A2_v1_complete,LEVEL,11.600211690058291,0.0,0.0,0.5304054054054054,11.63766891891892,0.03745722886062808,0.3218619563900402,NO_IMPROVEMENT
PLS,A2_v1_complete,LOG_RETURN,11.646686551504372,0.046474861446080595,0.40063804599282327,0.4797297297297297,11.63766891891892,-0.009017632585452517,-0.07748658814990769,INFORMATIVE
PLS,A3_gold_technical_no_raw,DELTA,11.64304930922572,-846.6370101657645,-98.64344403895998,0.4966216216216216,11.63766891891892,-0.00538039030680082,-0.04623254316896851,INFORMATIVE
PLS,A3_gold_technical_no_raw,LEVEL,858.2800594749903,0.0,0.0,0.4594594594594595,11.63766891891892,-846.6423905560713,-7275.016985400888,INFORMATIVE
PLS,A3_gold_technical_no_raw,LOG_RETURN,11.634309569417361,-846.6457499055729,-98.64446232427512,0.5033783783783784,11.63766891891892,0.003359349501558029,0.028866171782021235,INFORMATIVE
PLS,A4_exogenous_only,DELTA,11.737767507501456,-178.77132302982696,-93.83873626481801,0.46959459459459457,11.63766891891892,-0.10009858858253651,-0.8601257629851456,INFORMATIVE
PLS,A4_exogenous_only,LEVEL,190.5090905373284,0.0,0.0,0.44932432432432434,11.63766891891892,-178.8714216184095,-1537.003869629123,INFORMATIVE
PLS,A4_exogenous_only,LOG_RETURN,11.75184392582285,-178.75724661150556,-93.83134742143963,0.48986486486486486,11.63766891891892,-0.11417500690393112,-0.9810814150101926,INFORMATIVE
PLS,A5_technical_usd,DELTA,11.728887102618579,-504.2458483813602,-97.72684856524671,0.42567567567567566,11.63766891891892,-0.0912181836996595,-0.7838183431337314,INFORMATIVE
PLS,A5_technical_usd,LEVEL,515.9747354839787,0.0,0.0,0.4594594594594595,11.63766891891892,-504.33706656505984,-4333.660547304092,INFORMATIVE
PLS,A5_technical_usd,LOG_RETURN,11.74005993699086,-504.2346755469879,-97.72468318124552,0.4560810810810811,11.63766891891892,-0.10239101807194118,-0.8798241192915186,INFORMATIVE
PLS,A6_technical_usd_rates,DELTA,11.713124695610663,-210.43762329382966,-94.72739803866543,0.4391891891891892,11.63766891891892,-0.07545577669174364,-0.6483753509182413,INFORMATIVE
PLS,A6_technical_usd_rates,LEVEL,222.15074798944033,0.0,0.0,0.48986486486486486,11.63766891891892,-210.51307907052143,-1808.89386471803,INFORMATIVE
PLS,A6_technical_usd_rates,LOG_RETURN,11.68398112203722,-210.46676686740312,-94.7405168662351,0.47297297297297297,11.63766891891892,-0.0463122031183012,-0.3979508563180827,INFORMATIVE
PLS,A7_technical_usd_rates_risk,DELTA,11.761703562549593,-217.20666776051743,-94.8631754269876,0.44256756756756754,11.63766891891892,-0.12403464363067407,-1.0658031646615727,INFORMATIVE
PLS,A7_technical_usd_rates_risk,LEVEL,228.96837132306703,0.0,0.0,0.48986486486486486,11.63766891891892,-217.3307024041481,-1867.4762438965915,INFORMATIVE
PLS,A7_technical_usd_rates_risk,LOG_RETURN,11.755883713066606,-217.21248761000044,-94.86571719703616,0.4864864864864865,11.63766891891892,-0.11821479414768632,-1.0157944427814833,INFORMATIVE
PLS,A8_technical_all_core,DELTA,11.763828648723502,-178.3119769161032,-93.81098051181935,0.46621621621621623,11.63766891891892,-0.12615972980458245,-1.0840635756486365,INFORMATIVE
PLS,A8_technical_all_core,LEVEL,190.07580556482668,0.0,0.0,0.4594594594594595,11.63766891891892,-178.43813664590778,-1533.2807445297537,INFORMATIVE
PLS,A8_technical_all_core,LOG_RETURN,11.79574886335583,-178.28005670147084,-93.79418709903466,0.47635135135135137,11.63766891891892,-0.15807994443690987,-1.3583471530103874,INFORMATIVE
PLS,FULL,DELTA,11.755149920581522,-2.1255118636515764,-15.312755952788386,0.47297297297297297,11.63766891891892,-0.11748100166260222,-1.0094891208978956,INFORMATIVE
PLS,FULL,LEVEL,13.880661784233098,0.0,0.0,0.5236486486486487,11.63766891891892,-2.2429928653141786,-19.273557968880088,INFORMATIVE
PLS,FULL,LOG_RETURN,11.805276000481998,-2.0753857837511003,-14.951634266519697,0.4560810810810811,11.63766891891892,-0.16760708156307835,-1.4402118047077783,INFORMATIVE
PLS,FULL_without_GOLD_PRICE,DELTA,11.754921217375767,-3.7929169179330895,-24.39514024344931,0.47297297297297297,11.63766891891892,-0.11725229845684737,-1.007523923165014,INFORMATIVE
PLS,FULL_without_GOLD_PRICE,LEVEL,15.547838135308856,0.0,0.0,0.527027027027027,11.63766891891892,-3.910169216389937,-33.599247784350716,INFORMATIVE
PLS,FULL_without_GOLD_PRICE,LOG_RETURN,11.804095143922137,-3.7437429913867195,-24.078865233905077,0.4560810810810811,11.63766891891892,-0.16642622500321735,-1.4300649568459927,INFORMATIVE
PLS,FULL_without_USD,DELTA,11.756755408847502,-2.359133167064959,-16.712608309268006,0.46959459459459457,11.63766891891892,-0.1190864899285824,-1.0232847381917523,INFORMATIVE
PLS,FULL_without_USD,LEVEL,14.11588857591246,0.0,0.0,0.5236486486486487,11.63766891891892,-2.4782196569935415,-21.29481148037124,INFORMATIVE
PLS,FULL_without_USD,LOG_RETURN,11.812785387345183,-2.3031031885672775,-16.315679853816096,0.46959459459459457,11.63766891891892,-0.17511646842626405,-1.5047383599440933,INFORMATIVE
PLS,FULL_without_commodities,DELTA,11.738787262855162,-2.1496651314910586,-15.478075385607076,0.46283783783783783,11.63766891891892,-0.10111834393624264,-0.8688883026381543,INFORMATIVE
PLS,FULL_without_commodities,LEVEL,13.88845239434622,0.0,0.0,0.527027027027027,11.63766891891892,-2.2507834754273013,-19.340501015356153,INFORMATIVE
PLS,FULL_without_commodities,LOG_RETURN,11.776022861733754,-2.1124295326124667,-15.209970647790858,0.4797297297297297,11.63766891891892,-0.1383539428148346,-1.188845839993934,INFORMATIVE
PLS,FULL_without_gold_lags,DELTA,11.739496892579547,-3.7727416508283955,-24.32106520455524,0.5101351351351351,11.63766891891892,-0.10182797366062779,-0.8749859990868952,INFORMATIVE
PLS,FULL_without_gold_lags,LEVEL,15.512238543407943,0.0,0.0,0.527027027027027,11.63766891891892,-3.8745696244890233,-33.293348105051194,INFORMATIVE
PLS,FULL_without_gold_lags,LOG_RETURN,11.79289475192507,-3.7193437914828724,-23.976834684916827,0.5371621621621622,11.63766891891892,-0.1552258330061509,-1.3338223839123495,INFORMATIVE
PLS,FULL_without_rates,DELTA,11.749161254593615,-2.1182444099204503,-15.274986981457694,0.4594594594594595,11.63766891891892,-0.1114923356746953,-0.9580297948968665,INFORMATIVE
PLS,FULL_without_rates,LEVEL,13.867405664514065,0.0,0.0,0.527027027027027,11.63766891891892,-2.2297367455951456,-19.159650967302795,INFORMATIVE
PLS,FULL_without_rates,LOG_RETURN,11.79731224431439,-2.070093420199674,-14.927762771784563,0.46959459459459457,11.63766891891892,-0.15964332539547144,-1.3717809512173464,INFORMATIVE
PLS,FULL_without_risk,DELTA,11.722488377302303,-2.291547207434803,-16.35180097537758,0.4797297297297297,11.63766891891892,-0.08481945838338412,-0.7288354650259583,INFORMATIVE
PLS,FULL_without_risk,LEVEL,14.014035584737107,0.0,0.0,0.5202702702702703,11.63766891891892,-2.3763666658181872,-20.41961051113095,INFORMATIVE
PLS,FULL_without_risk,LOG_RETURN,11.745953944807061,-2.2680816399300454,-16.18435764784447,0.4831081081081081,11.63766891891892,-0.10828502588814182,-0.9304700678682045,INFORMATIVE
Persistence,A0_persistence,DELTA,11.63766891891892,0.0,0.0,0.0033783783783783786,11.63766891891892,0.0,0.0,INFORMATIVE
Persistence,A0_persistence,LEVEL,11.63766891891892,0.0,0.0,0.0033783783783783786,11.63766891891892,0.0,0.0,NO_IMPROVEMENT
Persistence,A0_persistence,LOG_RETURN,11.63766891891892,0.0,0.0,0.0033783783783783786,11.63766891891892,0.0,0.0,INFORMATIVE
RF,A1_gold_price,DELTA,12.419350216801286,-1.654789783097172,-11.757661804622598,0.5168918918918919,11.63766891891892,-0.7816812978823666,-6.716820209686639,INFORMATIVE
RF,A1_gold_price,LEVEL,14.074139999898458,0.0,0.0,0.527027027027027,11.63766891891892,-2.4364710809795387,-20.936074895709222,INFORMATIVE
RF,A1_gold_price,LOG_RETURN,12.347270632341411,-1.7268693675570468,-12.269803821544375,0.5135135135135135,11.63766891891892,-0.7096017134224919,-6.0974557565297225,INFORMATIVE
RF,A2_v1_complete,DELTA,12.586225199114935,-1.6963923659713966,-11.877321213992351,0.47635135135135137,11.63766891891892,-0.9485562801960157,-8.150741242122669,INFORMATIVE
RF,A2_v1_complete,LEVEL,14.282617565086332,0.0,0.0,0.5033783783783784,11.63766891891892,-2.6449486461674123,-22.727478024981608,NO_IMPROVEMENT
RF,A2_v1_complete,LOG_RETURN,12.674424480610856,-1.6081930844754755,-11.259792381521732,0.4797297297297297,11.63766891891892,-1.0367555616919368,-8.908618804290972,INFORMATIVE
RF,A3_gold_technical_no_raw,DELTA,11.460738528859148,-646.4244480690062,-98.25794245525937,0.5641891891891891,11.63766891891892,0.17693039005977163,1.520325000586179,INFORMATIVE
RF,A3_gold_technical_no_raw,LEVEL,657.8851865978653,0.0,0.0,0.46283783783783783,11.63766891891892,-646.2475176789463,-5553.0667024593395,INFORMATIVE
RF,A3_gold_technical_no_raw,LOG_RETURN,11.298641160198422,-646.5865454376669,-98.28258161296696,0.5371621621621622,11.63766891891892,0.33902775872049773,2.913193020720439,INFORMATIVE
RF,A4_exogenous_only,DELTA,12.827091608612335,-25.313525310453585,-66.36894564177784,0.43243243243243246,11.63766891891892,-1.1894226896934157,-10.22045478334425,INFORMATIVE
RF,A4_exogenous_only,LEVEL,38.14061691906592,0.0,0.0,0.5135135135135135,11.63766891891892,-26.502948000147,-227.73416381576345,INFORMATIVE
RF,A4_exogenous_only,LOG_RETURN,12.61298378697061,-25.52763313209531,-66.9303099796858,0.4391891891891892,11.63766891891892,-0.9753148680516901,-8.3806720645417,INFORMATIVE
RF,A5_technical_usd,DELTA,12.037192121146216,-159.2000169056007,-92.97045765370656,0.4864864864864865,11.63766891891892,-0.39952320222729654,-3.4330174282394883,INFORMATIVE
RF,A5_technical_usd,LEVEL,171.2372090267469,0.0,0.0,0.4831081081081081,11.63766891891892,-159.59954010782798,-1371.4047136052568,INFORMATIVE
RF,A5_technical_usd,LOG_RETURN,11.823604779072289,-159.4136042476746,-93.09518950567252,0.5304054054054054,11.63766891891892,-0.1859358601533696,-1.597707079044848,INFORMATIVE
RF,A6_technical_usd_rates,DELTA,12.417429558722693,-27.51406153171098,-68.90316584822568,0.4391891891891892,11.63766891891892,-0.779760639803774,-6.700316405600322,INFORMATIVE
RF,A6_technical_usd_rates,LEVEL,39.931491090433674,0.0,0.0,0.49324324324324326,11.63766891891892,-28.293822171514755,-243.12276254498488,INFORMATIVE
RF,A6_technical_usd_rates,LOG_RETURN,11.937633437152902,-27.99385765328077,-70.1047140711137,0.5,11.63766891891892,-0.29996451823398296,-2.5775309499167998,INFORMATIVE
RF,A7_technical_usd_rates_risk,DELTA,12.22499209544899,-29.379004838274362,-70.61582300632357,0.4594594594594595,11.63766891891892,-0.5873231765300702,-5.046742441480536,INFORMATIVE
RF,A7_technical_usd_rates_risk,LEVEL,41.60399693372335,0.0,0.0,0.5,11.63766891891892,-29.966328014804432,-257.49424754719826,INFORMATIVE
RF,A7_technical_usd_rates_risk,LOG_RETURN,11.885957018185755,-29.718039915537595,-71.43073287616932,0.5135135135135135,11.63766891891892,-0.24828809926683526,-2.1334865340876186,INFORMATIVE
RF,A8_technical_all_core,DELTA,12.15793300975286,-27.342735186892043,-69.22094343005183,0.49324324324324326,11.63766891891892,-0.5202640908339404,-4.47051806043534,INFORMATIVE
RF,A8_technical_all_core,LEVEL,39.5006681966449,0.0,0.0,0.5168918918918919,11.63766891891892,-27.862999277725983,-239.4207935614164,INFORMATIVE
RF,A8_technical_all_core,LOG_RETURN,11.78497628597396,-27.71569191067094,-70.16512169539716,0.5304054054054054,11.63766891891892,-0.14730736705504022,-1.2657806995657712,INFORMATIVE
RF,FULL,DELTA,12.163167148089903,-2.82740152725507,-18.861202590034523,0.46621621621621623,11.63766891891892,-0.5254982291709833,-4.515493891707992,INFORMATIVE
RF,FULL,LEVEL,14.990568675344973,0.0,0.0,0.5135135135135135,11.63766891891892,-3.352899756426053,-28.810750501549073,INFORMATIVE
RF,FULL,LOG_RETURN,11.880127923686068,-3.1104407516589045,-20.749317914634247,0.5472972972972973,11.63766891891892,-0.24245900476714866,-2.0833983717563247,INFORMATIVE
RF,FULL_without_GOLD_PRICE,DELTA,12.203372604565608,-4.878614693185387,-28.559994853922543,0.47297297297297297,11.63766891891892,-0.5657036856466888,-4.860970780213946,INFORMATIVE
RF,FULL_without_GOLD_PRICE,LEVEL,17.081987297750995,0.0,0.0,0.5371621621621622,11.63766891891892,-5.444318378832076,-46.78186341924071,INFORMATIVE
RF,FULL_without_GOLD_PRICE,LOG_RETURN,11.88843746308456,-5.193549834666435,-30.40366290021896,0.5304054054054054,11.63766891891892,-0.2507685441656413,-2.1548004665949585,INFORMATIVE
RF,FULL_without_USD,DELTA,12.230958433989152,-2.5394677833280106,-17.192921490313424,0.44256756756756754,11.63766891891892,-0.5932895150702322,-5.098009912498402,INFORMATIVE
RF,FULL_without_USD,LEVEL,14.770426217317162,0.0,0.0,0.4966216216216216,11.63766891891892,-3.132757298398243,-26.91911344294593,INFORMATIVE
RF,FULL_without_USD,LOG_RETURN,11.855684178586428,-2.9147420387307346,-19.733635277995084,0.5135135135135135,11.63766891891892,-0.21801525966750823,-1.873358498050147,INFORMATIVE
RF,FULL_without_commodities,DELTA,12.137107990058032,-2.7629560980702337,-18.543249758715056,0.46283783783783783,11.63766891891892,-0.499439071139113,-4.291573120173523,INFORMATIVE
RF,FULL_without_commodities,LEVEL,14.900064088128266,0.0,0.0,0.5067567567567568,11.63766891891892,-3.2623951692093467,-28.03306394037206,INFORMATIVE
RF,FULL_without_commodities,LOG_RETURN,11.912273148776674,-2.9877909393515925,-20.052201934702662,0.5236486486486487,11.63766891891892,-0.27460422985775423,-2.359615415861681,INFORMATIVE
RF,FULL_without_gold_lags,DELTA,12.335164831323551,-2.362455156082154,-16.073725937304996,0.46959459459459457,11.63766891891892,-0.6974959124046318,-5.99343319752583,INFORMATIVE
RF,FULL_without_gold_lags,LEVEL,14.697619987405705,0.0,0.0,0.5168918918918919,11.63766891891892,-3.059951068486786,-26.293505080835722,INFORMATIVE
RF,FULL_without_gold_lags,LOG_RETURN,12.076967065131422,-2.6206529222742834,-17.830457751118235,0.4831081081081081,11.63766891891892,-0.4392981462125025,-3.77479501499095,INFORMATIVE
RF,FULL_without_rates,DELTA,12.06030017606944,-2.994097152658046,-19.888522185770757,0.4797297297297297,11.63766891891892,-0.4226312571505204,-3.6315800019320426,INFORMATIVE
RF,FULL_without_rates,LEVEL,15.054397328727486,0.0,0.0,0.5101351351351351,11.63766891891892,-3.4167284098085666,-29.359216468635918,INFORMATIVE
RF,FULL_without_rates,LOG_RETURN,11.847756617137454,-3.2066407115900315,-21.30035923438113,0.5202702702702703,11.63766891891892,-0.21008769821853512,-1.805238658035747,INFORMATIVE
RF,FULL_without_risk,DELTA,12.103007442716793,-2.7195797859030453,-18.347537740590994,0.44256756756756754,11.63766891891892,-0.46533852379787355,-3.9985544101653403,INFORMATIVE
RF,FULL_without_risk,LEVEL,14.822587228619838,0.0,0.0,0.5168918918918919,11.63766891891892,-3.184918309700919,-27.36732185707154,INFORMATIVE
RF,FULL_without_risk,LOG_RETURN,11.909093330392006,-2.9134938982278324,-19.655771649650895,0.5202702702702703,11.63766891891892,-0.2714244114730864,-2.332291916569666,INFORMATIVE
SARIMAX,A2_v1_exog,DELTA,11.582401371096399,-0.5124978857669262,-4.2373059492505165,0.5135135135135135,11.63766891891892,0.05526754782252041,0.4749022180264473,INFORMATIVE
SARIMAX,A2_v1_exog,LEVEL,12.094899256863325,0.0,0.0,0.5,11.63766891891892,-0.4572303379444058,-3.9288825032743775,NO_IMPROVEMENT
SARIMAX,A2_v1_exog,LOG_RETURN,11.617765611732828,-0.47713364513049683,-3.944916241114984,0.5337837837837838,11.63766891891892,0.019903307186091013,0.1710248618066025,INFORMATIVE
