model,target,feature_set,n_features,n_origins,start_date,end_date,mae_usd,rmse_usd,native_mae,residual_mean_usd,residual_std_usd,directional_accuracy,correlation_return,persistence_mae,absolute_gain_vs_persistence,percent_gain_vs_persistence,same_origins_as_v1,directly_comparable_to_v1,runtime_seconds,status,notes
Holt_Winters,DELTA,A0_univariate,0,296,2007-06-07,2014-04-04,11.635233210126124,15.912477530769296,11.63523321012613,0.2543921959963759,15.937387960948268,0.527027027027027,-0.09284706608401226,11.63766891891892,0.0024357087927953103,0.020929524716377438,True,False,502.8225949000007,INFORMATIVE,target_date derived from frozen V1 manifest; raw output labels forecast origin
Holt_Winters,LEVEL,A0_univariate,0,296,2007-06-07,2014-04-04,12.071041347632383,16.378012925849276,12.071041347632383,0.740814197144952,16.388957476123043,0.4831081081081081,0.15414617181251034,11.63766891891892,-0.43337242871346326,-3.7238765918915777,True,True,470.0636989000013,NO_IMPROVEMENT,target_date derived from frozen V1 manifest; raw output labels forecast origin
Holt_Winters,LOG_RETURN,A0_univariate,0,296,2007-06-07,2014-04-04,11.6495421616652,15.958592114593696,0.009764887096655961,0.1869997025985666,15.98452018586067,0.5033783783783784,-0.13739560709491636,11.63766891891892,-0.01187324274628132,-0.10202423551489283,True,False,660.6876558000004,INFORMATIVE,target_date derived from frozen V1 manifest; raw output labels forecast origin
PLS,DELTA,A1_gold_price,1,296,2007-06-07,2014-04-04,11.6456112930601,15.921032302809943,11.645611293060096,0.44487962400671255,15.941766920906423,0.44256756756756754,-0.05074238769990786,11.63766891891892,-0.007942374141180153,-0.06824712231045287,True,False,4.418822300009197,INFORMATIVE,target_date derived from frozen V1 manifest; raw output labels forecast origin
PLS,DELTA,A2_v1_complete,12,296,2007-06-07,2014-04-04,11.585644421843641,15.848054322412084,11.585644421843648,0.22263214415431928,15.873326221909915,0.5033783783783784,0.08389946118180126,11.63766891891892,0.05202449707527812,0.44703537656672687,True,False,7.868845399993006,INFORMATIVE,target_date derived from frozen V1 manifest; raw output labels forecast origin
PLS,DELTA,A3_gold_technical_no_raw,16,296,2007-06-07,2014-04-04,11.64304930922572,15.861300355898514,11.643049309225722,0.29085151399643977,15.885489732856398,0.4966216216216216,0.09079780023834703,11.63766891891892,-0.00538039030680082,-0.04623254316896851,True,False,8.541776799989748,INFORMATIVE,target_date derived from frozen V1 manifest; raw output labels forecast origin
PLS,DELTA,A4_exogenous_only,7,296,2007-06-07,2014-04-04,11.737767507501456,16.046752976031136,11.737767507501454,0.20586340373420847,16.072605053372396,0.46959459459459457,-0.18671502327552017,11.63766891891892,-0.10009858858253651,-0.8601257629851456,True,False,2.6721901000128128,INFORMATIVE,target_date derived from frozen V1 manifest; raw output labels forecast origin
PLS,DELTA,A5_technical_usd,21,296,2007-06-07,2014-04-04,11.728887102618579,15.959538872950096,11.728887102618572,0.27327488685544704,15.984222279478283,0.42567567567567566,-0.048998863912790416,11.63766891891892,-0.0912181836996595,-0.7838183431337314,True,False,3.843246300006285,INFORMATIVE,target_date derived from frozen V1 manifest; raw output labels forecast origin
PLS,DELTA,A6_technical_usd_rates,22,296,2007-06-07,2014-04-04,11.713124695610663,15.958344209440048,11.713124695610663,-0.005878069229899244,15.985368282780858,0.4391891891891892,-0.040355303186657664,11.63766891891892,-0.07545577669174364,-0.6483753509182413,True,False,4.375747700003558,INFORMATIVE,target_date derived from frozen V1 manifest; raw output labels forecast origin
PLS,DELTA,A7_technical_usd_rates_risk,23,296,2007-06-07,2014-04-04,11.761703562549593,16.040751144561945,11.761703562549588,0.08140414322140467,16.06770894952712,0.44256756756756754,-0.09707387988763089,11.63766891891892,-0.12403464363067407,-1.0658031646615727,True,False,5.341809099991224,INFORMATIVE,target_date derived from frozen V1 manifest; raw output labels forecast origin
PLS,DELTA,A8_technical_all_core,27,296,2007-06-07,2014-04-04,11.763828648723502,16.0318707816096,11.763828648723495,-0.06436946688835121,16.058891011129933,0.46621621621621623,-0.08113074810580007,11.63766891891892,-0.12615972980458245,-1.0840635756486365,True,False,4.791910800006008,INFORMATIVE,target_date derived from frozen V1 manifest; raw output labels forecast origin
PLS,DELTA,FULL,39,296,2007-06-07,2014-04-04,11.755149920581522,16.011178884106535,11.755149920581522,0.12153917537051445,16.037831432971643,0.47297297297297297,-0.011350124091474312,11.63766891891892,-0.11748100166260222,-1.0094891208978956,True,False,8.036775200002012,INFORMATIVE,target_date derived from frozen V1 manifest; raw output labels forecast origin
PLS,DELTA,FULL_without_GOLD_PRICE,38,296,2007-06-07,2014-04-04,11.754921217375767,16.010138442449684,11.754921217375765,0.11373070732308307,16.03684667096737,0.47297297297297297,-0.010675050895326074,11.63766891891892,-0.11725229845684737,-1.007523923165014,True,False,8.156476400006795,INFORMATIVE,target_date derived from frozen V1 manifest; raw output labels forecast origin
PLS,DELTA,FULL_without_USD,37,296,2007-06-07,2014-04-04,11.756755408847502,16.0095553142108,11.7567554088475,0.1413866285312996,16.036041807287262,0.46959459459459457,-0.01627803627995724,11.63766891891892,-0.1190864899285824,-1.0232847381917523,True,False,9.876725100009937,INFORMATIVE,target_date derived from frozen V1 manifest; raw output labels forecast origin
PLS,DELTA,FULL_without_commodities,37,296,2007-06-07,2014-04-04,11.738787262855162,15.989966688721037,11.738787262855167,0.08524424924876857,16.016817788940536,0.46283783783783783,-0.0027176559674764013,11.63766891891892,-0.10111834393624264,-0.8688883026381543,True,False,9.054318000009516,INFORMATIVE,target_date derived from frozen V1 manifest; raw output labels forecast origin
PLS,DELTA,FULL_without_gold_lags,23,296,2007-06-07,2014-04-04,11.739496892579547,16.022529631465705,11.73949689257954,0.2782083512599066,16.047243867873682,0.5101351351351351,-0.03936649726928486,11.63766891891892,-0.10182797366062779,-0.8749859990868952,True,False,5.625249499993515,INFORMATIVE,target_date derived from frozen V1 manifest; raw output labels forecast origin
PLS,DELTA,FULL_without_rates,34,296,2007-06-07,2014-04-04,11.749161254593615,15.994830700163954,11.749161254593622,0.15524180717274383,16.02116298451447,0.4594594594594595,-0.0007981335643665429,11.63766891891892,-0.1114923356746953,-0.9580297948968665,True,False,6.301842000000761,INFORMATIVE,target_date derived from frozen V1 manifest; raw output labels forecast origin
PLS,DELTA,FULL_without_risk,37,296,2007-06-07,2014-04-04,11.722488377302303,15.951244347084439,11.722488377302302,0.053038379455048655,15.978169154639078,0.4797297297297297,0.021697422496970976,11.63766891891892,-0.08481945838338412,-0.7288354650259583,True,False,8.561244900003658,INFORMATIVE,target_date derived from frozen V1 manifest; raw output labels forecast origin
PLS,LEVEL,A1_gold_price,1,296,2007-06-07,2014-04-04,11.645611293060108,15.92103230280996,11.645611293060108,0.44487962400673714,15.941766920906439,0.44256756756756754,-0.05074238769998567,11.63766891891892,-0.007942374141189035,-0.06824712231052919,True,False,16.44534350000322,INFORMATIVE,target_date derived from frozen V1 manifest; raw output labels forecast origin
PLS,LEVEL,A2_v1_complete,12,296,2007-06-07,2014-04-04,11.600211690058291,15.855597969221758,11.600211690058291,0.23371516085807179,15.880723609736831,0.5304054054054054,0.07819249571044226,11.63766891891892,0.03745722886062808,0.3218619563900402,True,True,40.8855184000131,NO_IMPROVEMENT,target_date derived from frozen V1 manifest; raw output labels forecast origin
PLS,LEVEL,A3_gold_technical_no_raw,16,296,2007-06-07,2014-04-04,858.2800594749903,914.7288611023355,858.2800594749903,858.2800594749903,316.8966667756637,0.4594594594594595,0.05013357779955978,11.63766891891892,-846.6423905560713,-7275.016985400888,True,False,32.973480100001325,INFORMATIVE,target_date derived from frozen V1 manifest; raw output labels forecast origin
PLS,LEVEL,A4_exogenous_only,7,296,2007-06-07,2014-04-04,190.5090905373284,216.91961731835045,190.5090905373284,142.99911047923874,163.3877672618231,0.44932432432432434,0.02172899790736965,11.63766891891892,-178.8714216184095,-1537.003869629123,True,False,5.915817699991749,INFORMATIVE,target_date derived from frozen V1 manifest; raw output labels forecast origin
PLS,LEVEL,A5_technical_usd,21,296,2007-06-07,2014-04-04,515.9747354839787,577.7055254840988,515.9747354839787,515.93314270056,260.35681686279025,0.4594594594594595,0.022459829331956886,11.63766891891892,-504.33706656505984,-4333.660547304092,True,False,10.400377699988894,INFORMATIVE,target_date derived from frozen V1 manifest; raw output labels forecast origin
PLS,LEVEL,A6_technical_usd_rates,22,296,2007-06-07,2014-04-04,222.15074798944033,255.95690313917774,222.15074798944033,216.38893987213768,136.94202457356832,0.48986486486486486,0.07666972552640515,11.63766891891892,-210.51307907052143,-1808.89386471803,True,False,14.515988500003004,INFORMATIVE,target_date derived from frozen V1 manifest; raw output labels forecast origin
PLS,LEVEL,A7_technical_usd_rates_risk,23,296,2007-06-07,2014-04-04,228.96837132306703,260.68932123049575,228.96837132306703,224.41734247108838,132.87371940664443,0.48986486486486486,0.08019478374567073,11.63766891891892,-217.3307024041481,-1867.4762438965915,True,False,11.627309999996214,INFORMATIVE,target_date derived from frozen V1 manifest; raw output labels forecast origin
PLS,LEVEL,A8_technical_all_core,27,296,2007-06-07,2014-04-04,190.07580556482668,217.81271684670094,190.07580556482668,143.81236980678065,163.8630375335396,0.4594594594594595,0.028092042232710647,11.63766891891892,-178.43813664590778,-1533.2807445297537,True,False,13.701867099996887,INFORMATIVE,target_date derived from frozen V1 manifest; raw output labels forecast origin
PLS,LEVEL,FULL,39,296,2007-06-07,2014-04-04,13.880661784233098,19.799425647763332,13.880661784233098,-0.5964252202266386,19.823955184355494,0.5236486486486487,0.09104924012991356,11.63766891891892,-2.2429928653141786,-19.273557968880088,True,False,8.12921740001184,INFORMATIVE,target_date derived from frozen V1 manifest; raw output labels forecast origin
PLS,LEVEL,FULL_without_GOLD_PRICE,38,296,2007-06-07,2014-04-04,15.547838135308856,22.074263883668674,15.547838135308856,-0.6051133179229432,22.103336760753,0.527027027027027,0.09059078611500998,11.63766891891892,-3.910169216389937,-33.599247784350716,True,False,7.627735000001849,INFORMATIVE,target_date derived from frozen V1 manifest; raw output labels forecast origin
PLS,LEVEL,FULL_without_USD,37,296,2007-06-07,2014-04-04,14.11588857591246,20.02953536220566,14.11588857591246,-0.8662052104915271,20.044684379800188,0.5236486486486487,0.09645737849380745,11.63766891891892,-2.4782196569935415,-21.29481148037124,True,False,14.61171739999554,INFORMATIVE,target_date derived from frozen V1 manifest; raw output labels forecast origin
PLS,LEVEL,FULL_without_commodities,37,296,2007-06-07,2014-04-04,13.88845239434622,19.694435582965344,13.88845239434622,-0.711015931086173,19.71492713192814,0.527027027027027,0.10148761749172114,11.63766891891892,-2.2507834754273013,-19.340501015356153,True,False,8.759057500006747,INFORMATIVE,target_date derived from frozen V1 manifest; raw output labels forecast origin
PLS,LEVEL,FULL_without_gold_lags,23,296,2007-06-07,2014-04-04,15.512238543407943,21.331753993172445,15.512238543407943,-1.3097043124123011,21.32756689100418,0.527027027027027,0.09248190262388323,11.63766891891892,-3.8745696244890233,-33.293348105051194,True,False,7.3692750000045635,INFORMATIVE,target_date derived from frozen V1 manifest; raw output labels forecast origin
PLS,LEVEL,FULL_without_rates,34,296,2007-06-07,2014-04-04,13.867405664514065,19.67340871448239,13.867405664514065,-1.0016029691878678,19.681168955051543,0.527027027027027,0.09799344584479086,11.63766891891892,-2.2297367455951456,-19.159650967302795,True,False,9.106022200008738,INFORMATIVE,target_date derived from frozen V1 manifest; raw output labels forecast origin
PLS,LEVEL,FULL_without_risk,37,296,2007-06-07,2014-04-04,14.014035584737107,19.85735613927239,14.014035584737107,-0.997058791865679,19.86589429964772,0.5202702702702703,0.08595735462072934,11.63766891891892,-2.3763666658181872,-20.41961051113095,True,False,12.616199700001744,INFORMATIVE,target_date derived from frozen V1 manifest; raw output labels forecast origin
PLS,LOG_RETURN,A1_gold_price,1,296,2007-06-07,2014-04-04,11.690691901045781,15.928431749553317,0.009799113644768235,1.0673571721832797,15.919543819956974,0.4594594594594595,0.061098908262275646,11.63766891891892,-0.05302298212686196,-0.4556151450628098,True,False,4.148444500009646,INFORMATIVE,target_date derived from frozen V1 manifest; raw output labels forecast origin
PLS,LOG_RETURN,A2_v1_complete,12,296,2007-06-07,2014-04-04,11.646686551504372,15.839365189785342,0.009728476824162308,0.5665571506460868,15.8560358793024,0.4797297297297297,0.108225243985826,11.63766891891892,-0.009017632585452517,-0.07748658814990769,True,False,9.031509799999183,INFORMATIVE,target_date derived from frozen V1 manifest; raw output labels forecast origin
PLS,LOG_RETURN,A3_gold_technical_no_raw,16,296,2007-06-07,2014-04-04,11.634309569417361,15.842784225075686,0.009740849709548728,0.035535211481962085,15.86957376402728,0.5033783783783784,0.08684174683991606,11.63766891891892,0.003359349501558029,0.028866171782021235,True,False,13.123423299999558,INFORMATIVE,target_date derived from frozen V1 manifest; raw output labels forecast origin
PLS,LOG_RETURN,A4_exogenous_only,7,296,2007-06-07,2014-04-04,11.75184392582285,16.0725032552832,0.009904442062753946,0.13228208706266018,16.099176445174834,0.48986486486486486,-0.15170305701045486,11.63766891891892,-0.11417500690393112,-0.9810814150101926,True,False,4.193692800006829,INFORMATIVE,target_date derived from frozen V1 manifest; raw output labels forecast origin
PLS,LOG_RETURN,A5_technical_usd,21,296,2007-06-07,2014-04-04,11.74005993699086,15.942111789054817,0.009885520328481768,0.37119655415840097,15.964780077070165,0.4560810810810811,0.020694501039025967,11.63766891891892,-0.10239101807194118,-0.8798241192915186,True,False,5.591992200003006,INFORMATIVE,target_date derived from frozen V1 manifest; raw output labels forecast origin
PLS,LOG_RETURN,A6_technical_usd_rates,22,296,2007-06-07,2014-04-04,11.68398112203722,15.93578295828147,0.009839714537261969,-0.37585699472842177,15.958329355218295,0.47297297297297297,0.03047673054546648,11.63766891891892,-0.0463122031183012,-0.3979508563180827,True,False,5.164136999999755,INFORMATIVE,target_date derived from frozen V1 manifest; raw output labels forecast origin
PLS,LOG_RETURN,A7_technical_usd_rates_risk,23,296,2007-06-07,2014-04-04,11.755883713066606,16.06546335841314,0.009896344757632475,-0.2287858418138252,16.09103802656999,0.4864864864864865,-0.013939202511215054,11.63766891891892,-0.11821479414768632,-1.0157944427814833,True,False,5.335532999990392,INFORMATIVE,target_date derived from frozen V1 manifest; raw output labels forecast origin
PLS,LOG_RETURN,A8_technical_all_core,27,296,2007-06-07,2014-04-04,11.79574886335583,16.117086776382145,0.009935119331659734,-0.3849426640948147,16.139775308711165,0.47635135135135137,-0.03649814340221729,11.63766891891892,-0.15807994443690987,-1.3583471530103874,True,False,5.628608900005929,INFORMATIVE,target_date derived from frozen V1 manifest; raw output labels forecast origin
PLS,LOG_RETURN,FULL,39,296,2007-06-07,2014-04-04,11.805276000481998,16.088607329538444,0.0099478900222241,-0.1898226368155691,16.114731331711454,0.4560810810810811,0.01109958428793949,11.63766891891892,-0.16760708156307835,-1.4402118047077783,True,False,7.851632199992309,INFORMATIVE,target_date derived from frozen V1 manifest; raw output labels forecast origin
PLS,LOG_RETURN,FULL_without_GOLD_PRICE,38,296,2007-06-07,2014-04-04,11.804095143922137,16.086653508272946,0.009946861669505607,-0.20957279935955234,16.112528455195886,0.4560810810810811,0.011959466871538938,11.63766891891892,-0.16642622500321735,-1.4300649568459927,True,False,7.021131000001333,INFORMATIVE,target_date derived from frozen V1 manifest; raw output labels forecast origin
PLS,LOG_RETURN,FULL_without_USD,37,296,2007-06-07,2014-04-04,11.812785387345183,16.085264321933185,0.00997424070865436,-0.0168277109584223,16.11249559938316,0.46959459459459457,0.010363669065305347,11.63766891891892,-0.17511646842626405,-1.5047383599440933,True,False,11.031862600008026,INFORMATIVE,target_date derived from frozen V1 manifest; raw output labels forecast origin
PLS,LOG_RETURN,FULL_without_commodities,37,296,2007-06-07,2014-04-04,11.776022861733754,16.054632511547123,0.009916735702583017,-0.341476375564404,16.078182629176926,0.4797297297297297,0.022572498095865937,11.63766891891892,-0.1383539428148346,-1.188845839993934,True,False,6.5433174000063445,INFORMATIVE,target_date derived from frozen V1 manifest; raw output labels forecast origin
PLS,LOG_RETURN,FULL_without_gold_lags,23,296,2007-06-07,2014-04-04,11.79289475192507,16.094619104656466,0.009921352371862625,0.2681199624755656,16.119637801338406,0.5371621621621622,-0.03145051013978134,11.63766891891892,-0.1552258330061509,-1.3338223839123495,True,False,4.262230399996042,INFORMATIVE,target_date derived from frozen V1 manifest; raw output labels forecast origin
PLS,LOG_RETURN,FULL_without_rates,34,296,2007-06-07,2014-04-04,11.79731224431439,16.072365874258182,0.009928038544070133,-0.17422622416899386,16.098638182806905,0.46959459459459457,0.018555587410955435,11.63766891891892,-0.15964332539547144,-1.3717809512173464,True,False,6.791583599988371,INFORMATIVE,target_date derived from frozen V1 manifest; raw output labels forecast origin
PLS,LOG_RETURN,FULL_without_risk,37,296,2007-06-07,2014-04-04,11.745953944807061,15.979326459834764,0.009899534768161494,-0.2603735390081329,16.004262101832758,0.4831081081081081,0.04963845427982378,11.63766891891892,-0.10828502588814182,-0.9304700678682045,True,False,7.300885200005723,INFORMATIVE,target_date derived from frozen V1 manifest; raw output labels forecast origin
Persistence,DELTA,A0_persistence,0,296,2007-06-07,2014-04-04,11.63766891891892,15.907177168591948,11.63766891891892,0.3839527027027034,15.929473405208563,0.0033783783783783786,,11.63766891891892,0.0,0.0,True,False,0.0,INFORMATIVE,target_date derived from frozen V1 manifest; raw output labels forecast origin
Persistence,LEVEL,A0_persistence,0,296,2007-06-07,2014-04-04,11.63766891891892,15.907177168591948,11.63766891891892,0.3839527027027034,15.929473405208563,0.0033783783783783786,,11.63766891891892,0.0,0.0,True,True,0.0,NO_IMPROVEMENT,target_date derived from frozen V1 manifest; raw output labels forecast origin
Persistence,LOG_RETURN,A0_persistence,0,296,2007-06-07,2014-04-04,11.63766891891892,15.907177168591948,0.009752275390791959,0.3839527027027034,15.929473405208563,0.0033783783783783786,,11.63766891891892,0.0,0.0,True,False,0.0,INFORMATIVE,target_date derived from frozen V1 manifest; raw output labels forecast origin
RF,DELTA,A1_gold_price,1,296,2007-06-07,2014-04-04,12.419350216801286,16.991837238581116,12.419350216801288,0.8611535014299868,16.998739776545992,0.5168918918918919,-0.018907466244909486,11.63766891891892,-0.7816812978823666,-6.716820209686639,True,False,1130.1463684999908,INFORMATIVE,target_date derived from frozen V1 manifest; raw output labels forecast origin
RF,DELTA,A2_v1_complete,12,296,2007-06-07,2014-04-04,12.586225199114935,17.008128065125163,12.586225199114931,1.2338772767047423,16.992039439763996,0.47635135135135137,-0.041273991739911794,11.63766891891892,-0.9485562801960157,-8.150741242122669,True,False,5704.982286599989,INFORMATIVE,target_date derived from frozen V1 manifest; raw output labels forecast origin
RF,DELTA,A3_gold_technical_no_raw,16,296,2007-06-07,2014-04-04,11.460738528859148,15.672548229740519,11.460738528859153,0.23941937230884644,15.697257466151445,0.5641891891891891,0.26491388968409535,11.63766891891892,0.17693039005977163,1.520325000586179,True,False,12033.507907100002,INFORMATIVE,target_date derived from frozen V1 manifest; raw output labels forecast origin
RF,DELTA,A4_exogenous_only,7,296,2007-06-07,2014-04-04,12.827091608612335,17.605376781544077,12.827091608612335,1.0926877797866508,17.60119181352494,0.43243243243243246,-0.15192742321378822,11.63766891891892,-1.1894226896934157,-10.22045478334425,True,False,1429.503710500001,INFORMATIVE,target_date derived from frozen V1 manifest; raw output labels forecast origin
RF,DELTA,A5_technical_usd,21,296,2007-06-07,2014-04-04,12.037192121146216,16.27941759133223,12.037192121146209,0.4702699208016808,16.300181122120634,0.4864864864864865,-0.03785826951783303,11.63766891891892,-0.39952320222729654,-3.4330174282394883,True,False,5564.714372999999,INFORMATIVE,target_date derived from frozen V1 manifest; raw output labels forecast origin
RF,DELTA,A6_technical_usd_rates,22,296,2007-06-07,2014-04-04,12.417429558722693,16.91006646096962,12.417429558722693,0.536811621632185,16.930166194504775,0.4391891891891892,-0.07319902069929773,11.63766891891892,-0.779760639803774,-6.700316405600322,True,False,4453.775284900003,INFORMATIVE,target_date derived from frozen V1 manifest; raw output labels forecast origin
RF,DELTA,A7_technical_usd_rates_risk,23,296,2007-06-07,2014-04-04,12.22499209544899,16.56042723382825,12.224992095448986,0.29100491124523115,16.585910666436778,0.4594594594594595,-0.05852365939599246,11.63766891891892,-0.5873231765300702,-5.046742441480536,True,False,4833.728840899996,INFORMATIVE,target_date derived from frozen V1 manifest; raw output labels forecast origin
RF,DELTA,A8_technical_all_core,27,296,2007-06-07,2014-04-04,12.15793300975286,16.59286203100755,12.157933009752862,0.03149718297285861,16.620931787605056,0.49324324324324326,-0.06337123816710362,11.63766891891892,-0.5202640908339404,-4.47051806043534,True,False,7710.245024600001,INFORMATIVE,target_date derived from frozen V1 manifest; raw output labels forecast origin
RF,DELTA,FULL,39,296,2007-06-07,2014-04-04,12.163167148089903,16.83398983639152,12.163167148089908,0.7263705456169655,16.846792934661277,0.46621621621621623,-0.060833731696672076,11.63766891891892,-0.5254982291709833,-4.515493891707992,True,False,8035.260496200004,INFORMATIVE,target_date derived from frozen V1 manifest; raw output labels forecast origin
RF,DELTA,FULL_without_GOLD_PRICE,38,296,2007-06-07,2014-04-04,12.203372604565608,16.886285621022505,12.203372604565608,0.7497865069810599,16.898199766872708,0.47297297297297297,-0.06821741188363571,11.63766891891892,-0.5657036856466888,-4.860970780213946,True,False,9055.178419700002,INFORMATIVE,target_date derived from frozen V1 manifest; raw output labels forecast origin
RF,DELTA,FULL_without_USD,37,296,2007-06-07,2014-04-04,12.230958433989152,16.84136699334348,12.230958433989157,0.7132319376848067,16.854752480987898,0.44256756756756754,-0.06572545615370404,11.63766891891892,-0.5932895150702322,-5.098009912498402,True,False,12058.690324199995,INFORMATIVE,target_date derived from frozen V1 manifest; raw output labels forecast origin
RF,DELTA,FULL_without_commodities,37,296,2007-06-07,2014-04-04,12.137107990058032,16.79283310814461,12.137107990058032,0.7145408488852996,16.806036834190397,0.46283783783783783,-0.04565928742359765,11.63766891891892,-0.499439071139113,-4.291573120173523,True,False,6713.392220399997,INFORMATIVE,target_date derived from frozen V1 manifest; raw output labels forecast origin
RF,DELTA,FULL_without_gold_lags,23,296,2007-06-07,2014-04-04,12.335164831323551,17.054391016298183,12.33516483132354,1.064641401570136,17.049952763030646,0.46959459459459457,-0.08195109226563789,11.63766891891892,-0.6974959124046318,-5.99343319752583,True,False,2375.359971299993,INFORMATIVE,target_date derived from frozen V1 manifest; raw output labels forecast origin
RF,DELTA,FULL_without_rates,34,296,2007-06-07,2014-04-04,12.06030017606944,16.583573427069602,12.060300176069434,0.48348891938402355,16.604595977859965,0.4797297297297297,-0.035728200818509,11.63766891891892,-0.4226312571505204,-3.6315800019320426,True,False,8226.017789299993,INFORMATIVE,target_date derived from frozen V1 manifest; raw output labels forecast origin
RF,DELTA,FULL_without_risk,37,296,2007-06-07,2014-04-04,12.103007442716793,16.75312616150992,12.10300744271679,0.6519296857896135,16.768786405356998,0.44256756756756754,-0.04051198810499017,11.63766891891892,-0.46533852379787355,-3.9985544101653403,True,False,13196.378496400008,INFORMATIVE,target_date derived from frozen V1 manifest; raw output labels forecast origin
RF,LEVEL,A1_gold_price,1,296,2007-06-07,2014-04-04,14.074139999898458,20.393328692843145,14.074139999898458,3.4983735253643307,20.12504758634276,0.527027027027027,0.014341010918098304,11.63766891891892,-2.4364710809795387,-20.936074895709222,True,False,308.3491766000079,INFORMATIVE,target_date derived from frozen V1 manifest; raw output labels forecast origin
RF,LEVEL,A2_v1_complete,12,296,2007-06-07,2014-04-04,14.282617565086332,20.782739586346445,14.282617565086332,3.1615057655686667,20.575650840740366,0.5033783783783784,0.03955079766374207,11.63766891891892,-2.6449486461674123,-22.727478024981608,True,True,2760.043967999998,NO_IMPROVEMENT,target_date derived from frozen V1 manifest; raw output labels forecast origin
RF,LEVEL,A3_gold_technical_no_raw,16,296,2007-06-07,2014-04-04,657.8851865978653,731.2433122887098,657.8851865978653,657.8851865978653,319.76444431152635,0.46283783783783783,0.01055987427443226,11.63766891891892,-646.2475176789463,-5553.0667024593395,True,False,5995.139833299996,INFORMATIVE,target_date derived from frozen V1 manifest; raw output labels forecast origin
RF,LEVEL,A4_exogenous_only,7,296,2007-06-07,2014-04-04,38.14061691906592,62.54708617741089,38.14061691906592,18.641112840342068,59.805772716153925,0.5135135135135135,-0.10247474298182702,11.63766891891892,-26.502948000147,-227.73416381576345,True,False,1062.7302599000104,INFORMATIVE,target_date derived from frozen V1 manifest; raw output labels forecast origin
RF,LEVEL,A5_technical_usd,21,296,2007-06-07,2014-04-04,171.2372090267469,275.0704980463694,171.2372090267469,155.12306914500388,227.54236889949033,0.4831081081081081,-0.023902635966382473,11.63766891891892,-159.59954010782798,-1371.4047136052568,True,False,1644.5929699000117,INFORMATIVE,target_date derived from frozen V1 manifest; raw output labels forecast origin
RF,LEVEL,A6_technical_usd_rates,22,296,2007-06-07,2014-04-04,39.931491090433674,67.79682701911085,39.931491090433674,26.131353797530437,62.66441107023687,0.49324324324324326,-7.2073631928365e-05,11.63766891891892,-28.293822171514755,-243.12276254498488,True,False,1403.9399577000004,INFORMATIVE,target_date derived from frozen V1 manifest; raw output labels forecast origin
RF,LEVEL,A7_technical_usd_rates_risk,23,296,2007-06-07,2014-04-04,41.60399693372335,66.85668846693649,41.60399693372335,26.415848822214908,61.5207788580824,0.5,-0.030471258910215085,11.63766891891892,-29.966328014804432,-257.49424754719826,True,False,1883.6352404000063,INFORMATIVE,target_date derived from frozen V1 manifest; raw output labels forecast origin
RF,LEVEL,A8_technical_all_core,27,296,2007-06-07,2014-04-04,39.5006681966449,65.19121436024538,39.5006681966449,23.045273147499547,61.08531697787766,0.5168918918918919,-0.021948138190186383,11.63766891891892,-27.862999277725983,-239.4207935614164,True,False,2405.257820700004,INFORMATIVE,target_date derived from frozen V1 manifest; raw output labels forecast origin
RF,LEVEL,FULL,39,296,2007-06-07,2014-04-04,14.990568675344973,21.289896732840802,14.990568675344973,4.78128154080173,20.781194132007485,0.5135135135135135,0.0445182487403293,11.63766891891892,-3.352899756426053,-28.810750501549073,True,False,3122.206219,INFORMATIVE,target_date derived from frozen V1 manifest; raw output labels forecast origin
RF,LEVEL,FULL_without_GOLD_PRICE,38,296,2007-06-07,2014-04-04,17.081987297750995,23.37724698558169,17.081987297750995,4.916233800357017,22.89316316165779,0.5371621621621622,0.11113523552499971,11.63766891891892,-5.444318378832076,-46.78186341924071,True,False,3137.8802693000034,INFORMATIVE,target_date derived from frozen V1 manifest; raw output labels forecast origin
RF,LEVEL,FULL_without_USD,37,296,2007-06-07,2014-04-04,14.770426217317162,21.09437082636491,14.770426217317162,4.4521095753230755,20.654113183601016,0.4966216216216216,0.057691092980253475,11.63766891891892,-3.132757298398243,-26.91911344294593,True,False,2692.5725621000165,INFORMATIVE,target_date derived from frozen V1 manifest; raw output labels forecast origin
RF,LEVEL,FULL_without_commodities,37,296,2007-06-07,2014-04-04,14.900064088128266,21.175837657931446,14.900064088128266,4.766633204392055,20.66732550074191,0.5067567567567568,0.05242964367766913,11.63766891891892,-3.2623951692093467,-28.03306394037206,True,False,3300.1157084000006,INFORMATIVE,target_date derived from frozen V1 manifest; raw output labels forecast origin
RF,LEVEL,FULL_without_gold_lags,23,296,2007-06-07,2014-04-04,14.697619987405705,21.3031890883343,14.697619987405705,4.076441419466436,20.94494099698729,0.5168918918918919,0.041425991749490056,11.63766891891892,-3.059951068486786,-26.293505080835722,True,False,6394.769557499996,INFORMATIVE,target_date derived from frozen V1 manifest; raw output labels forecast origin
RF,LEVEL,FULL_without_rates,34,296,2007-06-07,2014-04-04,15.054397328727486,21.335772813904587,15.054397328727486,4.701870547112462,20.84648114985527,0.5101351351351351,0.023404836234959075,11.63766891891892,-3.4167284098085666,-29.359216468635918,True,False,3303.1129848999844,INFORMATIVE,target_date derived from frozen V1 manifest; raw output labels forecast origin
RF,LEVEL,FULL_without_risk,37,296,2007-06-07,2014-04-04,14.822587228619838,21.17856814108126,14.822587228619838,4.692265447351582,20.68719906080395,0.5168918918918919,0.048463006891735924,11.63766891891892,-3.184918309700919,-27.36732185707154,True,False,3408.359261300008,INFORMATIVE,target_date derived from frozen V1 manifest; raw output labels forecast origin
RF,LOG_RETURN,A1_gold_price,1,296,2007-06-07,2014-04-04,12.347270632341411,16.909969592193526,0.01039947326140846,0.9755627868569724,16.91039428239747,0.5135135135135135,-0.020157245242013153,11.63766891891892,-0.7096017134224919,-6.0974557565297225,True,False,849.0291174000013,INFORMATIVE,target_date derived from frozen V1 manifest; raw output labels forecast origin
RF,LOG_RETURN,A2_v1_complete,12,296,2007-06-07,2014-04-04,12.674424480610856,17.16790495994519,0.010745209070857992,1.0167477694989355,17.166793197997624,0.4797297297297297,-0.10355490184760384,11.63766891891892,-1.0367555616919368,-8.908618804290972,True,False,7480.855546999999,INFORMATIVE,target_date derived from frozen V1 manifest; raw output labels forecast origin
RF,LOG_RETURN,A3_gold_technical_no_raw,16,296,2007-06-07,2014-04-04,11.298641160198422,15.457242924566328,0.009418974133428428,-0.16242957422575596,15.482564577219408,0.5371621621621622,0.2493199289474114,11.63766891891892,0.33902775872049773,2.913193020720439,True,False,11094.196676399995,INFORMATIVE,target_date derived from frozen V1 manifest; raw output labels forecast origin
RF,LOG_RETURN,A4_exogenous_only,7,296,2007-06-07,2014-04-04,12.61298378697061,17.208259588073172,0.0106484706693056,1.08147791664279,17.20332670387069,0.4391891891891892,-0.09989118905781567,11.63766891891892,-0.9753148680516901,-8.3806720645417,True,False,998.3324673000023,INFORMATIVE,target_date derived from frozen V1 manifest; raw output labels forecast origin
RF,LOG_RETURN,A5_technical_usd,21,296,2007-06-07,2014-04-04,11.823604779072289,16.219325353729882,0.009997400315130781,0.4947948844265079,16.239230706703736,0.5304054054054054,0.03320297812887474,11.63766891891892,-0.1859358601533696,-1.597707079044848,True,False,4968.972798199975,INFORMATIVE,target_date derived from frozen V1 manifest; raw output labels forecast origin
RF,LOG_RETURN,A6_technical_usd_rates,22,296,2007-06-07,2014-04-04,11.937633437152902,16.252530623787816,0.01007430216487325,0.33402014648770645,16.276615433044928,0.5,0.01824264274639827,11.63766891891892,-0.29996451823398296,-2.5775309499167998,True,False,9357.580197100004,INFORMATIVE,target_date derived from frozen V1 manifest; raw output labels forecast origin
RF,LOG_RETURN,A7_technical_usd_rates_risk,23,296,2007-06-07,2014-04-04,11.885957018185755,16.17574337057029,0.010055942793455848,0.21322185775518715,16.201728948213567,0.5135135135135135,0.030361061685154896,11.63766891891892,-0.24828809926683526,-2.1334865340876186,True,False,2350.938100800005,INFORMATIVE,target_date derived from frozen V1 manifest; raw output labels forecast origin
RF,LOG_RETURN,A8_technical_all_core,27,296,2007-06-07,2014-04-04,11.78497628597396,16.105597830603294,0.00998575083898811,-0.035287637258448586,16.13283363617443,0.5304054054054054,0.053416864971231326,11.63766891891892,-0.14730736705504022,-1.2657806995657712,True,False,2795.055843500013,INFORMATIVE,target_date derived from frozen V1 manifest; raw output labels forecast origin
RF,LOG_RETURN,FULL,39,296,2007-06-07,2014-04-04,11.880127923686068,16.31623347010265,0.010062321618386867,0.6716424971675368,16.330011657654236,0.5472972972972973,0.013451582449723382,11.63766891891892,-0.24245900476714866,-2.0833983717563247,True,False,3608.132400800008,INFORMATIVE,target_date derived from frozen V1 manifest; raw output labels forecast origin
RF,LOG_RETURN,FULL_without_GOLD_PRICE,38,296,2007-06-07,2014-04-04,11.88843746308456,16.324599882771277,0.010070405488410475,0.668506287523284,16.338528402929228,0.5304054054054054,0.014729412979080125,11.63766891891892,-0.2507685441656413,-2.1548004665949585,True,False,3453.575512099982,INFORMATIVE,target_date derived from frozen V1 manifest; raw output labels forecast origin
RF,LOG_RETURN,FULL_without_USD,37,296,2007-06-07,2014-04-04,11.855684178586428,16.277759472056328,0.010051948437168438,0.5809464440799259,16.294937820480612,0.5135135135135135,0.0216877246967523,11.63766891891892,-0.21801525966750823,-1.873358498050147,True,False,4409.5176440999785,INFORMATIVE,target_date derived from frozen V1 manifest; raw output labels forecast origin
RF,LOG_RETURN,FULL_without_commodities,37,296,2007-06-07,2014-04-04,11.912273148776674,16.33350073381555,0.010073308864098447,0.7125513771060333,16.34558489705702,0.5236486486486487,0.010790186178552964,11.63766891891892,-0.27460422985775423,-2.359615415861681,True,False,3450.6104436999885,INFORMATIVE,target_date derived from frozen V1 manifest; raw output labels forecast origin
RF,LOG_RETURN,FULL_without_gold_lags,23,296,2007-06-07,2014-04-04,12.076967065131422,16.78275776446776,0.010207711291403911,1.106359113386051,16.774610616828852,0.4831081081081081,-0.05242885163407724,11.63766891891892,-0.4392981462125025,-3.77479501499095,True,False,1846.6929024000128,INFORMATIVE,target_date derived from frozen V1 manifest; raw output labels forecast origin
RF,LOG_RETURN,FULL_without_rates,34,296,2007-06-07,2014-04-04,11.847756617137454,16.22827013737469,0.010058972707938207,0.639932447763763,16.24310883678934,0.5202702702702703,0.03256849427062397,11.63766891891892,-0.21008769821853512,-1.805238658035747,True,False,3271.4850678000075,INFORMATIVE,target_date derived from frozen V1 manifest; raw output labels forecast origin
RF,LOG_RETURN,FULL_without_risk,37,296,2007-06-07,2014-04-04,11.909093330392006,16.34322582569097,0.010073682815732003,0.5668704063918107,16.361052113432017,0.5202702702702703,0.008464527970973263,11.63766891891892,-0.2714244114730864,-2.332291916569666,True,False,3316.406496700016,INFORMATIVE,target_date derived from frozen V1 manifest; raw output labels forecast origin
SARIMAX,DELTA,A2_v1_exog,6,296,2007-06-07,2014-04-04,11.582401371096399,15.82774861400099,11.582401371096402,0.09967078924025896,15.85423825159905,0.5135135135135135,0.11931501876338095,11.63766891891892,0.05526754782252041,0.4749022180264473,True,False,16465.0759994,INFORMATIVE,target_date derived from frozen V1 manifest; raw output labels forecast origin
SARIMAX,LEVEL,A2_v1_exog,6,296,2007-06-07,2014-04-04,12.094899256863325,16.42951336992001,12.094899256863325,0.8568077129550633,16.434941886957088,0.5,0.1588053991125563,11.63766891891892,-0.4572303379444058,-3.9288825032743775,True,True,2282.9836675,NO_IMPROVEMENT,target_date derived from frozen V1 manifest; raw output labels forecast origin
SARIMAX,LOG_RETURN,A2_v1_exog,6,296,2007-06-07,2014-04-04,11.617765611732828,15.9268574642057,0.009720085364900604,-0.33738874493393173,15.950249286176398,0.5337837837837838,-0.006139161998535095,11.63766891891892,0.019903307186091013,0.1710248618066025,True,False,10604.127789600005,INFORMATIVE,target_date derived from frozen V1 manifest; raw output labels forecast origin
