feature,importance
y_lag_1,0.15682027303809948
y_lag_168,0.15526408697516816
y_lag_336,0.15212130712723818
y_lag_167,0.0850739505863649
y_lag_169,0.07737972584553035
hour_cos,0.07295467971441581
y_lag_24,0.0660034893157287
y_lag_23,0.042070691936792616
y_lag_25,0.032177547559433646
y_lag_2,0.029408816543298747
y_lag_48,0.020099520727170153
y_lag_72,0.016286507480359536
y_roll_mean_6,0.014481761961544663
y_lag_12,0.013887774308474566
y_lag_3,0.012985868325141623
y_lag_6,0.008797008079355793
hour_sin,0.008311308800824178
y_roll_std_6,0.008130610807983208
y_roll_mean_24,0.0072339751171156454
y_roll_std_24,0.005631319425301272
dow_sin,0.0037631727002786163
is_weekend,0.0036134687531293496
y_roll_std_168,0.0014734252811922882
temp_lag_1,0.0012516909246394223
is_holiday,0.0011705569431812335
y_roll_mean_168,0.0011545788554677648
dow_cos,0.0008774753731448422
clouds_lag_1,0.0005914502664785345
month_sin,0.00048763517003717617
month_cos,0.00047608522362535695
rain_lag_1,1.0671504191702266e-05
observed_lag_24,4.107928078486079e-06
observed_lag_1,3.0061558744345634e-06
observed_lag_168,1.3472042388195288e-06
observed_lag_336,1.1040411006342502e-06
snow_lag_1,0.0
