feature,absolute_standardized_coefficient,standardized_coefficient,vip_score,permutation_mean,permutation_std
y_lag_1,1416.5671456204805,1416.5671456204805,1.6224130942555712,1425.597716579327,45.2220454569221
y_lag_169,660.8944324216401,-660.8944324216401,1.5579024263853243,565.4737029070807,33.36220991443491
y_lag_168,563.133267050213,563.133267050213,1.71761832409734,461.67166433413297,23.471704685191042
y_lag_336,440.60937893179414,440.60937893179414,1.7272898908315288,339.3268589557689,19.490056569487344
y_lag_24,352.3718647464052,352.3718647464052,1.529762809027019,262.9625624175259,15.42205461935601
y_lag_167,334.6656790147699,334.6656790147699,1.5842237593784105,228.56238786185205,15.656115709368176
y_roll_mean_6,249.76879186829672,249.76879186829672,0.9475552795009164,168.94283269434746,10.324951574423899
y_lag_2,243.75850045121857,-243.75850045121857,1.2718776341610107,129.5398589363883,14.125639952418512
y_lag_25,202.43418335965293,-202.43418335965293,1.434623465826372,94.06603354709037,11.803194568982155
y_lag_6,118.49959637563323,-118.49959637563323,0.5229887973782531,47.88484752186827,5.795880975537081
y_lag_3,130.52037895273588,-130.52037895273588,0.9684671812072775,41.30043806869533,6.749108958019602
y_lag_23,77.14586652280022,-77.14586652280022,1.411244092902601,18.408426574063242,3.641253961026836
is_holiday,58.04015494002762,-58.04015494002762,0.35686799534681046,7.043718846900859,4.657150412701094
is_weekend,30.707967703883877,-30.707967703883877,0.49426764244638943,6.838870427782524,1.4619513181233807
y_lag_12,34.93311240352665,-34.93311240352665,1.118614096751348,6.5891696048357575,2.565965107727741
y_lag_72,19.80118179055175,19.80118179055175,1.283082445684142,3.9455661240249724,1.5852970889532765
y_lag_48,42.541045281530295,-42.541045281530295,1.349409057318223,3.700627885900596,2.4777902914956287
y_roll_std_24,14.21707145306857,14.21707145306857,0.40073756089547985,3.296973859020008,1.0391716020193205
y_roll_std_168,10.365723652585586,10.365723652585586,0.2135785230166067,2.2345386246312726,1.2245991563541474
hour_sin,19.106389675893684,-19.106389675893684,0.6696444454829529,1.829411670742104,1.1249714624860963
hour_cos,35.49605638186788,35.49605638186788,1.38415088000116,1.7828506374907165,2.0801825573804775
y_roll_mean_168,6.432577753131301,-6.432577753131301,0.20711327535812676,1.4365647412954246,1.0473096995081896
dow_cos,10.184144415115263,10.184144415115263,0.3293323792281702,0.2550867619190541,0.4878639573104316
observed_lag_168,1.3153759981620778,1.3153759981620778,0.15211931905047738,0.10022695481095525,0.06704174645389709
observed_lag_336,2.232282595967586,2.232282595967586,0.13940390694800145,-2.842170943040401e-14,0.0
observed_lag_1,4.09295496973785,4.09295496973785,0.060455088052599804,-2.842170943040401e-14,0.0
observed_lag_24,7.1941859602344955,7.1941859602344955,0.08906568772647135,-2.842170943040401e-14,0.0
y_roll_std_6,3.508151305711756,-3.508151305711756,0.3728725774581002,-0.008771369116161054,0.2093143362135872
dow_sin,16.183675922758987,-16.183675922758987,0.4442186464419539,-0.1440164498672118,0.8908035808994323
month_cos,9.452535370359584,-9.452535370359584,0.19440641242700515,-0.1939388616416636,0.314358020533646
y_roll_mean_24,6.79189279038863,-6.79189279038863,0.3379591468115021,-0.4362018149587982,0.5192005178670273
month_sin,10.868587385013988,-10.868587385013988,0.16045634494607217,-0.8732912768886052,0.7720809206598258
