origin_index,forecast_origin,target_date,horizon_hours,y_true,y_pred,residual,elapsed_seconds,target_observed,fallback_used,converged
22908,2018-02-04 07:00:00,2018-02-04 08:00:00,1,1857.0,2314.0,-457.0,0.046872700011590496,True,True,False
22919,2018-02-04 18:00:00,2018-02-04 19:00:00,1,1720.0,3221.0,-1501.0,0.05648149998160079,True,True,False
22930,2018-02-05 05:00:00,2018-02-05 06:00:00,1,4846.0,5488.0,-642.0,0.043490199983352795,True,True,False
22941,2018-02-05 16:00:00,2018-02-05 17:00:00,1,5912.0,6023.0,-111.0,0.06284980001510121,True,True,False
22952,2018-02-06 03:00:00,2018-02-06 04:00:00,1,850.0,910.0,-60.0,0.058525600004941225,True,True,False
22963,2018-02-06 14:00:00,2018-02-06 15:00:00,1,5710.0,5701.0,9.0,0.03926980000687763,True,True,False
22974,2018-02-07 01:00:00,2018-02-07 02:00:00,1,259.0,235.0,24.0,0.04329859997960739,True,True,False
22985,2018-02-07 12:00:00,2018-02-07 13:00:00,1,4833.0,5021.0,-188.0,0.04372079999302514,True,True,False
22996,2018-02-07 23:00:00,2018-02-08 00:00:00,1,573.0,716.0,-143.0,0.060779099992942065,True,True,False
23007,2018-02-08 10:00:00,2018-02-08 11:00:00,1,4686.0,4717.0,-31.0,0.05579990000114776,True,True,False
23018,2018-02-08 21:00:00,2018-02-08 22:00:00,1,3197.0,2165.0,1032.0,0.059374600008595735,True,True,False
23029,2018-02-09 08:00:00,2018-02-09 09:00:00,1,4975.0,4963.0,12.0,0.050101200002245605,True,True,False
23040,2018-02-09 19:00:00,2018-02-09 20:00:00,1,3095.0,3216.0,-121.0,0.039411300007486716,True,True,False
23051,2018-02-10 06:00:00,2018-02-10 07:00:00,1,1911.0,1839.0,72.0,0.0414388999924995,True,True,False
23062,2018-02-10 17:00:00,2018-02-10 18:00:00,1,4803.0,3763.0,1040.0,0.04325970000354573,True,True,False
23073,2018-02-11 04:00:00,2018-02-11 05:00:00,1,431.0,648.0,-217.0,0.0452899000083562,True,True,False
23084,2018-02-11 15:00:00,2018-02-11 16:00:00,1,4678.0,3630.0,1048.0,0.03443140001036227,True,True,False
23095,2018-02-12 02:00:00,2018-02-12 03:00:00,1,311.0,429.0,-118.0,0.03768040001159534,True,True,False
23106,2018-02-12 13:00:00,2018-02-12 14:00:00,1,4998.0,4884.0,114.0,0.03376250001019798,True,True,False
23117,2018-02-13 00:00:00,2018-02-13 01:00:00,1,300.0,334.0,-34.0,0.035839400021359324,True,True,False
23128,2018-02-13 11:00:00,2018-02-13 12:00:00,1,4825.0,4741.0,84.0,0.05368620000081137,True,True,False
23139,2018-02-13 22:00:00,2018-02-13 23:00:00,1,1107.0,1120.0,-13.0,0.03656879998743534,True,True,False
23150,2018-02-14 09:00:00,2018-02-14 10:00:00,1,4766.0,4364.0,402.0,0.04288940000697039,True,True,False
23161,2018-02-14 20:00:00,2018-02-14 21:00:00,1,2493.0,2463.0,30.0,0.0545597999880556,True,True,False
23172,2018-02-15 07:00:00,2018-02-15 08:00:00,1,5488.0,5395.0,93.0,0.05152149999048561,True,True,False
23183,2018-02-15 18:00:00,2018-02-15 19:00:00,1,3463.0,3494.0,-31.0,0.050622499984456226,True,True,False
23194,2018-02-16 05:00:00,2018-02-16 06:00:00,1,5122.0,5319.0,-197.0,0.05266260000644252,True,True,False
23205,2018-02-16 16:00:00,2018-02-16 17:00:00,1,5731.0,5833.0,-102.0,0.03556269998080097,True,True,False
23216,2018-02-17 03:00:00,2018-02-17 04:00:00,1,386.0,389.0,-3.0,0.0329092999745626,True,True,False
23227,2018-02-17 14:00:00,2018-02-17 15:00:00,1,4912.0,5030.0,-118.0,0.038892700016731396,True,True,False
23238,2018-02-18 01:00:00,2018-02-18 02:00:00,1,593.0,488.0,105.0,0.03643079998437315,True,True,False
23249,2018-02-18 12:00:00,2018-02-18 13:00:00,1,4388.0,4637.0,-249.0,0.04873879998922348,True,True,False
23260,2018-02-18 23:00:00,2018-02-19 00:00:00,1,623.0,502.0,121.0,0.03508760000113398,True,True,False
23271,2018-02-19 10:00:00,2018-02-19 11:00:00,1,3239.0,4367.0,-1128.0,0.034096800023689866,True,True,False
23282,2018-02-19 21:00:00,2018-02-19 22:00:00,1,1354.0,1440.0,-86.0,0.03328149998560548,True,True,False
23293,2018-02-20 08:00:00,2018-02-20 09:00:00,1,4707.0,5060.0,-353.0,0.04031869999016635,True,True,False
23304,2018-02-20 19:00:00,2018-02-20 20:00:00,1,2601.0,2979.0,-378.0,0.0430527999997139,True,True,False
23315,2018-02-21 06:00:00,2018-02-21 07:00:00,1,6045.0,5826.0,219.0,0.0620346000068821,True,True,False
23326,2018-02-21 17:00:00,2018-02-21 18:00:00,1,4583.0,4781.491766918806,-198.4917669188062,0.060473999998066574,True,False,True
23337,2018-02-22 04:00:00,2018-02-22 05:00:00,1,2854.0,2862.0,-8.0,0.0493197999894619,True,True,False
23348,2018-02-22 15:00:00,2018-02-22 16:00:00,1,6902.0,6807.0,95.0,0.047336499992525205,True,True,False
23359,2018-02-23 02:00:00,2018-02-23 03:00:00,1,368.0,369.0,-1.0,0.059987800021190196,True,True,False
23370,2018-02-23 13:00:00,2018-02-23 14:00:00,1,5131.0,5224.0,-93.0,0.07300070000928827,True,True,False
23381,2018-02-24 00:00:00,2018-02-24 01:00:00,1,712.0,661.0,51.0,0.03838000001269393,True,True,False
23392,2018-02-24 11:00:00,2018-02-24 12:00:00,1,4938.0,4927.332622933881,10.667377066119116,0.07828469999367371,True,False,True
23403,2018-02-24 22:00:00,2018-02-24 23:00:00,1,1162.0,1122.908311913507,39.09168808649292,0.06595720001496375,True,False,True
23414,2018-02-25 09:00:00,2018-02-25 10:00:00,1,2598.0,3505.0,-907.0,0.036311999981990084,True,True,False
23425,2018-02-25 20:00:00,2018-02-25 21:00:00,1,2507.0,2449.0926811615536,57.90731883844637,0.0711400999862235,True,False,True
23436,2018-02-26 07:00:00,2018-02-26 08:00:00,1,5602.0,5516.28269118819,85.71730881180974,0.08193369998480193,True,False,True
23447,2018-02-26 18:00:00,2018-02-26 19:00:00,1,3086.0,2087.0,999.0,0.044060699990950525,True,True,False
23458,2018-02-27 05:00:00,2018-02-27 06:00:00,1,5418.0,5228.798847281134,189.20115271886607,0.09557850001147017,True,False,True
23469,2018-02-27 16:00:00,2018-02-27 17:00:00,1,6202.0,5953.778922333963,248.22107766603676,0.09595049999188632,True,False,True
23480,2018-02-28 03:00:00,2018-02-28 04:00:00,1,887.0,927.2537065252768,-40.25370652527681,0.05371430001105182,True,False,True
23491,2018-02-28 14:00:00,2018-02-28 15:00:00,1,5729.0,5438.176565556478,290.8234344435223,0.06018089997814968,True,False,True
23502,2018-03-01 01:00:00,2018-03-01 02:00:00,1,283.0,265.93435963021466,17.065640369785342,0.0773394999851007,True,False,True
23513,2018-03-01 12:00:00,2018-03-01 13:00:00,1,5210.0,5075.891625235374,134.1083747646262,0.05884189999778755,True,False,True
23524,2018-03-01 23:00:00,2018-03-02 00:00:00,1,644.0,632.0,12.0,0.06577699998160824,True,True,False
23535,2018-03-02 10:00:00,2018-03-02 11:00:00,1,5171.0,5178.373174790816,-7.373174790815938,0.03554859998985194,True,False,True
23546,2018-03-02 21:00:00,2018-03-02 22:00:00,1,2453.0,2953.7082891237255,-500.70828912372554,0.051886399975046515,True,False,True
23557,2018-03-03 08:00:00,2018-03-03 09:00:00,1,3911.0,3676.858636346751,234.14136365324885,0.033367800002451986,True,False,True
23568,2018-03-03 19:00:00,2018-03-03 20:00:00,1,3169.0,3276.699462558287,-107.699462558287,0.04714340000646189,True,False,True
23579,2018-03-04 06:00:00,2018-03-04 07:00:00,1,1149.0,1180.9626399738913,-31.962639973891328,0.06885399998282082,True,False,True
23590,2018-03-04 17:00:00,2018-03-04 18:00:00,1,3910.0,3392.4233171638352,517.5766828361648,0.033929299999726936,True,False,True
23601,2018-03-05 04:00:00,2018-03-05 05:00:00,1,2704.0,2742.255532085537,-38.2555320855372,0.03983739999239333,True,False,True
23612,2018-03-05 15:00:00,2018-03-05 16:00:00,1,3260.0,4651.42713468104,-1391.4271346810401,0.0490280999802053,True,False,True
23623,2018-03-06 02:00:00,2018-03-06 03:00:00,1,335.0,309.86176335339087,25.13823664660913,0.08069189998786896,True,False,True
23634,2018-03-06 13:00:00,2018-03-06 14:00:00,1,4671.0,4423.535819463025,247.4641805369747,0.03782810000120662,True,False,True
23645,2018-03-07 00:00:00,2018-03-07 01:00:00,1,376.0,340.0,36.0,0.04858649999368936,True,True,False
23656,2018-03-07 11:00:00,2018-03-07 12:00:00,1,4879.0,4936.0,-57.0,0.033793099981267005,True,True,False
23667,2018-03-07 22:00:00,2018-03-07 23:00:00,1,1352.0,1102.0,250.0,0.038247000018600374,True,True,False
23678,2018-03-08 09:00:00,2018-03-08 10:00:00,1,4669.0,4555.0,114.0,0.04054720001295209,True,True,False
23689,2018-03-08 20:00:00,2018-03-08 21:00:00,1,2951.0,2981.0,-30.0,0.03628279999247752,True,True,False
23700,2018-03-09 07:00:00,2018-03-09 08:00:00,1,5947.0,5636.0,311.0,0.03755909999017604,True,True,False
23711,2018-03-09 18:00:00,2018-03-09 19:00:00,1,3864.0,3996.0,-132.0,0.04466449999017641,True,True,False
23722,2018-03-10 05:00:00,2018-03-10 06:00:00,1,1242.0,1174.0,68.0,0.04257210000650957,True,True,False
23733,2018-03-10 16:00:00,2018-03-10 17:00:00,1,5142.0,4837.0,305.0,0.057811499980743974,True,True,False
23744,2018-03-11 03:00:00,2018-03-11 04:00:00,1,419.0,375.65593527629017,43.344064723709835,0.07049420001567341,True,False,True
23755,2018-03-11 14:00:00,2018-03-11 15:00:00,1,4396.0,4539.64703247137,-143.64703247137004,0.05534709998755716,True,False,True
23766,2018-03-12 01:00:00,2018-03-12 02:00:00,1,228.0,280.82156740611254,-52.821567406112536,0.09890290000475943,True,False,True
23777,2018-03-12 12:00:00,2018-03-12 13:00:00,1,4748.0,4643.626723288631,104.37327671136882,0.08144040001207031,True,False,True
23788,2018-03-12 23:00:00,2018-03-13 00:00:00,1,666.0,308.0,358.0,0.03910409999662079,True,True,False
23799,2018-03-13 10:00:00,2018-03-13 11:00:00,1,4591.0,4568.827734317533,22.172265682466787,0.04373149998718873,True,False,True
23810,2018-03-13 21:00:00,2018-03-13 22:00:00,1,3761.0,2587.0,1174.0,0.060657599999103695,True,True,False
23821,2018-03-14 08:00:00,2018-03-14 09:00:00,1,5312.0,5543.130571078973,-231.13057107897293,0.0583115000044927,True,False,True
23832,2018-03-14 19:00:00,2018-03-14 20:00:00,1,3115.0,3131.6949513024565,-16.694951302456502,0.08852960000513121,True,False,True
23843,2018-03-15 06:00:00,2018-03-15 07:00:00,1,6537.0,5629.795036569114,907.204963430886,0.07879219998721965,True,False,True
23854,2018-03-15 17:00:00,2018-03-15 18:00:00,1,4771.0,4816.042588244814,-45.0425882448144,0.09317840001313016,True,False,True
23865,2018-03-16 04:00:00,2018-03-16 05:00:00,1,2731.0,2631.0344939264796,99.96550607352037,0.03640410001389682,True,False,True
23876,2018-03-16 15:00:00,2018-03-16 16:00:00,1,6607.0,6599.237251403976,7.762748596023812,0.03277459999662824,True,False,True
23887,2018-03-17 02:00:00,2018-03-17 03:00:00,1,386.0,353.40689373301166,32.59310626698834,0.034763399977236986,True,False,True
23898,2018-03-17 13:00:00,2018-03-17 14:00:00,1,5616.0,5794.699812683872,-178.69981268387164,0.04379160000826232,True,False,True
23909,2018-03-18 00:00:00,2018-03-18 01:00:00,1,1075.0,1111.908664682123,-36.90866468212289,0.05054220001329668,True,False,True
23920,2018-03-18 11:00:00,2018-03-18 12:00:00,1,4575.0,4639.014252788672,-64.01425278867191,0.03589600001578219,True,False,True
23931,2018-03-18 22:00:00,2018-03-18 23:00:00,1,966.0,831.9149787185493,134.08502128145074,0.039562499994644895,True,False,True
23942,2018-03-19 09:00:00,2018-03-19 10:00:00,1,4320.0,4531.218335370431,-211.2183353704313,0.044468000007327646,True,False,True
23953,2018-03-19 20:00:00,2018-03-19 21:00:00,1,2628.0,2339.44897785158,288.5510221484201,0.049907100008567795,True,False,True
23964,2018-03-20 07:00:00,2018-03-20 08:00:00,1,5876.0,5787.184949345987,88.81505065401325,0.07320859999163076,True,False,True
23975,2018-03-20 18:00:00,2018-03-20 19:00:00,1,3098.0,3360.9987129219817,-262.9987129219817,0.06798080002772622,True,False,True
23986,2018-03-21 05:00:00,2018-03-21 06:00:00,1,5538.0,5483.93592826818,54.06407173182015,0.05372880000504665,True,False,True
23997,2018-03-21 16:00:00,2018-03-21 17:00:00,1,6310.0,6264.385794272883,45.61420572711722,0.056266300001880154,True,False,True
24008,2018-03-22 03:00:00,2018-03-22 04:00:00,1,868.0,852.0958574063766,15.904142593623419,0.043664899974828586,True,False,True
24019,2018-03-22 14:00:00,2018-03-22 15:00:00,1,5963.0,6059.841172979881,-96.84117297988087,0.050206500018248335,True,False,True
24030,2018-03-23 01:00:00,2018-03-23 02:00:00,1,285.0,263.7185436476193,21.2814563523807,0.03147180000087246,True,False,True
24041,2018-03-23 12:00:00,2018-03-23 13:00:00,1,5369.0,5501.836997915863,-132.83699791586332,0.0885785999998916,True,False,True
24052,2018-03-23 23:00:00,2018-03-24 00:00:00,1,1453.0,1841.9948237315052,-388.9948237315052,0.04896070001996122,True,False,True
24063,2018-03-24 10:00:00,2018-03-24 11:00:00,1,6006.0,4794.470630822017,1211.5293691779834,0.052867299993522465,True,False,True
24074,2018-03-24 21:00:00,2018-03-24 22:00:00,1,4409.0,3591.69402880845,817.3059711915498,0.052751700015505776,True,False,True
24085,2018-03-25 08:00:00,2018-03-25 09:00:00,1,2788.0,2576.3198065406195,211.68019345938046,0.05854689999250695,True,False,True
24096,2018-03-25 19:00:00,2018-03-25 20:00:00,1,2784.0,2677.493645337903,106.50635466209678,0.04910669999662787,True,False,True
24107,2018-03-26 06:00:00,2018-03-26 07:00:00,1,6382.0,6000.817843411315,381.18215658868485,0.055486700002802536,True,False,True
24118,2018-03-26 17:00:00,2018-03-26 18:00:00,1,4041.0,4588.095606732233,-547.0956067322331,0.02935939998133108,True,False,True
24129,2018-03-27 04:00:00,2018-03-27 05:00:00,1,2781.0,2816.4863821373883,-35.48638213738832,0.04414149999502115,True,False,True
24140,2018-03-27 15:00:00,2018-03-27 16:00:00,1,6868.0,6758.719738597263,109.28026140273687,0.03245440000318922,True,False,True
24151,2018-03-28 02:00:00,2018-03-28 03:00:00,1,352.0,364.7988295969685,-12.798829596968517,0.04615199999534525,True,False,True
24162,2018-03-28 13:00:00,2018-03-28 14:00:00,1,5484.0,5427.260799019772,56.739200980227906,0.05479520000517368,True,False,True
24173,2018-03-29 00:00:00,2018-03-29 01:00:00,1,354.0,328.48640174872935,25.51359825127065,0.036619999998947605,True,False,True
24184,2018-03-29 11:00:00,2018-03-29 12:00:00,1,5252.0,5120.461364210317,131.5386357896832,0.052925099997082725,True,False,True
24195,2018-03-29 22:00:00,2018-03-29 23:00:00,1,1484.0,2526.5976523979953,-1042.5976523979953,0.07821380000677891,True,False,True
24206,2018-03-30 09:00:00,2018-03-30 10:00:00,1,4892.0,4510.320460980846,381.6795390191537,0.04196600001887418,True,False,True
24217,2018-03-30 20:00:00,2018-03-30 21:00:00,1,3024.0,3031.4289183735145,-7.428918373514534,0.02846309999586083,True,False,True
24228,2018-03-31 07:00:00,2018-03-31 08:00:00,1,2289.0,2653.56393511051,-364.5639351105101,0.04884069997933693,True,False,True
24239,2018-03-31 18:00:00,2018-03-31 19:00:00,1,3333.0,3393.2668720607494,-60.26687206074939,0.03183989998069592,True,False,True
24250,2018-04-01 05:00:00,2018-04-01 06:00:00,1,751.0,765.9910316413548,-14.991031641354766,0.05399750001379289,True,False,True
24261,2018-04-01 16:00:00,2018-04-01 17:00:00,1,4569.0,4256.393869546523,312.6061304534769,0.04469159999280237,True,False,True
24272,2018-04-02 03:00:00,2018-04-02 04:00:00,1,807.0,817.1123664241795,-10.112366424179527,0.05281870000180788,True,False,True
24283,2018-04-02 14:00:00,2018-04-02 15:00:00,1,4949.0,5418.833896950824,-469.83389695082406,0.06106629999703728,True,False,True
24294,2018-04-03 01:00:00,2018-04-03 02:00:00,1,277.0,316.12404075896575,-39.12404075896575,0.037426199996843934,True,False,True
24305,2018-04-03 12:00:00,2018-04-03 13:00:00,1,3917.0,3845.9661123426486,71.03388765735144,0.055215600004885346,True,False,True
24316,2018-04-03 23:00:00,2018-04-04 00:00:00,1,501.0,453.0719446578046,47.92805534219542,0.04003640002338216,True,False,True
24327,2018-04-04 10:00:00,2018-04-04 11:00:00,1,4590.0,4890.66000998028,-300.66000998027994,0.03002629999537021,True,False,True
24338,2018-04-04 21:00:00,2018-04-04 22:00:00,1,1885.0,1688.9743088955208,196.02569110447917,0.03387220000149682,True,False,True
24349,2018-04-05 08:00:00,2018-04-05 09:00:00,1,5389.0,5281.691322576594,107.30867742340615,0.0333997999841813,True,False,True
24360,2018-04-05 19:00:00,2018-04-05 20:00:00,1,3288.0,3088.1063838162004,199.89361618379962,0.03707999998005107,True,False,True
24371,2018-04-06 06:00:00,2018-04-06 07:00:00,1,6253.0,6322.223507034916,-69.22350703491611,0.0732484000036493,True,False,True
24382,2018-04-06 17:00:00,2018-04-06 18:00:00,1,4863.0,4856.816711645633,6.183288354366596,0.04917849999037571,True,False,True
24393,2018-04-07 04:00:00,2018-04-07 05:00:00,1,643.0,630.6803194551903,12.319680544809671,0.059906400012550876,True,False,True
24404,2018-04-07 15:00:00,2018-04-07 16:00:00,1,5118.0,4793.960818892649,324.0391811073514,0.04574770000181161,True,False,True
24415,2018-04-08 02:00:00,2018-04-08 03:00:00,1,401.0,473.26742885113026,-72.26742885113026,0.052027300000190735,True,False,True
24426,2018-04-08 13:00:00,2018-04-08 14:00:00,1,4272.0,4438.977411225933,-166.97741122593288,0.05762810001033358,True,False,True
24437,2018-04-09 00:00:00,2018-04-09 01:00:00,1,315.0,202.70088798638653,112.29911201361347,0.034342800005106255,True,False,True
24448,2018-04-09 11:00:00,2018-04-09 12:00:00,1,4516.0,4500.889397009982,15.110602990018378,0.04101500002434477,True,False,True
24459,2018-04-09 22:00:00,2018-04-09 23:00:00,1,983.0,828.5339786260565,154.46602137394348,0.06626920000417158,True,False,True
24470,2018-04-10 09:00:00,2018-04-10 10:00:00,1,4436.0,4628.588433615142,-192.5884336151421,0.06430199998430908,True,False,True
24481,2018-04-10 20:00:00,2018-04-10 21:00:00,1,2337.0,2916.2043395810606,-579.2043395810606,0.05869810000876896,True,False,True
24492,2018-04-11 07:00:00,2018-04-11 08:00:00,1,5887.0,6053.229640304744,-166.22964030474395,0.04383370000869036,True,False,True
24503,2018-04-11 18:00:00,2018-04-11 19:00:00,1,3308.0,3677.6585636323753,-369.65856363237526,0.12398770000436343,True,False,True
24514,2018-04-12 05:00:00,2018-04-12 06:00:00,1,5772.0,5487.631830569704,284.3681694302959,0.07040860000415705,True,False,True
24525,2018-04-12 16:00:00,2018-04-12 17:00:00,1,6811.0,6673.80519171899,137.1948082810104,0.03683430000091903,True,False,True
24536,2018-04-13 03:00:00,2018-04-13 04:00:00,1,846.0,816.4721961362052,29.527803863794816,0.03993339999578893,True,False,True
24547,2018-04-13 14:00:00,2018-04-13 15:00:00,1,5953.0,5789.5423202026905,163.45767979730954,0.05981350000365637,True,False,True
24558,2018-04-14 01:00:00,2018-04-14 02:00:00,1,397.0,142.42079328720774,254.57920671279226,0.03934970000409521,True,False,True
24569,2018-04-14 12:00:00,2018-04-14 13:00:00,1,1987.0,1987.5690704971498,-0.5690704971498235,0.04065219999756664,True,False,True
24580,2018-04-14 23:00:00,2018-04-15 00:00:00,1,353.0,1578.0,-1225.0,0.05645199998980388,True,True,True
24591,2018-04-15 10:00:00,2018-04-15 11:00:00,1,1794.0,1991.2521240581254,-197.25212405812545,0.04029370000353083,True,False,True
24602,2018-04-15 21:00:00,2018-04-15 22:00:00,1,1203.0,1856.0277978031115,-653.0277978031115,0.07365489998483099,True,False,True
24613,2018-04-16 08:00:00,2018-04-16 09:00:00,1,4045.0,3681.852663258521,363.1473367414792,0.044318700005533174,True,False,True
24624,2018-04-16 19:00:00,2018-04-16 20:00:00,1,2556.0,2634.0022634453917,-78.00226344539169,0.05965719997766428,True,False,True
24635,2018-04-17 06:00:00,2018-04-17 07:00:00,1,6208.0,6076.319498050079,131.68050194992065,0.042027799994684756,True,False,True
24646,2018-04-17 17:00:00,2018-04-17 18:00:00,1,4827.0,4791.978454297534,35.02154570246603,0.043761499982792884,True,False,True
24657,2018-04-18 04:00:00,2018-04-18 05:00:00,1,2986.0,2950.236649299613,35.763350700387036,0.055680999998003244,True,False,True
24668,2018-04-18 15:00:00,2018-04-18 16:00:00,1,7022.0,6888.446574594348,133.55342540565198,0.09336369999800809,True,False,True
24679,2018-04-19 02:00:00,2018-04-19 03:00:00,1,361.0,356.2733670290495,4.726632970950504,0.07327780002378859,True,False,True
24690,2018-04-19 13:00:00,2018-04-19 14:00:00,1,5444.0,5303.818931344922,140.18106865507798,0.06543580000288785,True,False,True
24701,2018-04-20 00:00:00,2018-04-20 01:00:00,1,417.0,422.2593799991855,-5.259379999185512,0.04890620001242496,True,False,True
24712,2018-04-20 11:00:00,2018-04-20 12:00:00,1,5433.0,5479.59296867584,-46.592968675839984,0.07302030001301318,True,False,True
24723,2018-04-20 22:00:00,2018-04-20 23:00:00,1,1977.0,2368.4257760909873,-391.42577609098726,0.06819679998443462,True,False,True
24734,2018-04-21 09:00:00,2018-04-21 10:00:00,1,4464.0,4717.6642341378165,-253.6642341378165,0.05041620001429692,True,False,True
24745,2018-04-21 20:00:00,2018-04-21 21:00:00,1,3199.0,3600.391602705976,-401.39160270597586,0.03712799999630079,True,False,True
24756,2018-04-22 07:00:00,2018-04-22 08:00:00,1,2200.0,1862.0275614322534,337.9724385677466,0.037649899983080104,True,False,True
24767,2018-04-22 18:00:00,2018-04-22 19:00:00,1,3228.0,3112.979752963358,115.0202470366421,0.045573599985800683,True,False,True
24778,2018-04-23 05:00:00,2018-04-23 06:00:00,1,5769.0,5282.276853500436,486.7231464995639,0.03873339999699965,True,False,True
24789,2018-04-23 16:00:00,2018-04-23 17:00:00,1,6188.0,6233.316740997824,-45.31674099782413,0.06484639999689534,True,False,True
24800,2018-04-24 03:00:00,2018-04-24 04:00:00,1,911.0,859.453889572962,51.546110427038,0.05694229999789968,True,False,True
24811,2018-04-24 14:00:00,2018-04-24 15:00:00,1,6010.0,5956.773936721829,53.22606327817084,0.07057219999842346,True,False,True
24822,2018-04-25 01:00:00,2018-04-25 02:00:00,1,237.0,177.92297372462008,59.07702627537992,0.0852801000000909,True,False,True
24833,2018-04-25 12:00:00,2018-04-25 13:00:00,1,5020.0,5109.057929766284,-89.05792976628436,0.06879980000667274,True,False,True
24844,2018-04-25 23:00:00,2018-04-26 00:00:00,1,551.0,468.16477709385936,82.83522290614064,0.07479710000916384,True,False,True
24855,2018-04-26 10:00:00,2018-04-26 11:00:00,1,5110.0,5004.87251345675,105.12748654324969,0.07662310000159778,True,False,True
24866,2018-04-26 21:00:00,2018-04-26 22:00:00,1,2171.0,2490.420661162815,-319.4206611628151,0.08420880002086051,True,False,True
24877,2018-04-27 08:00:00,2018-04-27 09:00:00,1,5414.0,5435.082343885293,-21.082343885293085,0.048215199989499524,True,False,True
24888,2018-04-27 19:00:00,2018-04-27 20:00:00,1,3319.0,3579.8521825041403,-260.8521825041403,0.06858550000470132,True,False,True
24899,2018-04-28 06:00:00,2018-04-28 07:00:00,1,2330.0,2096.1629796830157,233.8370203169843,0.04047590002301149,True,False,True
24910,2018-04-28 17:00:00,2018-04-28 18:00:00,1,4300.0,4614.036568283974,-314.0365682839738,0.04827780000050552,True,False,True
24921,2018-04-29 04:00:00,2018-04-29 05:00:00,1,427.0,409.0530854471599,17.9469145528401,0.03484439998283051,True,False,True
24932,2018-04-29 15:00:00,2018-04-29 16:00:00,1,4886.0,4672.336780331349,213.66321966865144,0.04499289998784661,True,False,True
24943,2018-04-30 02:00:00,2018-04-30 03:00:00,1,355.0,360.12248873566205,-5.122488735662046,0.07351529999868944,True,False,True
24954,2018-04-30 13:00:00,2018-04-30 14:00:00,1,5147.0,5012.980668782089,134.0193312179108,0.04017379999277182,True,False,True
24965,2018-05-01 00:00:00,2018-05-01 01:00:00,1,395.0,349.6708760839447,45.32912391605532,0.027727399981813505,True,False,True
24976,2018-05-01 11:00:00,2018-05-01 12:00:00,1,5111.0,4716.2860244507265,394.7139755492735,0.02879800001392141,True,False,True
24987,2018-05-01 22:00:00,2018-05-01 23:00:00,1,1093.0,450.118083388832,642.881916611168,0.0386313000053633,True,False,True
24998,2018-05-02 09:00:00,2018-05-02 10:00:00,1,4815.0,4871.238696900597,-56.23869690059655,0.0457237999944482,True,False,True
25009,2018-05-02 20:00:00,2018-05-02 21:00:00,1,2634.0,2592.8732182827725,41.12678171722746,0.05467589999898337,True,False,True
25020,2018-05-03 07:00:00,2018-05-03 08:00:00,1,6084.0,6079.941125419293,4.058874580707197,0.032699600007617846,True,False,True
25031,2018-05-03 18:00:00,2018-05-03 19:00:00,1,3664.0,3709.6353798858718,-45.63537988587177,0.03239779997966252,True,False,True
25042,2018-05-04 05:00:00,2018-05-04 06:00:00,1,5503.0,5368.3862513851755,134.61374861482454,0.04182879999279976,True,False,True
25053,2018-05-04 16:00:00,2018-05-04 17:00:00,1,6014.0,6087.750068462623,-73.75006846262295,0.06670779999694787,True,False,True
25064,2018-05-05 03:00:00,2018-05-05 04:00:00,1,399.0,333.07890071374504,65.92109928625496,0.02828850000514649,True,False,True
25075,2018-05-05 14:00:00,2018-05-05 15:00:00,1,4699.0,4359.873949194231,339.1260508057694,0.05144139999174513,True,False,True
25086,2018-05-06 01:00:00,2018-05-06 02:00:00,1,509.0,581.7878391893564,-72.78783918935642,0.040588000003481284,True,False,True
25097,2018-05-06 12:00:00,2018-05-06 13:00:00,1,4237.0,4238.171921073313,-1.1719210733126602,0.055128199979662895,True,False,True
25108,2018-05-06 23:00:00,2018-05-07 00:00:00,1,597.0,654.1055348772566,-57.10553487725656,0.02830780000658706,True,False,True
25119,2018-05-07 10:00:00,2018-05-07 11:00:00,1,4608.0,4485.6617495317105,122.33825046828952,0.03334930000710301,True,False,True
25130,2018-05-07 21:00:00,2018-05-07 22:00:00,1,1591.0,2219.626620912007,-628.6266209120072,0.036590500007150695,True,False,True
25141,2018-05-08 08:00:00,2018-05-08 09:00:00,1,5428.0,5499.831369849982,-71.83136984998237,0.029801299999235198,True,False,True
25152,2018-05-08 19:00:00,2018-05-08 20:00:00,1,3044.0,2955.6011122922205,88.39888770777952,0.05036110000219196,True,False,True
25163,2018-05-09 06:00:00,2018-05-09 07:00:00,1,6523.0,6680.399927144816,-157.3999271448156,0.033341300004394725,True,False,True
25174,2018-05-09 17:00:00,2018-05-09 18:00:00,1,4768.0,4811.724213215883,-43.72421321588263,0.053891300020040944,True,False,True
25185,2018-05-10 04:00:00,2018-05-10 05:00:00,1,2881.0,2889.880226594535,-8.880226594535088,0.03250800000387244,True,False,True
25196,2018-05-10 15:00:00,2018-05-10 16:00:00,1,7074.0,7079.1982728249095,-5.198272824909509,0.051224199996795505,True,False,True
25207,2018-05-11 02:00:00,2018-05-11 03:00:00,1,342.0,316.84484220763534,25.155157792364662,0.03321349999168888,True,False,True
25218,2018-05-11 13:00:00,2018-05-11 14:00:00,1,5648.0,5607.185700938873,40.8142990611268,0.03991719998884946,True,False,True
25229,2018-05-12 00:00:00,2018-05-12 01:00:00,1,642.0,552.0321470549416,89.96785294505844,0.04305789998034015,True,False,True
25240,2018-05-12 11:00:00,2018-05-12 12:00:00,1,5167.0,5310.985996537587,-143.9859965375872,0.0640443000011146,True,False,True
25251,2018-05-12 22:00:00,2018-05-12 23:00:00,1,2033.0,1811.3654083311285,221.6345916688715,0.055451299995183945,True,False,True
25262,2018-05-13 09:00:00,2018-05-13 10:00:00,1,3725.0,3785.843098185199,-60.84309818519887,0.04059440002311021,True,False,True
25273,2018-05-13 20:00:00,2018-05-13 21:00:00,1,2586.0,2793.5880471445107,-207.5880471445107,0.03927919999114238,True,False,True
25284,2018-05-14 07:00:00,2018-05-14 08:00:00,1,5870.0,5979.656827339663,-109.65682733966332,0.040175900008762255,True,False,True
25295,2018-05-14 18:00:00,2018-05-14 19:00:00,1,3113.0,3249.9892626518713,-136.9892626518713,0.042830999998841435,True,False,True
25306,2018-05-15 05:00:00,2018-05-15 06:00:00,1,5914.0,5664.841034969228,249.15896503077238,0.051282100001117215,True,False,True
25317,2018-05-15 16:00:00,2018-05-15 17:00:00,1,6548.0,6283.392562384532,264.60743761546837,0.03911270000389777,True,False,True
25328,2018-05-16 03:00:00,2018-05-16 04:00:00,1,895.0,914.3999805395215,-19.399980539521493,0.039635299996007234,True,False,True
25339,2018-05-16 14:00:00,2018-05-16 15:00:00,1,5871.0,5934.562182755886,-63.56218275588617,0.03799079998861998,True,False,True
25350,2018-05-17 01:00:00,2018-05-17 02:00:00,1,294.0,448.37908044314645,-154.37908044314645,0.028946899983566254,True,False,True
25361,2018-05-17 12:00:00,2018-05-17 13:00:00,1,5096.0,5169.5207602008195,-73.5207602008195,0.03481479999027215,True,False,True
25372,2018-05-17 23:00:00,2018-05-18 00:00:00,1,736.0,1108.159291163222,-372.15929116322195,0.029563399992184713,True,False,True
25383,2018-05-18 10:00:00,2018-05-18 11:00:00,1,5133.0,5117.129952960708,15.87004703929233,0.03754419999313541,True,False,True
25394,2018-05-18 21:00:00,2018-05-18 22:00:00,1,2728.0,2720.293958433569,7.70604156643094,0.05807749999803491,True,False,True
25405,2018-05-19 08:00:00,2018-05-19 09:00:00,1,3569.0,3853.728315433735,-284.72831543373513,0.036298499995609745,True,False,True
25416,2018-05-19 19:00:00,2018-05-19 20:00:00,1,2706.0,2489.285865131118,216.71413486888196,0.04824720000033267,True,False,True
25427,2018-05-20 06:00:00,2018-05-20 07:00:00,1,1242.0,1183.0769228488543,58.92307715114566,0.06638059997931123,True,False,True
25438,2018-05-20 17:00:00,2018-05-20 18:00:00,1,3378.0,3474.1821302601948,-96.18213026019475,0.04310599999735132,True,False,True
25449,2018-05-21 04:00:00,2018-05-21 05:00:00,1,2796.0,2626.701912214225,169.2980877857749,0.0379423999984283,True,False,True
25460,2018-05-21 15:00:00,2018-05-21 16:00:00,1,6968.0,6590.784098969436,377.21590103056405,0.041472499986412004,True,False,True
25471,2018-05-22 02:00:00,2018-05-22 03:00:00,1,337.0,324.60343704767774,12.396562952322256,0.059346399997593835,True,False,True
25482,2018-05-22 13:00:00,2018-05-22 14:00:00,1,5197.0,5144.110373772072,52.88962622792769,0.07098039999254979,True,False,True
25493,2018-05-23 00:00:00,2018-05-23 01:00:00,1,363.0,375.3868014621321,-12.386801462132098,0.1215680000022985,True,False,True
25504,2018-05-23 11:00:00,2018-05-23 12:00:00,1,4760.0,5038.790576323394,-278.7905763233939,0.0670891999907326,True,False,True
25515,2018-05-23 22:00:00,2018-05-23 23:00:00,1,1215.0,1509.6591525581252,-294.65915255812524,0.04856060000020079,True,False,True
25526,2018-05-24 09:00:00,2018-05-24 10:00:00,1,4532.0,4518.075361702176,13.924638297823549,0.03552340000169352,True,False,True
25537,2018-05-24 20:00:00,2018-05-24 21:00:00,1,2626.0,2800.796388572571,-174.79638857257078,0.06758420000551268,True,False,True
25548,2018-05-25 07:00:00,2018-05-25 08:00:00,1,5206.0,5418.666400498367,-212.66640049836678,0.09659830000600778,True,False,True
25559,2018-05-25 18:00:00,2018-05-25 19:00:00,1,3334.0,2891.0302844182547,442.9697155817453,0.03461049997713417,True,False,True
25570,2018-05-26 05:00:00,2018-05-26 06:00:00,1,1263.0,1194.519287279777,68.48071272022298,0.03491690001101233,True,False,True
25581,2018-05-26 16:00:00,2018-05-26 17:00:00,1,3858.0,3895.5834493707016,-37.5834493707016,0.07553269999334589,True,False,True
25592,2018-05-27 03:00:00,2018-05-27 04:00:00,1,401.0,439.6838928351399,-38.683892835139886,0.10105379999731667,True,False,True
25603,2018-05-27 14:00:00,2018-05-27 15:00:00,1,3821.0,3980.988684043553,-159.9886840435529,0.04165689999354072,True,False,True
25614,2018-05-28 01:00:00,2018-05-28 02:00:00,1,440.0,547.2184252285997,-107.2184252285997,0.054739899991545826,True,False,True
25625,2018-05-28 12:00:00,2018-05-28 13:00:00,1,3611.0,3030.6545458482024,580.3454541517976,0.056460299994796515,True,False,True
25636,2018-05-28 23:00:00,2018-05-29 00:00:00,1,565.0,685.4123515126876,-120.41235151268756,0.07982840001932345,True,False,True
25647,2018-05-29 10:00:00,2018-05-29 11:00:00,1,4436.0,4631.0,-195.0,0.03884590000961907,True,True,False
25658,2018-05-29 21:00:00,2018-05-29 22:00:00,1,1595.0,1953.0,-358.0,0.039901699987240136,True,True,False
25669,2018-05-30 08:00:00,2018-05-30 09:00:00,1,5283.0,5217.0,66.0,0.03955019998829812,True,True,False
25680,2018-05-30 19:00:00,2018-05-30 20:00:00,1,2788.0,2993.0,-205.0,0.033312899991869926,True,True,False
25691,2018-05-31 06:00:00,2018-05-31 07:00:00,1,6420.0,6626.031709395485,-206.03170939548545,0.04730199999175966,True,False,True
25702,2018-05-31 17:00:00,2018-05-31 18:00:00,1,5042.0,4908.950165261645,133.04983473835455,0.044669800001429394,True,False,True
25713,2018-06-01 04:00:00,2018-06-01 05:00:00,1,2965.0,2760.7130400328974,204.28695996710258,0.07437960000243038,True,False,True
25724,2018-06-01 15:00:00,2018-06-01 16:00:00,1,6860.0,6677.469635109366,182.5303648906338,0.055977299984078854,True,False,True
25735,2018-06-02 02:00:00,2018-06-02 03:00:00,1,446.0,471.19427410117214,-25.19427410117214,0.054814000002807006,True,False,True
25746,2018-06-02 13:00:00,2018-06-02 14:00:00,1,4896.0,4618.079841304405,277.9201586955951,0.038645399996312335,True,False,True
25757,2018-06-03 00:00:00,2018-06-03 01:00:00,1,905.0,914.663543331189,-9.663543331188976,0.055805400013923645,True,False,True
25768,2018-06-03 11:00:00,2018-06-03 12:00:00,1,4858.0,4190.0,668.0,0.03628599998774007,True,True,False
25779,2018-06-03 22:00:00,2018-06-03 23:00:00,1,1166.0,1660.0,-494.0,0.048207699990598485,True,True,False
25790,2018-06-04 09:00:00,2018-06-04 10:00:00,1,4334.0,2576.0,1758.0,0.03774109997902997,True,True,False
25801,2018-06-04 20:00:00,2018-06-04 21:00:00,1,2776.0,2338.0,438.0,0.041660500020952895,True,True,False
25812,2018-06-05 07:00:00,2018-06-05 08:00:00,1,5645.0,5530.0,115.0,0.03764309998950921,True,True,False
25823,2018-06-05 18:00:00,2018-06-05 19:00:00,1,3510.0,3036.0,474.0,0.034449600003426895,True,True,False
25834,2018-06-06 05:00:00,2018-06-06 06:00:00,1,5195.0,6046.0,-851.0,0.04558420000830665,True,True,False
25845,2018-06-06 16:00:00,2018-06-06 17:00:00,1,6637.0,6429.0,208.0,0.034723600023426116,True,True,False
25856,2018-06-07 03:00:00,2018-06-07 04:00:00,1,977.0,951.2953995201337,25.704600479866258,0.033435999997891486,True,False,True
25867,2018-06-07 14:00:00,2018-06-07 15:00:00,1,6202.0,6115.929623741456,86.07037625854355,0.04127499999594875,True,False,True
25878,2018-06-08 01:00:00,2018-06-08 02:00:00,1,354.0,405.02295445574873,-51.02295445574873,0.036178399983327836,True,False,True
25889,2018-06-08 12:00:00,2018-06-08 13:00:00,1,5563.0,5381.0,182.0,0.038537199987331405,True,True,False
25900,2018-06-08 23:00:00,2018-06-09 00:00:00,1,1511.0,2265.7052475712685,-754.7052475712685,0.04494770002202131,True,False,True
25911,2018-06-09 10:00:00,2018-06-09 11:00:00,1,4085.0,4260.0,-175.0,0.03613789999508299,True,True,False
25922,2018-06-09 21:00:00,2018-06-09 22:00:00,1,2863.0,2808.0,55.0,0.04094370000530034,True,True,False
25933,2018-06-10 08:00:00,2018-06-10 09:00:00,1,2417.0,3350.0,-933.0,0.048788499989314005,True,True,False
25944,2018-06-10 19:00:00,2018-06-10 20:00:00,1,2979.0,3043.0,-64.0,0.049665700003970414,True,True,False
25955,2018-06-11 06:00:00,2018-06-11 07:00:00,1,6336.0,6081.0,255.0,0.05314919998636469,True,True,False
25966,2018-06-11 17:00:00,2018-06-11 18:00:00,1,4512.0,4469.776158434232,42.22384156576845,0.06942640000488609,True,False,True
25977,2018-06-12 04:00:00,2018-06-12 05:00:00,1,3013.0,3078.0,-65.0,0.05477390001760796,True,True,False
25988,2018-06-12 15:00:00,2018-06-12 16:00:00,1,6777.0,7037.0,-260.0,0.03837219998240471,True,True,False
25999,2018-06-13 02:00:00,2018-06-13 03:00:00,1,387.0,410.1827779454961,-23.182777945496127,0.08898880000924692,True,False,True
26010,2018-06-13 13:00:00,2018-06-13 14:00:00,1,5227.0,5226.0,1.0,0.0366183000151068,True,True,False
26021,2018-06-14 00:00:00,2018-06-14 01:00:00,1,424.0,481.53260694029814,-57.53260694029814,0.04295319999800995,True,False,True
26032,2018-06-14 11:00:00,2018-06-14 12:00:00,1,5062.0,4884.794317491381,177.20568250861925,0.043866599997272715,True,False,True
26043,2018-06-14 22:00:00,2018-06-14 23:00:00,1,1388.0,1450.1984816495046,-62.19848164950463,0.05273149997810833,True,False,True
26054,2018-06-15 09:00:00,2018-06-15 10:00:00,1,4801.0,4650.384205305164,150.61579469483604,0.06628080000518821,True,False,True
26065,2018-06-15 20:00:00,2018-06-15 21:00:00,1,3118.0,3002.172398391977,115.82760160802309,0.035860000003594905,True,False,True
26076,2018-06-16 07:00:00,2018-06-16 08:00:00,1,2329.0,2709.1653398847466,-380.1653398847466,0.03629499999806285,True,False,True
26087,2018-06-16 18:00:00,2018-06-16 19:00:00,1,3223.0,3249.705401968803,-26.705401968803017,0.0352345000137575,True,False,True
26098,2018-06-17 05:00:00,2018-06-17 06:00:00,1,885.0,983.2861967141084,-98.28619671410843,0.038764099997933954,True,False,True
26109,2018-06-17 16:00:00,2018-06-17 17:00:00,1,4175.0,4013.4675896437448,161.53241035625524,0.03804179999860935,True,False,True
26120,2018-06-18 03:00:00,2018-06-18 04:00:00,1,802.0,873.0,-71.0,0.037980299995979294,True,True,False
26131,2018-06-18 14:00:00,2018-06-18 15:00:00,1,5558.0,5609.037695743235,-51.03769574323542,0.0626056999899447,True,False,True
26142,2018-06-19 01:00:00,2018-06-19 02:00:00,1,269.0,314.0,-45.0,0.03614209999796003,True,True,False
26153,2018-06-19 12:00:00,2018-06-19 13:00:00,1,4728.0,4777.0,-49.0,0.04484660000889562,True,True,False
26164,2018-06-19 23:00:00,2018-06-20 00:00:00,1,663.0,684.0,-21.0,0.038848399999551475,True,True,False
26175,2018-06-20 10:00:00,2018-06-20 11:00:00,1,4675.0,4687.0,-12.0,0.04155140000511892,True,True,False
26186,2018-06-20 21:00:00,2018-06-20 22:00:00,1,1956.0,2123.0,-167.0,0.04958779999287799,True,True,False
26197,2018-06-21 08:00:00,2018-06-21 09:00:00,1,4982.0,5020.6948874742975,-38.6948874742975,0.0822045000095386,True,False,True
26208,2018-06-21 19:00:00,2018-06-21 20:00:00,1,3385.0,3274.0,111.0,0.060324099991703406,True,True,False
26219,2018-06-22 06:00:00,2018-06-22 07:00:00,1,6222.0,6361.0,-139.0,0.05605519999517128,True,True,False
26230,2018-06-22 17:00:00,2018-06-22 18:00:00,1,4676.0,4369.0,307.0,0.05930320001789369,True,True,False
26241,2018-06-23 04:00:00,2018-06-23 05:00:00,1,966.0,772.0,194.0,0.043078399990918115,True,True,False
26252,2018-06-23 15:00:00,2018-06-23 16:00:00,1,4372.0,4495.0,-123.0,0.04992399999173358,True,True,False
26263,2018-06-24 02:00:00,2018-06-24 03:00:00,1,409.0,413.0,-4.0,0.05247649998636916,True,True,False
26274,2018-06-24 13:00:00,2018-06-24 14:00:00,1,4317.0,4192.0,125.0,0.050435999990440905,True,True,False
26285,2018-06-25 00:00:00,2018-06-25 01:00:00,1,422.0,395.2097152951783,26.790284704821715,0.03792220001923852,True,False,True
26296,2018-06-25 11:00:00,2018-06-25 12:00:00,1,4748.0,4829.0,-81.0,0.03714400000171736,True,True,False
26307,2018-06-25 22:00:00,2018-06-25 23:00:00,1,1136.0,1239.1119220061005,-103.11192200610049,0.035372800019104034,True,False,True
26318,2018-06-26 09:00:00,2018-06-26 10:00:00,1,4452.0,4180.994483896685,271.00551610331513,0.030626699997810647,True,False,True
26329,2018-06-26 20:00:00,2018-06-26 21:00:00,1,2674.0,2585.461966469603,88.53803353039712,0.030022099992493168,True,False,True
26340,2018-06-27 07:00:00,2018-06-27 08:00:00,1,5717.0,5730.147000057597,-13.147000057597324,0.04505740001332015,True,False,True
26351,2018-06-27 18:00:00,2018-06-27 19:00:00,1,3497.0,3418.0,79.0,0.04757699999026954,True,True,False
26362,2018-06-28 05:00:00,2018-06-28 06:00:00,1,5691.0,5778.0,-87.0,0.04729409998981282,True,True,False
26373,2018-06-28 16:00:00,2018-06-28 17:00:00,1,5930.0,5997.0,-67.0,0.04640059999655932,True,True,False
26384,2018-06-29 03:00:00,2018-06-29 04:00:00,1,984.0,876.0,108.0,0.05017580001731403,True,True,False
26395,2018-06-29 14:00:00,2018-06-29 15:00:00,1,5903.0,5843.0,60.0,0.05067660001805052,True,True,False
26406,2018-06-30 01:00:00,2018-06-30 02:00:00,1,617.0,629.0,-12.0,0.047538099985104054,True,True,False
26417,2018-06-30 12:00:00,2018-06-30 13:00:00,1,4675.0,4560.0,115.0,0.044444500003010035,True,True,False
26428,2018-06-30 23:00:00,2018-07-01 00:00:00,1,1314.0,1515.0,-201.0,0.060051600012229756,True,True,False
26439,2018-07-01 10:00:00,2018-07-01 11:00:00,1,3323.0,4186.0,-863.0,0.0509928000101354,True,True,False
26450,2018-07-01 21:00:00,2018-07-01 22:00:00,1,2152.0,1962.0,190.0,0.060976200009463355,True,True,False
26461,2018-07-02 08:00:00,2018-07-02 09:00:00,1,4473.0,4278.215194022797,194.78480597720318,0.060662300005787984,True,False,True
26472,2018-07-02 19:00:00,2018-07-02 20:00:00,1,2792.0,2703.248165687972,88.75183431202822,0.05737349999253638,True,False,True
26483,2018-07-03 06:00:00,2018-07-03 07:00:00,1,5737.0,6350.0,-613.0,0.05027669999981299,True,True,False
26494,2018-07-03 17:00:00,2018-07-03 18:00:00,1,4313.0,4473.0,-160.0,0.0823822999955155,True,True,False
26505,2018-07-04 04:00:00,2018-07-04 05:00:00,1,698.0,2562.2872050501005,-1864.2872050501005,0.046689099981449544,True,False,True
26516,2018-07-04 15:00:00,2018-07-04 16:00:00,1,3224.0,6666.0,-3442.0,0.0385258000169415,True,True,False
26527,2018-07-05 02:00:00,2018-07-05 03:00:00,1,338.0,365.0,-27.0,0.03757790001691319,True,True,False
26538,2018-07-05 13:00:00,2018-07-05 14:00:00,1,4708.0,5300.0,-592.0,0.03837180000846274,True,True,False
26549,2018-07-06 00:00:00,2018-07-06 01:00:00,1,435.0,510.0,-75.0,0.038055699988035485,True,True,False
26560,2018-07-06 11:00:00,2018-07-06 12:00:00,1,4684.0,5222.0,-538.0,0.036452600004849955,True,True,False
26571,2018-07-06 22:00:00,2018-07-06 23:00:00,1,2227.0,2465.0,-238.0,0.038146100006997585,True,True,False
26582,2018-07-07 09:00:00,2018-07-07 10:00:00,1,3386.0,3922.0,-536.0,0.04060949999256991,True,True,False
26593,2018-07-07 20:00:00,2018-07-07 21:00:00,1,3616.0,2700.0,916.0,0.03958599999896251,True,True,False
26604,2018-07-08 07:00:00,2018-07-08 08:00:00,1,1920.0,1682.0,238.0,0.03563510000822134,True,True,False
26615,2018-07-08 18:00:00,2018-07-08 19:00:00,1,3969.0,3404.0,565.0,0.03304720000596717,True,True,False
26626,2018-07-09 05:00:00,2018-07-09 06:00:00,1,5679.0,5305.0,374.0,0.03231830001459457,True,True,False
26637,2018-07-09 16:00:00,2018-07-09 17:00:00,1,5805.0,5241.0,564.0,0.03478810001979582,True,True,False
26648,2018-07-10 03:00:00,2018-07-10 04:00:00,1,898.0,863.0,35.0,0.03415520000271499,True,True,False
26659,2018-07-10 14:00:00,2018-07-10 15:00:00,1,5681.0,5526.0,155.0,0.03424020000966266,True,True,False
26670,2018-07-11 01:00:00,2018-07-11 02:00:00,1,321.0,573.0,-252.0,0.034304400003748015,True,True,False
26681,2018-07-11 12:00:00,2018-07-11 13:00:00,1,4779.0,2929.0,1850.0,0.040186500002164394,True,True,False
26692,2018-07-11 23:00:00,2018-07-12 00:00:00,1,699.0,971.0,-272.0,0.04115880001336336,True,True,False
26703,2018-07-12 10:00:00,2018-07-12 11:00:00,1,4848.0,4201.0,647.0,0.038977099990006536,True,True,False
26714,2018-07-12 21:00:00,2018-07-12 22:00:00,1,1870.0,2002.0,-132.0,0.038212999992538244,True,True,False
26725,2018-07-13 08:00:00,2018-07-13 09:00:00,1,4543.0,4305.0,238.0,0.03470800002105534,True,True,False
26736,2018-07-13 19:00:00,2018-07-13 20:00:00,1,3260.0,2966.0,294.0,0.03364690000307746,True,True,False
26747,2018-07-14 06:00:00,2018-07-14 07:00:00,1,1991.0,1710.0,281.0,0.03422620001947507,True,True,False
26758,2018-07-14 17:00:00,2018-07-14 18:00:00,1,4109.0,3986.0,123.0,0.03244859998812899,True,True,False
26769,2018-07-15 04:00:00,2018-07-15 05:00:00,1,508.0,476.0,32.0,0.03993080000509508,True,True,False
26780,2018-07-15 15:00:00,2018-07-15 16:00:00,1,4438.0,4514.0,-76.0,0.03978079999797046,True,True,False
26791,2018-07-16 02:00:00,2018-07-16 03:00:00,1,368.0,348.0,20.0,0.04196619999129325,True,True,False
26802,2018-07-16 13:00:00,2018-07-16 14:00:00,1,4794.0,4836.0,-42.0,0.03848320001270622,True,True,False
26813,2018-07-17 00:00:00,2018-07-17 01:00:00,1,407.0,389.0,18.0,0.03352870000526309,True,True,False
26824,2018-07-17 11:00:00,2018-07-17 12:00:00,1,4952.0,4865.0,87.0,0.040636699995957315,True,True,False
26835,2018-07-17 22:00:00,2018-07-17 23:00:00,1,1242.0,1311.0,-69.0,0.0399531000002753,True,True,False
26846,2018-07-18 09:00:00,2018-07-18 10:00:00,1,4560.0,4829.0,-269.0,0.039703399990685284,True,True,False
26857,2018-07-18 20:00:00,2018-07-18 21:00:00,1,2949.0,2687.0,262.0,0.03385370000614785,True,True,False
26868,2018-07-19 07:00:00,2018-07-19 08:00:00,1,5702.0,5583.0,119.0,0.04109280000557192,True,True,False
26879,2018-07-19 18:00:00,2018-07-19 19:00:00,1,3419.0,3237.0,182.0,0.042350800009444356,True,True,False
26890,2018-07-20 05:00:00,2018-07-20 06:00:00,1,5266.0,5268.0,-2.0,0.03529179998440668,True,True,False
26901,2018-07-20 16:00:00,2018-07-20 17:00:00,1,4987.0,5257.0,-270.0,0.0321068000048399,True,True,False
26912,2018-07-21 03:00:00,2018-07-21 04:00:00,1,478.0,444.0,34.0,0.034091000008629635,True,True,False
26923,2018-07-21 14:00:00,2018-07-21 15:00:00,1,4674.0,4306.0,368.0,0.04344530001981184,True,True,False
26934,2018-07-22 01:00:00,2018-07-22 02:00:00,1,749.0,699.0,50.0,0.043336400005500764,True,True,False
26945,2018-07-22 12:00:00,2018-07-22 13:00:00,1,4491.0,4233.0,258.0,0.04142439999850467,True,True,False
26956,2018-07-22 23:00:00,2018-07-23 00:00:00,1,714.0,721.0,-7.0,0.05197170001338236,True,True,False
26967,2018-07-23 10:00:00,2018-07-23 11:00:00,1,4485.0,4504.0,-19.0,0.045613199996296316,True,True,False
26978,2018-07-23 21:00:00,2018-07-23 22:00:00,1,1690.0,1965.0,-275.0,0.03786939999554306,True,True,False
26989,2018-07-24 08:00:00,2018-07-24 09:00:00,1,4984.0,5030.0,-46.0,0.036065399996005,True,True,False
27000,2018-07-24 19:00:00,2018-07-24 20:00:00,1,3266.0,3113.0,153.0,0.035531200002878904,True,True,False
27011,2018-07-25 06:00:00,2018-07-25 07:00:00,1,6595.0,6200.0,395.0,0.030560599989257753,True,True,False
27022,2018-07-25 17:00:00,2018-07-25 18:00:00,1,4459.0,4941.0,-482.0,0.03616019999026321,True,True,False
27033,2018-07-26 04:00:00,2018-07-26 05:00:00,1,3147.0,3110.0,37.0,0.0330254000145942,True,True,False
27044,2018-07-26 15:00:00,2018-07-26 16:00:00,1,6566.0,6459.0,107.0,0.034843800007365644,True,True,False
27055,2018-07-27 02:00:00,2018-07-27 03:00:00,1,390.0,376.0,14.0,0.04142540000611916,True,True,False
27066,2018-07-27 13:00:00,2018-07-27 14:00:00,1,5400.0,5413.0,-13.0,0.041817599994828925,True,True,False
27077,2018-07-28 00:00:00,2018-07-28 01:00:00,1,871.0,634.8296278524504,236.17037214754964,0.038156399998115376,True,False,True
27088,2018-07-28 11:00:00,2018-07-28 12:00:00,1,4158.0,4327.063041805242,-169.0630418052424,0.04128760000457987,True,False,True
27099,2018-07-28 22:00:00,2018-07-28 23:00:00,1,1968.0,2292.0,-324.0,0.044631099997786805,True,True,False
27110,2018-07-29 09:00:00,2018-07-29 10:00:00,1,3500.0,3711.0,-211.0,0.031824200006667525,True,True,False
27121,2018-07-29 20:00:00,2018-07-29 21:00:00,1,2794.0,2828.8903685111204,-34.890368511120414,0.036347599991131574,True,False,True
27132,2018-07-30 07:00:00,2018-07-30 08:00:00,1,5427.0,5671.471870325338,-244.4718703253384,0.04460029999609105,True,False,True
27143,2018-07-30 18:00:00,2018-07-30 19:00:00,1,3190.0,3178.6868806056846,11.313119394315436,0.0447394999791868,True,False,True
27154,2018-07-31 05:00:00,2018-07-31 06:00:00,1,4240.0,5782.0,-1542.0,0.05138600000645965,True,True,False
27165,2018-07-31 16:00:00,2018-07-31 17:00:00,1,5912.0,5669.923979726978,242.07602027302164,0.03703840001253411,True,False,True
27176,2018-08-01 03:00:00,2018-08-01 04:00:00,1,908.0,955.0,-47.0,0.029631699988385662,True,True,False
27187,2018-08-01 14:00:00,2018-08-01 15:00:00,1,5655.0,5794.016847084207,-139.01684708420726,0.028333700000075623,True,False,True
27198,2018-08-02 01:00:00,2018-08-02 02:00:00,1,324.0,306.0,18.0,0.06961930001853034,True,True,False
27209,2018-08-02 12:00:00,2018-08-02 13:00:00,1,4931.0,4981.72571718687,-50.72571718686959,0.0632888000109233,True,False,True
27220,2018-08-02 23:00:00,2018-08-03 00:00:00,1,778.0,731.3936409262938,46.606359073706244,0.054037800000514835,True,False,True
27231,2018-08-03 10:00:00,2018-08-03 11:00:00,1,4820.0,4681.654970916957,138.3450290830433,0.05418929998995736,True,False,True
27242,2018-08-03 21:00:00,2018-08-03 22:00:00,1,2594.0,2547.0950495041393,46.9049504958607,0.05394359998172149,True,False,True
27253,2018-08-04 08:00:00,2018-08-04 09:00:00,1,3477.0,3297.886711618847,179.11328838115287,0.03135770000517368,True,False,True
27264,2018-08-04 19:00:00,2018-08-04 20:00:00,1,2962.0,2937.0,25.0,0.0309154000133276,True,True,False
27275,2018-08-05 06:00:00,2018-08-05 07:00:00,1,1210.0,1286.0,-76.0,0.03273179999087006,True,True,False
27286,2018-08-05 17:00:00,2018-08-05 18:00:00,1,4229.0,4245.405500962834,-16.405500962833685,0.06082459999015555,True,False,True
27297,2018-08-06 04:00:00,2018-08-06 05:00:00,1,3047.0,3051.0,-4.0,0.04888680001022294,True,True,False
27308,2018-08-06 15:00:00,2018-08-06 16:00:00,1,6651.0,5632.0,1019.0,0.032824300025822595,True,True,False
27319,2018-08-07 02:00:00,2018-08-07 03:00:00,1,362.0,353.96442836690585,8.03557163309415,0.030932399997254834,True,False,True
27330,2018-08-07 13:00:00,2018-08-07 14:00:00,1,5040.0,5000.559538075831,39.44046192416863,0.02611009997781366,True,False,True
27341,2018-08-08 00:00:00,2018-08-08 01:00:00,1,393.0,354.321220362905,38.678779637094976,0.03888799998094328,True,False,True
27352,2018-08-08 11:00:00,2018-08-08 12:00:00,1,5004.0,5032.068959952353,-28.068959952352998,0.037805200001457706,True,False,True
27363,2018-08-08 22:00:00,2018-08-08 23:00:00,1,1478.0,1986.950546725745,-508.95054672574497,0.03143790000467561,True,False,True
27374,2018-08-09 09:00:00,2018-08-09 10:00:00,1,4517.0,4540.380108532788,-23.380108532787744,0.026741999987279996,True,False,True
27385,2018-08-09 20:00:00,2018-08-09 21:00:00,1,3176.0,3104.7071113007255,71.2928886992745,0.03821100000641309,True,False,True
27396,2018-08-10 07:00:00,2018-08-10 08:00:00,1,5211.0,5213.0,-2.0,0.03485300001921132,True,True,False
27407,2018-08-10 18:00:00,2018-08-10 19:00:00,1,3713.0,3767.0,-54.0,0.03539840001030825,True,True,False
27418,2018-08-11 05:00:00,2018-08-11 06:00:00,1,1560.0,1422.4874102084966,137.5125897915034,0.03286229999503121,True,False,True
27429,2018-08-11 16:00:00,2018-08-11 17:00:00,1,4134.0,4224.977416664838,-90.97741666483762,0.03257000001030974,True,False,True
27440,2018-08-12 03:00:00,2018-08-12 04:00:00,1,365.0,347.39744069107564,17.602559308924356,0.03150169999571517,True,False,True
27451,2018-08-12 14:00:00,2018-08-12 15:00:00,1,4351.0,4524.905502878328,-173.90550287832775,0.040786500001559034,True,False,True
27462,2018-08-13 01:00:00,2018-08-13 02:00:00,1,355.0,311.00826330672044,43.99173669327956,0.04120079998392612,True,False,True
27473,2018-08-13 12:00:00,2018-08-13 13:00:00,1,4494.0,4636.53342216796,-142.53342216796045,0.036550399992847815,True,False,True
27484,2018-08-13 23:00:00,2018-08-14 00:00:00,1,571.0,569.0088232162634,1.9911767837365915,0.04123420000541955,True,False,True
27495,2018-08-14 10:00:00,2018-08-14 11:00:00,1,4741.0,4709.30667971497,31.693320285029586,0.032615399977657944,True,False,True
27506,2018-08-14 21:00:00,2018-08-14 22:00:00,1,2287.0,2187.5113042993617,99.48869570063835,0.02655459998641163,True,False,True
27517,2018-08-15 08:00:00,2018-08-15 09:00:00,1,4672.0,5357.730571662389,-685.7305716623887,0.048512800014577806,True,False,True
27528,2018-08-15 19:00:00,2018-08-15 20:00:00,1,3133.0,3071.3085906018887,61.69140939811132,0.030994200002169237,True,False,True
27539,2018-08-16 06:00:00,2018-08-16 07:00:00,1,6494.0,6042.502706302861,451.49729369713896,0.0393235000083223,True,False,True
27550,2018-08-16 17:00:00,2018-08-16 18:00:00,1,4580.0,4510.455634667217,69.54436533278295,0.03405899999779649,True,False,True
27561,2018-08-17 04:00:00,2018-08-17 05:00:00,1,2821.0,2885.7936467399754,-64.79364673997543,0.044517200003610924,True,False,True
27572,2018-08-17 15:00:00,2018-08-17 16:00:00,1,5734.0,5851.908343112895,-117.90834311289473,0.046927799994591624,True,False,True
27583,2018-08-18 02:00:00,2018-08-18 03:00:00,1,448.0,375.8580052395255,72.14199476047452,0.12557850001030602,True,False,True
27594,2018-08-18 13:00:00,2018-08-18 14:00:00,1,4710.0,4421.24161227476,288.75838772524,0.06552939998800866,True,False,True
27605,2018-08-19 00:00:00,2018-08-19 01:00:00,1,997.0,804.7951707582524,192.20482924174757,0.0514831000182312,True,False,True
27616,2018-08-19 11:00:00,2018-08-19 12:00:00,1,4624.0,4601.390635649146,22.609364350853866,0.08009889998356812,True,False,True
27627,2018-08-19 22:00:00,2018-08-19 23:00:00,1,2369.0,1479.2289845313371,889.7710154686629,0.06003210000926629,True,False,True
27638,2018-08-20 09:00:00,2018-08-20 10:00:00,1,4375.0,4395.833007009874,-20.833007009873654,0.05566370001179166,True,False,True
27649,2018-08-20 20:00:00,2018-08-20 21:00:00,1,2240.0,2410.4292273392966,-170.42922733929663,0.04332320002140477,True,False,True
27660,2018-08-21 07:00:00,2018-08-21 08:00:00,1,6123.0,6339.7020994510485,-216.70209945104853,0.07200060001923703,True,False,True
27671,2018-08-21 18:00:00,2018-08-21 19:00:00,1,3410.0,3333.6081320156277,76.39186798437231,0.050649400014663115,True,False,True
27682,2018-08-22 05:00:00,2018-08-22 06:00:00,1,5766.0,5279.2232872237855,486.7767127762145,0.04056509997462854,True,False,True
27693,2018-08-22 16:00:00,2018-08-22 17:00:00,1,5819.0,6067.360763254378,-248.36076325437807,0.06753759999992326,True,False,True
27704,2018-08-23 03:00:00,2018-08-23 04:00:00,1,976.0,881.2996118367882,94.70038816321176,0.05197470000712201,True,False,True
27715,2018-08-23 14:00:00,2018-08-23 15:00:00,1,5848.0,5875.511056775729,-27.51105677572923,0.04067039999063127,True,False,True
27726,2018-08-24 01:00:00,2018-08-24 02:00:00,1,387.0,433.2950648351939,-46.2950648351939,0.040802800009259954,True,False,True
27737,2018-08-24 12:00:00,2018-08-24 13:00:00,1,5149.0,4956.451614537711,192.54838546228893,0.046043200010899454,True,False,True
27748,2018-08-24 23:00:00,2018-08-25 00:00:00,1,1089.0,1050.3308759173335,38.669124082666485,0.0628322999982629,True,False,True
27759,2018-08-25 10:00:00,2018-08-25 11:00:00,1,4647.0,4836.315102611774,-189.3151026117739,0.07121349999215454,True,False,True
27770,2018-08-25 21:00:00,2018-08-25 22:00:00,1,2713.0,2911.223571343451,-198.2235713434511,0.030813999997917563,True,False,True
27781,2018-08-26 08:00:00,2018-08-26 09:00:00,1,3408.0,3339.244159464749,68.75584053525108,0.04685559999779798,True,False,True
27792,2018-08-26 19:00:00,2018-08-26 20:00:00,1,2840.0,2753.6725725290357,86.32742747096427,0.046383999986574054,True,False,True
27803,2018-08-27 06:00:00,2018-08-27 07:00:00,1,6493.0,6196.308211152819,296.69178884718076,0.04403730001649819,True,False,True
27814,2018-08-27 17:00:00,2018-08-27 18:00:00,1,3629.0,3953.4860148243965,-324.48601482439653,0.03383820000453852,True,False,True
27825,2018-08-28 04:00:00,2018-08-28 05:00:00,1,3161.0,3127.6600718683444,33.3399281316556,0.04432939999969676,True,False,True
27836,2018-08-28 15:00:00,2018-08-28 16:00:00,1,6657.0,6647.925882500831,9.074117499169006,0.05561009998200461,True,False,True
27847,2018-08-29 02:00:00,2018-08-29 03:00:00,1,372.0,257.1453267138454,114.8546732861546,0.04377139999996871,True,False,True
27858,2018-08-29 13:00:00,2018-08-29 14:00:00,1,5349.0,5297.283432461496,51.71656753850402,0.04101689998060465,True,False,True
27869,2018-08-30 00:00:00,2018-08-30 01:00:00,1,456.0,317.11528943315625,138.88471056684375,0.027267799974652007,True,False,True
27880,2018-08-30 11:00:00,2018-08-30 12:00:00,1,5308.0,5323.855737713774,-15.855737713774033,0.03718500002287328,True,False,True
27891,2018-08-30 22:00:00,2018-08-30 23:00:00,1,1396.0,1400.3886097339855,-4.388609733985504,0.056110500008799136,True,False,True
27902,2018-08-31 09:00:00,2018-08-31 10:00:00,1,5102.0,5148.210353442296,-46.210353442295855,0.05298639999818988,True,False,True
27913,2018-08-31 20:00:00,2018-08-31 21:00:00,1,2910.0,3140.840701109724,-230.8407011097238,0.046343800000613555,True,False,True
27924,2018-09-01 07:00:00,2018-09-01 08:00:00,1,3476.0,3188.278916679897,287.72108332010293,0.033329300000332296,True,False,True
27935,2018-09-01 18:00:00,2018-09-01 19:00:00,1,3518.0,3763.340814715203,-245.34081471520312,0.03759730001911521,True,False,True
27946,2018-09-02 05:00:00,2018-09-02 06:00:00,1,1003.0,966.3084676950775,36.691532304922475,0.0668745000148192,True,False,True
27957,2018-09-02 16:00:00,2018-09-02 17:00:00,1,3833.0,4125.381716103227,-292.3817161032266,0.06905150000238791,True,False,True
27968,2018-09-03 03:00:00,2018-09-03 04:00:00,1,325.0,966.3742868128793,-641.3742868128793,0.048776399984490126,True,False,True
27979,2018-09-03 14:00:00,2018-09-03 15:00:00,1,4411.0,5025.078891707331,-614.0788917073314,0.057098899997072294,True,False,True
27990,2018-09-04 01:00:00,2018-09-04 02:00:00,1,254.0,195.75386482129716,58.24613517870284,0.05773519998183474,True,False,True
28001,2018-09-04 12:00:00,2018-09-04 13:00:00,1,4652.0,4472.747090435775,179.25290956422486,0.057639699982246384,True,False,True
28012,2018-09-04 23:00:00,2018-09-05 00:00:00,1,522.0,125.40145727648314,396.59854272351686,0.061611900018760934,True,False,True
28023,2018-09-05 10:00:00,2018-09-05 11:00:00,1,4635.0,4888.107572506542,-253.10757250654206,0.052735600009327754,True,False,True
28034,2018-09-05 21:00:00,2018-09-05 22:00:00,1,1629.0,1932.3844328747396,-303.38443287473956,0.08206240000436082,True,False,True
28045,2018-09-06 08:00:00,2018-09-06 09:00:00,1,5328.0,5183.908576942076,144.09142305792375,0.05561369998031296,True,False,True
28056,2018-09-06 19:00:00,2018-09-06 20:00:00,1,3223.0,2916.7637685338304,306.23623146616956,0.05285370000638068,True,False,True
28067,2018-09-07 06:00:00,2018-09-07 07:00:00,1,6675.0,6228.299256899074,446.70074310092605,0.03868649998912588,True,False,True
28078,2018-09-07 17:00:00,2018-09-07 18:00:00,1,4699.0,4721.517869840517,-22.51786984051705,0.038342299987562,True,False,True
28089,2018-09-08 04:00:00,2018-09-08 05:00:00,1,830.0,839.9310083186456,-9.931008318645581,0.05094760001520626,True,False,True
28100,2018-09-08 15:00:00,2018-09-08 16:00:00,1,4848.0,4710.824054762672,137.17594523732805,0.049314300005789846,True,False,True
28111,2018-09-09 02:00:00,2018-09-09 03:00:00,1,345.0,336.72064885498685,8.279351145013152,0.04118689999449998,True,False,True
28122,2018-09-09 13:00:00,2018-09-09 14:00:00,1,3852.0,4021.4876537484006,-169.4876537484006,0.04955229998449795,True,False,True
28133,2018-09-10 00:00:00,2018-09-10 01:00:00,1,303.0,206.27011770474383,96.72988229525617,0.0670914999791421,True,False,True
28144,2018-09-10 11:00:00,2018-09-10 12:00:00,1,4724.0,4646.183868997287,77.81613100271261,0.04036770001403056,True,False,True
28155,2018-09-10 22:00:00,2018-09-10 23:00:00,1,887.0,779.0886638367101,107.91133616328989,0.06145590002415702,True,False,True
28166,2018-09-11 09:00:00,2018-09-11 10:00:00,1,4257.0,4912.490557498452,-655.4905574984523,0.04706589999841526,True,False,True
28177,2018-09-11 20:00:00,2018-09-11 21:00:00,1,2501.0,2731.110080691739,-230.11008069173886,0.044537800014950335,True,False,True
28188,2018-09-12 07:00:00,2018-09-12 08:00:00,1,6297.0,6088.673576975314,208.32642302468594,0.03949840000132099,True,False,True
28199,2018-09-12 18:00:00,2018-09-12 19:00:00,1,3510.0,3560.921768800745,-50.92176880074521,0.03516110000782646,True,False,True
28210,2018-09-13 05:00:00,2018-09-13 06:00:00,1,5830.0,5647.3542001582555,182.64579984174452,0.061002999980701134,True,False,True
28221,2018-09-13 16:00:00,2018-09-13 17:00:00,1,5701.0,5908.9646187088165,-207.9646187088165,0.033258200011914596,True,False,True
28232,2018-09-14 03:00:00,2018-09-14 04:00:00,1,892.0,825.8169767935692,66.18302320643079,0.066661099990597,True,False,True
28243,2018-09-14 14:00:00,2018-09-14 15:00:00,1,5953.0,5432.411441816318,520.5885581836819,0.0343187999969814,True,False,True
28254,2018-09-15 01:00:00,2018-09-15 02:00:00,1,584.0,587.7559373944173,-3.7559373944172876,0.07406819998868741,True,False,True
28265,2018-09-15 12:00:00,2018-09-15 13:00:00,1,4848.0,4995.154557272337,-147.15455727233712,0.20307519999914803,True,False,True
28276,2018-09-15 23:00:00,2018-09-16 00:00:00,1,1353.0,1363.290419085416,-10.290419085416033,0.13879320002160966,True,False,True
28287,2018-09-16 10:00:00,2018-09-16 11:00:00,1,4352.0,3694.3960551906266,657.6039448093734,0.04165359999751672,True,False,True
28298,2018-09-16 21:00:00,2018-09-16 22:00:00,1,1725.0,1957.4965680523287,-232.4965680523287,0.05083829999784939,True,False,True
28309,2018-09-17 08:00:00,2018-09-17 09:00:00,1,5145.0,5296.976449971211,-151.97644997121097,0.04156970002804883,True,False,True
28320,2018-09-17 19:00:00,2018-09-17 20:00:00,1,2466.0,2510.0103062560725,-44.010306256072454,0.04795959999319166,True,False,True
28331,2018-09-18 06:00:00,2018-09-18 07:00:00,1,6516.0,6327.971989831163,188.02801016883677,0.03542979998746887,True,False,True
28342,2018-09-18 17:00:00,2018-09-18 18:00:00,1,4423.0,4578.156958832779,-155.1569588327793,0.03910809999797493,True,False,True
28353,2018-09-19 04:00:00,2018-09-19 05:00:00,1,3074.0,3053.1003672250017,20.89963277499828,0.05146940000122413,True,False,True
28364,2018-09-19 15:00:00,2018-09-19 16:00:00,1,6382.0,6433.391023351876,-51.391023351876356,0.05319520001648925,True,False,True
28375,2018-09-20 02:00:00,2018-09-20 03:00:00,1,344.0,312.5865154318576,31.413484568142394,0.03447119999327697,True,False,True
28386,2018-09-20 13:00:00,2018-09-20 14:00:00,1,4517.0,4731.279592413395,-214.27959241339522,0.0837881000188645,True,False,True
28397,2018-09-21 00:00:00,2018-09-21 01:00:00,1,407.0,427.0211204648549,-20.021120464854903,0.05249880001065321,True,False,True
28408,2018-09-21 11:00:00,2018-09-21 12:00:00,1,5039.0,5239.283217291531,-200.2832172915314,0.04134709999198094,True,False,True
28419,2018-09-21 22:00:00,2018-09-21 23:00:00,1,2179.0,1838.847377830128,340.1526221698721,0.03505380000569858,True,False,True
28430,2018-09-22 09:00:00,2018-09-22 10:00:00,1,4308.0,4326.969699398965,-18.96969939896462,0.036433300003409386,True,False,True
28441,2018-09-22 20:00:00,2018-09-22 21:00:00,1,2985.0,3561.9947028046086,-576.9947028046086,0.05373370001325384,True,False,True
28452,2018-09-23 07:00:00,2018-09-23 08:00:00,1,2203.0,2042.7097516948988,160.29024830510116,0.04309379999176599,True,False,True
28463,2018-09-23 18:00:00,2018-09-23 19:00:00,1,3516.0,3515.6844373292042,0.3155626707957708,0.04386279999744147,True,False,True
28474,2018-09-24 05:00:00,2018-09-24 06:00:00,1,5747.0,5246.790404723996,500.2095952760037,0.06148239999311045,True,False,True
28485,2018-09-24 16:00:00,2018-09-24 17:00:00,1,5562.0,5682.878670692438,-120.87867069243839,0.04241399999591522,True,False,True
28496,2018-09-25 03:00:00,2018-09-25 04:00:00,1,880.0,905.2902772783827,-25.290277278382746,0.04765289998613298,True,False,True
28507,2018-09-25 14:00:00,2018-09-25 15:00:00,1,5748.0,5615.531177120759,132.4688228792411,0.038386000000173226,True,False,True
28518,2018-09-26 01:00:00,2018-09-26 02:00:00,1,227.0,241.7705880703861,-14.770588070386111,0.06922549998853356,True,False,True
28529,2018-09-26 12:00:00,2018-09-26 13:00:00,1,4624.0,4680.681828033809,-56.681828033809325,0.03508490000967868,True,False,True
28540,2018-09-26 23:00:00,2018-09-27 00:00:00,1,654.0,484.02330128297854,169.97669871702146,0.031154199998127297,True,False,True
28551,2018-09-27 10:00:00,2018-09-27 11:00:00,1,4670.0,4721.3682012885965,-51.36820128859654,0.032366400002501905,True,False,True
28562,2018-09-27 21:00:00,2018-09-27 22:00:00,1,2003.0,1896.9029239052527,106.09707609474731,0.036805100011406466,True,False,True
28573,2018-09-28 08:00:00,2018-09-28 09:00:00,1,4791.0,5086.929746261469,-295.9297462614686,0.048355899984017015,True,False,True
28584,2018-09-28 19:00:00,2018-09-28 20:00:00,1,3538.0,3798.6469875024786,-260.6469875024786,0.04875270000775345,True,False,True
28595,2018-09-29 06:00:00,2018-09-29 07:00:00,1,2036.0,2023.637082018865,12.36291798113507,0.05144320000545122,True,False,True
28606,2018-09-29 17:00:00,2018-09-29 18:00:00,1,4569.0,4463.89352950235,105.10647049764975,0.032955999980913475,True,False,True
28617,2018-09-30 04:00:00,2018-09-30 05:00:00,1,444.0,501.78725416881434,-57.78725416881434,0.03598549999878742,True,False,True
28628,2018-09-30 15:00:00,2018-09-30 16:00:00,1,4283.0,4506.988972077258,-223.98897207725804,0.03989039998850785,True,False,True
