parameters,aic,bic,converged,status,protocol_signature
"{""order"": [2, 0, 2], ""seasonal_order"": [0, 1, 1, 24]}",20608.11069169038,20686.655781831698,True,ok,57dbcde788ffac23
"{""order"": [2, 1, 2], ""seasonal_order"": [0, 1, 1, 24]}",20617.3399332446,20695.8742203606,True,ok,57dbcde788ffac23
"{""order"": [2, 0, 0], ""seasonal_order"": [0, 1, 1, 24]}",20634.09010831509,20702.181224810094,True,ok,57dbcde788ffac23
"{""order"": [2, 1, 1], ""seasonal_order"": [0, 1, 1, 24]}",20633.674656717347,20706.98340751591,True,ok,57dbcde788ffac23
"{""order"": [2, 0, 1], ""seasonal_order"": [0, 1, 1, 24]}",20636.672685828005,20709.991512193752,True,ok,57dbcde788ffac23
"{""order"": [1, 0, 2], ""seasonal_order"": [0, 1, 1, 24]}",20644.20896268017,20717.517713478734,True,ok,57dbcde788ffac23
"{""order"": [1, 0, 1], ""seasonal_order"": [0, 1, 1, 24]}",20705.576241915398,20773.65800925502,True,ok,57dbcde788ffac23
"{""order"": [0, 1, 2], ""seasonal_order"": [0, 1, 1, 24]}",20850.515811674835,20918.578860508704,True,ok,57dbcde788ffac23
"{""order"": [2, 1, 0], ""seasonal_order"": [0, 1, 1, 24]}",20851.127073366453,20919.208840706076,True,ok,57dbcde788ffac23
"{""order"": [1, 1, 2], ""seasonal_order"": [0, 1, 1, 24]}",20849.657566184305,20922.95623415924,True,ok,57dbcde788ffac23
"{""order"": [0, 1, 1], ""seasonal_order"": [0, 1, 1, 24]}",20870.271313739784,20933.107385852836,True,ok,57dbcde788ffac23
"{""order"": [1, 1, 1], ""seasonal_order"": [0, 1, 1, 24]}",20867.824696123855,20935.89710757966,True,ok,57dbcde788ffac23
"{""order"": [0, 0, 2], ""seasonal_order"": [0, 1, 1, 24]}",20893.12563008848,20961.19804154429,True,ok,57dbcde788ffac23
"{""order"": [1, 1, 0], ""seasonal_order"": [0, 1, 1, 24]}",20931.39901832019,20994.243726633686,True,ok,57dbcde788ffac23
"{""order"": [1, 0, 0], ""seasonal_order"": [0, 1, 1, 24]}",21085.261782119855,21148.115120422935,True,ok,57dbcde788ffac23
"{""order"": [0, 1, 0], ""seasonal_order"": [0, 1, 1, 24]}",21161.96243576297,21219.57008505034,True,ok,57dbcde788ffac23
"{""order"": [2, 1, 2], ""seasonal_order"": [1, 0, 0, 24]}",21165.462595848476,21244.264651588743,True,ok,57dbcde788ffac23
"{""order"": [1, 1, 2], ""seasonal_order"": [1, 0, 0, 24]}",21266.041165137554,21339.599654987946,True,ok,57dbcde788ffac23
"{""order"": [2, 1, 2], ""seasonal_order"": [0, 0, 1, 24]}",21292.095176821138,21370.886613091934,True,ok,57dbcde788ffac23
"{""order"": [2, 1, 1], ""seasonal_order"": [0, 0, 1, 24]}",21311.403603409275,21384.95218876686,True,ok,57dbcde788ffac23
"{""order"": [0, 0, 1], ""seasonal_order"": [0, 1, 1, 24]}",21348.77527621079,21411.619984524285,True,ok,57dbcde788ffac23
"{""order"": [2, 1, 1], ""seasonal_order"": [1, 0, 0, 24]}",21362.981407113588,21436.529992471173,True,ok,57dbcde788ffac23
"{""order"": [2, 0, 1], ""seasonal_order"": [1, 0, 0, 24]}",21384.452394341075,21458.010884191466,True,ok,57dbcde788ffac23
"{""order"": [1, 0, 2], ""seasonal_order"": [1, 0, 0, 24]}",21392.820203721993,21466.388591063074,True,ok,57dbcde788ffac23
"{""order"": [2, 0, 0], ""seasonal_order"": [1, 0, 0, 24]}",21403.95923301357,21472.263545017508,True,ok,57dbcde788ffac23
"{""order"": [2, 1, 0], ""seasonal_order"": [1, 0, 0, 24]}",21409.29485976022,21477.589974735118,True,ok,57dbcde788ffac23
"{""order"": [1, 0, 1], ""seasonal_order"": [1, 0, 0, 24]}",21412.03030741775,21480.343809948754,True,ok,57dbcde788ffac23
"{""order"": [1, 1, 2], ""seasonal_order"": [0, 0, 1, 24]}",21415.737782446868,21489.276456299613,True,ok,57dbcde788ffac23
"{""order"": [2, 0, 2], ""seasonal_order"": [1, 0, 0, 24]}",21448.47511637114,21527.28778406799,True,ok,57dbcde788ffac23
"{""order"": [1, 1, 1], ""seasonal_order"": [1, 0, 0, 24]}",21467.722372066364,21536.0266840703,True,ok,57dbcde788ffac23
"{""order"": [0, 1, 1], ""seasonal_order"": [1, 0, 0, 24]}",21482.055002637167,21545.113620358097,True,ok,57dbcde788ffac23
"{""order"": [0, 1, 2], ""seasonal_order"": [1, 0, 0, 24]}",21479.63391402043,21547.947416551433,True,ok,57dbcde788ffac23
"{""order"": [1, 1, 0], ""seasonal_order"": [1, 0, 0, 24]}",21519.087948269786,21582.138082427264,True,ok,57dbcde788ffac23
"{""order"": [2, 0, 2], ""seasonal_order"": [0, 0, 1, 24]}",21600.829283673207,21679.631339413474,True,ok,57dbcde788ffac23
"{""order"": [2, 1, 0], ""seasonal_order"": [0, 0, 1, 24]}",21613.421287632467,21681.725599636404,True,ok,57dbcde788ffac23
"{""order"": [0, 1, 2], ""seasonal_order"": [0, 0, 1, 24]}",21643.726480241614,21712.012391676304,True,ok,57dbcde788ffac23
"{""order"": [0, 1, 1], ""seasonal_order"": [0, 0, 1, 24]}",21664.661486338824,21727.703130931037,True,ok,57dbcde788ffac23
"{""order"": [1, 1, 1], ""seasonal_order"": [0, 0, 1, 24]}",21662.617508290212,21730.91262326511,True,ok,57dbcde788ffac23
"{""order"": [0, 0, 2], ""seasonal_order"": [1, 0, 0, 24]}",21668.168801155556,21736.491487720854,True,ok,57dbcde788ffac23
"{""order"": [1, 0, 2], ""seasonal_order"": [0, 0, 1, 24]}",21666.476458100515,21740.0250434581,True,ok,57dbcde788ffac23
"{""order"": [1, 0, 1], ""seasonal_order"": [0, 0, 1, 24]}",21691.166633138513,21759.47094514245,True,ok,57dbcde788ffac23
"{""order"": [2, 0, 1], ""seasonal_order"": [0, 0, 1, 24]}",21686.39649310238,21759.95498295277,True,ok,57dbcde788ffac23
"{""order"": [0, 1, 0], ""seasonal_order"": [1, 0, 0, 24]}",21730.777994158452,21788.581727069304,True,ok,57dbcde788ffac23
"{""order"": [1, 0, 0], ""seasonal_order"": [1, 0, 0, 24]}",21726.914076450823,21789.972694171753,True,ok,57dbcde788ffac23
"{""order"": [1, 1, 0], ""seasonal_order"": [0, 0, 1, 24]}",21762.565153222808,21825.615287380286,True,ok,57dbcde788ffac23
"{""order"": [2, 0, 0], ""seasonal_order"": [0, 0, 1, 24]}",21769.93249458116,21838.245997112164,True,ok,57dbcde788ffac23
"{""order"": [0, 1, 0], ""seasonal_order"": [0, 0, 1, 24]}",21986.457905063206,22044.25386137423,True,ok,57dbcde788ffac23
"{""order"": [1, 0, 0], ""seasonal_order"": [0, 0, 1, 24]}",22010.135887557226,22073.194505278156,True,ok,57dbcde788ffac23
"{""order"": [2, 1, 2], ""seasonal_order"": [0, 0, 0, 24]}",22016.982355603635,22090.75699009815,True,ok,57dbcde788ffac23
"{""order"": [2, 1, 1], ""seasonal_order"": [0, 0, 0, 24]}",22023.492479075627,22092.006546594654,True,ok,57dbcde788ffac23
"{""order"": [0, 0, 1], ""seasonal_order"": [1, 0, 0, 24]}",22088.147726517345,22151.21482180839,True,ok,57dbcde788ffac23
"{""order"": [1, 1, 2], ""seasonal_order"": [0, 0, 0, 24]}",22225.045988204536,22293.55100594944,True,ok,57dbcde788ffac23
"{""order"": [2, 0, 2], ""seasonal_order"": [0, 0, 0, 24]}",22312.089843020884,22385.87422342599,True,ok,57dbcde788ffac23
"{""order"": [2, 1, 0], ""seasonal_order"": [0, 0, 0, 24]}",22356.288445659615,22419.532200292564,True,ok,57dbcde788ffac23
"{""order"": [0, 1, 2], ""seasonal_order"": [0, 0, 0, 24]}",22429.631777591516,22492.867178586814,True,ok,57dbcde788ffac23
"{""order"": [1, 1, 1], ""seasonal_order"": [0, 0, 0, 24]}",22456.99976052878,22520.24351516173,True,ok,57dbcde788ffac23
"{""order"": [0, 1, 1], ""seasonal_order"": [0, 0, 0, 24]}",22480.202273538784,22538.17571528565,True,ok,57dbcde788ffac23
"{""order"": [1, 0, 2], ""seasonal_order"": [0, 0, 0, 24]}",22486.045772145164,22554.55983966419,True,ok,57dbcde788ffac23
"{""order"": [2, 0, 1], ""seasonal_order"": [0, 0, 0, 24]}",22493.241112521882,22561.764223519534,True,ok,57dbcde788ffac23
"{""order"": [1, 0, 1], ""seasonal_order"": [0, 0, 0, 24]}",22516.914533240917,22580.16663570029,True,ok,57dbcde788ffac23
"{""order"": [0, 0, 0], ""seasonal_order"": [0, 1, 1, 24]}",22528.44814839789,22586.063708509046,True,ok,57dbcde788ffac23
"{""order"": [1, 1, 0], ""seasonal_order"": [0, 0, 0, 24]}",22641.31335836165,22699.294452282742,True,ok,57dbcde788ffac23
"{""order"": [2, 0, 0], ""seasonal_order"": [0, 0, 0, 24]}",22646.469293104867,22709.72139556424,True,ok,57dbcde788ffac23
"{""order"": [0, 1, 0], ""seasonal_order"": [0, 0, 0, 24]}",23028.252413912407,23080.962499295216,True,ok,57dbcde788ffac23
"{""order"": [1, 0, 0], ""seasonal_order"": [0, 0, 0, 24]}",23054.01855318593,23112.00729396169,True,ok,57dbcde788ffac23
"{""order"": [0, 0, 2], ""seasonal_order"": [0, 0, 1, 24]}",23181.917248627637,23250.212363602535,True,ok,57dbcde788ffac23
"{""order"": [0, 0, 0], ""seasonal_order"": [1, 0, 0, 24]}",23202.01626530035,23259.82776931714,True,ok,57dbcde788ffac23
"{""order"": [0, 0, 1], ""seasonal_order"": [0, 0, 1, 24]}",24108.237278116292,24171.28741227377,True,ok,57dbcde788ffac23
"{""order"": [0, 0, 2], ""seasonal_order"": [0, 0, 0, 24]}",24580.617052778995,24643.860807411944,True,ok,57dbcde788ffac23
"{""order"": [0, 0, 0], ""seasonal_order"": [0, 0, 1, 24]}",25651.359535162075,25709.163268072927,True,ok,57dbcde788ffac23
"{""order"": [0, 0, 1], ""seasonal_order"": [0, 0, 0, 24]}",26575.610328498435,26633.591422419526,True,ok,57dbcde788ffac23
"{""order"": [0, 0, 0], ""seasonal_order"": [0, 0, 0, 24]}",36733.65552030118,36786.37255737006,True,ok,57dbcde788ffac23
