model,parameters,validation_mae,mean_seconds_per_origin,elapsed_seconds,convergence_rate,status,protocol_signature,feature_complexity,component_complexity,mae_3
PLS_Regression,"{""feature_set"": ""no_weather"", ""n_components"": 15}",233.2626019943465,0.015965841472886193,4.119187100004638,1.0,ok,96a32d05b15356f0,32,15,233.263
PLS_Regression,"{""feature_set"": ""full"", ""n_components"": 30}",233.41662134099354,0.026904986046508223,6.941486399999121,1.0,ok,96a32d05b15356f0,36,30,233.417
PLS_Regression,"{""feature_set"": ""full"", ""n_components"": 31}",233.43167102476735,0.027146226356582998,7.003726399998413,1.0,ok,96a32d05b15356f0,36,31,233.432
PLS_Regression,"{""feature_set"": ""full"", ""n_components"": 32}",233.47444107533872,0.029062262015546268,7.498063600010937,1.0,ok,96a32d05b15356f0,36,32,233.474
PLS_Regression,"{""feature_set"": ""full"", ""n_components"": 29}",233.4833036239473,0.025870918216975226,6.674696899979608,1.0,ok,96a32d05b15356f0,36,29,233.483
PLS_Regression,"{""feature_set"": ""no_weather"", ""n_components"": 28}",233.59105726100796,0.023302669379821356,6.01208869999391,1.0,ok,96a32d05b15356f0,32,28,233.591
PLS_Regression,"{""feature_set"": ""no_weather"", ""n_components"": 29}",233.6092188711687,0.02460201744187818,6.347320500004571,1.0,ok,96a32d05b15356f0,32,29,233.609
PLS_Regression,"{""feature_set"": ""no_weather"", ""n_components"": 30}",233.63075548041644,0.025367222868254435,6.544743500009645,1.0,ok,96a32d05b15356f0,32,30,233.631
PLS_Regression,"{""feature_set"": ""no_weather"", ""n_components"": 31}",233.63848531123108,0.025134643410849603,6.484737999999197,1.0,ok,96a32d05b15356f0,32,31,233.638
PLS_Regression,"{""feature_set"": ""no_weather"", ""n_components"": 32}",233.64301971046896,0.025958385271364966,6.697263400012162,1.0,ok,96a32d05b15356f0,32,32,233.643
PLS_Regression,"{""feature_set"": ""no_weather"", ""n_components"": 27}",233.80440623728967,0.022986464728641888,5.930507899989607,1.0,ok,96a32d05b15356f0,32,27,233.804
PLS_Regression,"{""feature_set"": ""full"", ""n_components"": 15}",233.84006807341308,0.017605162015506933,4.542131800000789,1.0,ok,96a32d05b15356f0,36,15,233.84
PLS_Regression,"{""feature_set"": ""no_weather"", ""n_components"": 13}",233.92853305067123,0.014803955038827157,3.819420400017407,1.0,ok,96a32d05b15356f0,32,13,233.929
PLS_Regression,"{""feature_set"": ""full"", ""n_components"": 28}",234.0797543293326,0.02602096705423585,6.713409499992849,1.0,ok,96a32d05b15356f0,36,28,234.08
PLS_Regression,"{""feature_set"": ""full"", ""n_components"": 16}",234.11150140673695,0.01809484069765809,4.668468899995787,1.0,ok,96a32d05b15356f0,36,16,234.112
PLS_Regression,"{""feature_set"": ""full"", ""n_components"": 27}",234.30419070507844,0.02854234883717402,7.363925999990897,1.0,ok,96a32d05b15356f0,36,27,234.304
PLS_Regression,"{""feature_set"": ""no_weather"", ""n_components"": 26}",234.46127519131733,0.021963543798494724,5.6665943000116386,1.0,ok,96a32d05b15356f0,32,26,234.461
PLS_Regression,"{""feature_set"": ""full"", ""n_components"": 26}",234.88661830423067,0.025690430620177142,6.628131100005703,1.0,ok,96a32d05b15356f0,36,26,234.887
PLS_Regression,"{""feature_set"": ""no_weather"", ""n_components"": 25}",234.95643934544995,0.021905161240255433,5.651531599985901,1.0,ok,96a32d05b15356f0,32,25,234.956
PLS_Regression,"{""feature_set"": ""no_weather"", ""n_components"": 14}",235.20231451551138,0.014969310852745908,3.8620822000084445,1.0,ok,96a32d05b15356f0,32,14,235.202
PLS_Regression,"{""feature_set"": ""full"", ""n_components"": 17}",235.27029332958764,0.01869937441855048,4.824438599986024,1.0,ok,96a32d05b15356f0,36,17,235.27
PLS_Regression,"{""feature_set"": ""full"", ""n_components"": 25}",235.28028491002408,0.023424482170461728,6.043516399979126,1.0,ok,96a32d05b15356f0,36,25,235.28
PLS_Regression,"{""feature_set"": ""no_weather"", ""n_components"": 18}",235.44906311461114,0.017556086821750513,4.529470400011633,1.0,ok,96a32d05b15356f0,32,18,235.449
PLS_Regression,"{""feature_set"": ""no_weather"", ""n_components"": 24}",235.63710763465818,0.020811991860513402,5.369493900012458,1.0,ok,96a32d05b15356f0,32,24,235.637
PLS_Regression,"{""feature_set"": ""full"", ""n_components"": 18}",235.67211653027138,0.018797128294574732,4.849659100000281,1.0,ok,96a32d05b15356f0,36,18,235.672
PLS_Regression,"{""feature_set"": ""full"", ""n_components"": 19}",235.67441096440524,0.01967015232558745,5.074899300001562,1.0,ok,96a32d05b15356f0,36,19,235.674
PLS_Regression,"{""feature_set"": ""compact"", ""n_components"": 27}",235.69335696208302,0.02195159263573605,5.663510900019901,1.0,ok,96a32d05b15356f0,29,27,235.693
PLS_Regression,"{""feature_set"": ""full"", ""n_components"": 14}",235.70645310316482,0.016338868604750957,4.215428100025747,1.0,ok,96a32d05b15356f0,36,14,235.706
PLS_Regression,"{""feature_set"": ""compact"", ""n_components"": 26}",235.72210959207345,0.021482016666645235,5.5423602999944706,1.0,ok,96a32d05b15356f0,29,26,235.722
PLS_Regression,"{""feature_set"": ""compact"", ""n_components"": 28}",235.72849454451193,0.022213581782971444,5.7311041000066325,1.0,ok,96a32d05b15356f0,29,28,235.728
PLS_Regression,"{""feature_set"": ""compact"", ""n_components"": 29}",235.74105953946727,0.023340735658949112,6.021909800008871,1.0,ok,96a32d05b15356f0,29,29,235.741
PLS_Regression,"{""feature_set"": ""no_weather"", ""n_components"": 16}",235.7588233771038,0.016419256589165168,4.236168200004613,1.0,ok,96a32d05b15356f0,32,16,235.759
PLS_Regression,"{""feature_set"": ""full"", ""n_components"": 20}",235.9850982559138,0.02088108255815342,5.387319300003583,1.0,ok,96a32d05b15356f0,36,20,235.985
PLS_Regression,"{""feature_set"": ""no_weather"", ""n_components"": 23}",236.048390131151,0.020024856976743305,5.166413099999772,1.0,ok,96a32d05b15356f0,32,23,236.048
PLS_Regression,"{""feature_set"": ""compact"", ""n_components"": 25}",236.11987571607608,0.020864077519409743,5.382932000007713,1.0,ok,96a32d05b15356f0,29,25,236.12
PLS_Regression,"{""feature_set"": ""full"", ""n_components"": 21}",236.22204849723255,0.021189223255807816,5.466819599998416,1.0,ok,96a32d05b15356f0,36,21,236.222
PLS_Regression,"{""feature_set"": ""no_weather"", ""n_components"": 19}",236.2487559048679,0.01798567364340677,4.6403037999989465,1.0,ok,96a32d05b15356f0,32,19,236.249
PLS_Regression,"{""feature_set"": ""full"", ""n_components"": 24}",236.27288998037417,0.02235170658912452,5.766740299994126,1.0,ok,96a32d05b15356f0,36,24,236.273
PLS_Regression,"{""feature_set"": ""no_weather"", ""n_components"": 17}",236.3621586685526,0.016951760465198903,4.373554200021317,1.0,ok,96a32d05b15356f0,32,17,236.362
PLS_Regression,"{""feature_set"": ""no_weather"", ""n_components"": 20}",236.38307540850656,0.01856496317825161,4.789760499988915,1.0,ok,96a32d05b15356f0,32,20,236.383
PLS_Regression,"{""feature_set"": ""compact"", ""n_components"": 14}",236.60406858874669,0.016891670542703255,4.35805100001744,1.0,ok,96a32d05b15356f0,29,14,236.604
PLS_Regression,"{""feature_set"": ""compact"", ""n_components"": 24}",236.6147347953583,0.020300762790689323,5.237596799997846,1.0,ok,96a32d05b15356f0,29,24,236.615
PLS_Regression,"{""feature_set"": ""full"", ""n_components"": 23}",236.6549076837394,0.022733973643436572,5.865365200006636,1.0,ok,96a32d05b15356f0,36,23,236.655
PLS_Regression,"{""feature_set"": ""compact"", ""n_components"": 23}",236.95160076873847,0.01984866937986113,5.120956700004172,1.0,ok,96a32d05b15356f0,29,23,236.952
PLS_Regression,"{""feature_set"": ""compact"", ""n_components"": 13}",236.9631940875268,0.014062773643418887,3.6281956000020728,1.0,ok,96a32d05b15356f0,29,13,236.963
PLS_Regression,"{""feature_set"": ""no_weather"", ""n_components"": 21}",236.97406856738272,0.01881067248064909,4.8531535000074655,1.0,ok,96a32d05b15356f0,32,21,236.974
PLS_Regression,"{""feature_set"": ""full"", ""n_components"": 22}",236.99638196768666,0.02104823333333073,5.430444199999329,1.0,ok,96a32d05b15356f0,36,22,236.996
PLS_Regression,"{""feature_set"": ""no_weather"", ""n_components"": 22}",236.99866429751802,0.019571367054257195,5.049412699998356,1.0,ok,96a32d05b15356f0,32,22,236.999
PLS_Regression,"{""feature_set"": ""full"", ""n_components"": 12}",237.16813474214752,0.014939997674375701,3.8545193999889307,1.0,ok,96a32d05b15356f0,36,12,237.168
PLS_Regression,"{""feature_set"": ""compact"", ""n_components"": 17}",237.37396895158565,0.01608354534875771,4.14955469997949,1.0,ok,96a32d05b15356f0,29,17,237.374
PLS_Regression,"{""feature_set"": ""compact"", ""n_components"": 16}",237.50765203830002,0.014850370155001246,3.8313954999903217,1.0,ok,96a32d05b15356f0,29,16,237.508
PLS_Regression,"{""feature_set"": ""compact"", ""n_components"": 22}",237.66646833178567,0.018930780232632206,4.88414130001911,1.0,ok,96a32d05b15356f0,29,22,237.666
PLS_Regression,"{""feature_set"": ""compact"", ""n_components"": 12}",237.70561741202258,0.013045649224817355,3.365777500002878,1.0,ok,96a32d05b15356f0,29,12,237.706
PLS_Regression,"{""feature_set"": ""no_weather"", ""n_components"": 12}",237.93994917842483,0.013676507364418862,3.5285389000200666,1.0,ok,96a32d05b15356f0,32,12,237.94
PLS_Regression,"{""feature_set"": ""compact"", ""n_components"": 15}",238.0411774871066,0.01958735542637639,5.0535377000051085,1.0,ok,96a32d05b15356f0,29,15,238.041
PLS_Regression,"{""feature_set"": ""compact"", ""n_components"": 18}",238.1631687871159,0.016779493798511718,4.329109400016023,1.0,ok,96a32d05b15356f0,29,18,238.163
PLS_Regression,"{""feature_set"": ""compact"", ""n_components"": 20}",238.4414477516219,0.018398055038775875,4.746698200004175,1.0,ok,96a32d05b15356f0,29,20,238.441
PLS_Regression,"{""feature_set"": ""compact"", ""n_components"": 21}",238.52061991226822,0.018683480232518146,4.820337899989681,1.0,ok,96a32d05b15356f0,29,21,238.521
PLS_Regression,"{""feature_set"": ""compact"", ""n_components"": 19}",238.53301255736673,0.024328157751976203,6.27666470000986,1.0,ok,96a32d05b15356f0,29,19,238.533
PLS_Regression,"{""feature_set"": ""full"", ""n_components"": 13}",238.70052920154353,0.015062783720908513,3.8861981999943964,1.0,ok,96a32d05b15356f0,36,13,238.701
PLS_Regression,"{""feature_set"": ""compact"", ""n_components"": 11}",245.68798274985065,0.012626187984498629,3.2575565000006463,1.0,ok,96a32d05b15356f0,29,11,245.688
PLS_Regression,"{""feature_set"": ""no_weather"", ""n_components"": 11}",246.9965106290637,0.018602183720935316,4.799363400001312,1.0,ok,96a32d05b15356f0,32,11,246.997
PLS_Regression,"{""feature_set"": ""full"", ""n_components"": 11}",249.74405731278756,0.014963626744141693,3.860615699988557,1.0,ok,96a32d05b15356f0,36,11,249.744
PLS_Regression,"{""feature_set"": ""no_weather"", ""n_components"": 10}",251.68789030752828,0.01355695155033636,3.497693499986781,1.0,ok,96a32d05b15356f0,32,10,251.688
PLS_Regression,"{""feature_set"": ""full"", ""n_components"": 10}",254.80277874118033,0.01387022054269585,3.5785169000155292,1.0,ok,96a32d05b15356f0,36,10,254.803
PLS_Regression,"{""feature_set"": ""compact"", ""n_components"": 10}",255.7562739408286,0.012320380232521593,3.178658099990571,1.0,ok,96a32d05b15356f0,29,10,255.756
PLS_Regression,"{""feature_set"": ""compact"", ""n_components"": 9}",258.7809405174883,0.011527757364318006,2.9741613999940455,1.0,ok,96a32d05b15356f0,29,9,258.781
PLS_Regression,"{""feature_set"": ""no_weather"", ""n_components"": 9}",262.4221663611848,0.012925223255838636,3.334707600006368,1.0,ok,96a32d05b15356f0,32,9,262.422
PLS_Regression,"{""feature_set"": ""full"", ""n_components"": 9}",272.26914952601277,0.01276501317827984,3.2933733999961987,1.0,ok,96a32d05b15356f0,36,9,272.269
PLS_Regression,"{""feature_set"": ""compact"", ""n_components"": 8}",275.3426629496873,0.01132269689922452,2.9212557999999262,1.0,ok,96a32d05b15356f0,29,8,275.343
PLS_Regression,"{""feature_set"": ""no_weather"", ""n_components"": 8}",284.6362979887201,0.011494700387643664,2.9656327000120655,1.0,ok,96a32d05b15356f0,32,8,284.636
PLS_Regression,"{""feature_set"": ""full"", ""n_components"": 8}",294.9663309766575,0.011950785271388428,3.0833026000182144,1.0,ok,96a32d05b15356f0,36,8,294.966
PLS_Regression,"{""feature_set"": ""compact"", ""n_components"": 7}",297.99471886697745,0.01034723100775416,2.6695856000005733,1.0,ok,96a32d05b15356f0,29,7,297.995
PLS_Regression,"{""feature_set"": ""full"", ""n_components"": 7}",307.2135669216064,0.01308074806193738,3.3748329999798443,1.0,ok,96a32d05b15356f0,36,7,307.214
PLS_Regression,"{""feature_set"": ""no_weather"", ""n_components"": 7}",307.9738297140673,0.010272772093019232,2.6503751999989618,1.0,ok,96a32d05b15356f0,32,7,307.974
PLS_Regression,"{""feature_set"": ""compact"", ""n_components"": 6}",317.63125706589307,0.009728491472805915,2.509950799983926,1.0,ok,96a32d05b15356f0,29,6,317.631
PLS_Regression,"{""feature_set"": ""no_weather"", ""n_components"": 6}",326.22154649911397,0.01045092945733891,2.6963397999934386,1.0,ok,96a32d05b15356f0,32,6,326.222
PLS_Regression,"{""feature_set"": ""full"", ""n_components"": 6}",327.17052689860884,0.012932350775231463,3.3365465000097174,1.0,ok,96a32d05b15356f0,36,6,327.171
PLS_Regression,"{""feature_set"": ""compact"", ""n_components"": 5}",333.63963466025194,0.009209236434129311,2.3759830000053626,1.0,ok,96a32d05b15356f0,29,5,333.64
PLS_Regression,"{""feature_set"": ""no_weather"", ""n_components"": 5}",339.91147297851575,0.009242121705423514,2.3844673999992665,1.0,ok,96a32d05b15356f0,32,5,339.911
PLS_Regression,"{""feature_set"": ""full"", ""n_components"": 5}",339.9524206017067,0.012402436434058473,3.199828599987086,1.0,ok,96a32d05b15356f0,36,5,339.952
PLS_Regression,"{""feature_set"": ""no_weather"", ""n_components"": 4}",343.12706368569064,0.009232087209261232,2.381878499989398,1.0,ok,96a32d05b15356f0,32,4,343.127
PLS_Regression,"{""feature_set"": ""compact"", ""n_components"": 4}",348.1633881416652,0.008583370155100746,2.2145095000159927,1.0,ok,96a32d05b15356f0,29,4,348.163
PLS_Regression,"{""feature_set"": ""full"", ""n_components"": 4}",349.8970606232901,0.011418554651218849,2.945987100014463,1.0,ok,96a32d05b15356f0,36,4,349.897
PLS_Regression,"{""feature_set"": ""no_weather"", ""n_components"": 3}",364.5426799099298,0.008542589147262953,2.203987999993842,1.0,ok,96a32d05b15356f0,32,3,364.543
PLS_Regression,"{""feature_set"": ""compact"", ""n_components"": 3}",365.52842700049473,0.007385011627916391,1.905333000002429,1.0,ok,96a32d05b15356f0,29,3,365.528
PLS_Regression,"{""feature_set"": ""full"", ""n_components"": 3}",368.57501625796044,0.011058045348807694,2.8529756999923848,1.0,ok,96a32d05b15356f0,36,3,368.575
PLS_Regression,"{""feature_set"": ""no_weather"", ""n_components"": 2}",379.4804564524825,0.007663214728691933,1.9771094000025187,1.0,ok,96a32d05b15356f0,32,2,379.48
PLS_Regression,"{""feature_set"": ""full"", ""n_components"": 2}",381.6099209944786,0.00899192054265056,2.3199155000038445,1.0,ok,96a32d05b15356f0,36,2,381.61
PLS_Regression,"{""feature_set"": ""compact"", ""n_components"": 2}",382.43686029401755,0.0073012236433325686,1.8837156999798026,1.0,ok,96a32d05b15356f0,29,2,382.437
PLS_Regression,"{""feature_set"": ""compact"", ""n_components"": 1}",427.7114494910723,0.006953048062025274,1.7938864000025205,1.0,ok,96a32d05b15356f0,29,1,427.711
PLS_Regression,"{""feature_set"": ""full"", ""n_components"": 1}",436.80670048095675,0.013651551550404031,3.52210030000424,1.0,ok,96a32d05b15356f0,36,1,436.807
PLS_Regression,"{""feature_set"": ""no_weather"", ""n_components"": 1}",438.75997459206764,0.007136508139516335,1.8412190999952145,1.0,ok,96a32d05b15356f0,32,1,438.76
