variável,valores_ausentes,percentual_ausente,outliers_iqr_indicativos
CO,1776,5.065023956194388,2607.0
O3,1719,4.902464065708419,1310.0
NO2,1023,2.9175222450376452,472.0
SO2,935,2.666552589550536,3054.0
PM2.5,925,2.63803331051791,1624.0
PM10,718,2.0476842345425506,1080.0
wd,81,0.23100616016427106,
DEWP,20,0.05703855806525211,0.0
RAIN,20,0.05703855806525211,0.0
TEMP,20,0.05703855806525211,0.0
PRES,20,0.05703855806525211,0.0
WSPM,14,0.03992699064567648,1742.0
station,0,0.0,
No,0,0.0,
year,0,0.0,
hour,0,0.0,
day,0,0.0,
month,0,0.0,
timestamp,0,0.0,
