DATE_ORIGIN,TARGET_DATE,GOLD_PRICE_ORIGIN,Y_TRUE,Y_PRED,ABS_ERROR
2007-06-06,2007-06-07,669.8,670.85,669.8,1.0500000000000682
2007-06-13,2007-06-14,644.1,650.75,644.1,6.649999999999977
2007-06-20,2007-06-21,659.6,654.5,659.6,5.100000000000023
2007-06-28,2007-06-29,645.7,648.5,645.7,2.7999999999999545
2007-07-05,2007-07-06,655.9,647.75,655.9,8.149999999999977
2007-07-12,2007-07-13,663.0,667.5,663.0,4.5
2007-07-19,2007-07-20,673.0,676.0,673.0,3.0
2007-07-26,2007-07-27,675.4,663.5,675.4,11.899999999999977
2007-08-02,2007-08-03,665.35,666.35,665.35,1.0
2007-08-09,2007-08-10,670.85,664.5,670.85,6.350000000000023
2007-08-16,2007-08-17,664.15,653.0,664.15,11.149999999999977
2007-08-23,2007-08-24,662.25,659.75,662.25,2.5
2007-09-10,2007-09-11,704.0,704.25,704.0,0.25
2007-09-17,2007-09-18,710.25,717.7,710.25,7.4500000000000455
2007-09-25,2007-09-26,727.7,730.55,727.7,2.849999999999909
2007-10-02,2007-10-03,735.75,733.15,735.75,2.6000000000000227
2007-10-09,2007-10-10,728.8,740.5,728.8,11.700000000000045
2007-10-16,2007-10-17,761.75,759.75,761.75,2.0
2007-10-23,2007-10-24,757.5,757.35,757.5,0.14999999999997726
2007-10-30,2007-10-31,784.0,783.0,784.0,1.0
2007-11-06,2007-11-07,817.55,841.75,817.55,24.200000000000045
2007-11-13,2007-11-14,803.4,808.25,803.4,4.850000000000023
2007-11-20,2007-11-21,789.65,796.25,789.65,6.600000000000023
2007-11-27,2007-11-28,823.25,796.5,823.25,26.75
2007-12-04,2007-12-05,790.25,801.75,790.25,11.5
2007-12-11,2007-12-12,806.75,807.5,806.75,0.75
2007-12-18,2007-12-19,796.25,801.5,796.25,5.25
2008-01-10,2008-01-11,874.25,893.75,874.25,19.5
2008-01-17,2008-01-18,881.5,872.75,881.5,8.75
2008-01-28,2008-01-29,916.5,927.5,916.5,11.0
2008-02-05,2008-02-06,889.75,892.0,889.75,2.25
2008-02-12,2008-02-13,920.25,905.75,920.25,14.5
2008-02-19,2008-02-20,916.5,924.85,916.5,8.350000000000023
2008-02-26,2008-02-27,934.0,958.75,934.0,24.75
2008-03-04,2008-03-05,981.75,966.25,981.75,15.5
2008-03-11,2008-03-12,980.5,975.75,980.5,4.75
2008-03-18,2008-03-19,1005.75,995.25,1005.75,10.5
2008-04-04,2008-04-07,905.25,914.7,905.25,9.450000000000045
2008-04-11,2008-04-14,925.5,917.75,925.5,7.75
2008-04-22,2008-04-23,920.75,916.25,920.75,4.5
2008-04-29,2008-04-30,886.0,867.75,886.0,18.25
2008-05-15,2008-05-16,866.25,885.0,866.25,18.75
2008-05-22,2008-05-23,928.25,922.25,928.25,6.0
2008-06-09,2008-06-10,904.25,884.5,904.25,19.75
2008-06-16,2008-06-17,872.0,883.0,872.0,11.0
2008-06-24,2008-06-25,888.5,887.25,888.5,1.25
2008-07-01,2008-07-02,929.5,936.0,929.5,6.5
2008-07-08,2008-07-09,929.25,923.25,929.25,6.0
2008-07-15,2008-07-16,981.75,974.0,981.75,7.75
2008-07-22,2008-07-23,973.0,934.75,973.0,38.25
2008-07-29,2008-07-30,928.75,914.1,928.75,14.649999999999977
2008-08-05,2008-08-06,884.0,884.75,884.0,0.75
2008-08-12,2008-08-13,808.75,824.0,808.75,15.25
2008-08-19,2008-08-20,791.0,806.75,791.0,15.75
2008-09-04,2008-09-05,810.5,796.25,810.5,14.25
2008-09-11,2008-09-12,742.75,757.5,742.75,14.75
2008-09-18,2008-09-19,864.25,837.5,864.25,26.75
2008-09-26,2008-09-29,869.0,876.5,869.0,7.5
2008-10-03,2008-10-06,842.5,836.5,842.5,6.0
2008-10-10,2008-10-13,918.0,865.0,918.0,53.0
2008-10-17,2008-10-20,801.0,803.0,801.0,2.0
2008-10-24,2008-10-27,692.5,720.5,692.5,28.0
2008-10-31,2008-11-03,728.5,734.0,728.5,5.5
2008-11-07,2008-11-10,742.0,751.75,742.0,9.75
2008-11-14,2008-11-17,729.5,745.0,729.5,15.5
2008-11-21,2008-11-24,758.5,816.75,758.5,58.25
2008-11-28,2008-12-01,813.5,795.5,813.5,18.0
2008-12-05,2008-12-08,771.75,772.25,771.75,0.5
2008-12-12,2008-12-15,813.75,827.5,813.75,13.75
2008-12-19,2008-12-22,839.0,846.0,839.0,7.0
2009-01-13,2009-01-14,815.5,827.25,815.5,11.75
2009-01-20,2009-01-21,835.0,860.5,835.0,25.5
2009-01-30,2009-02-02,918.5,913.75,918.5,4.75
2009-02-06,2009-02-09,914.0,901.0,914.0,13.0
2009-02-13,2009-02-16,939.25,943.0,939.25,3.75
2009-02-20,2009-02-23,981.0,987.0,981.0,6.0
2009-02-27,2009-03-02,943.75,949.5,943.75,5.75
2009-03-06,2009-03-09,937.75,934.75,937.75,3.0
2009-03-13,2009-03-16,920.0,923.0,920.0,3.0
2009-03-20,2009-03-23,957.0,952.75,957.0,4.25
2009-03-27,2009-03-30,927.0,923.0,927.0,4.0
2009-04-03,2009-04-06,901.5,879.5,901.5,22.0
2009-04-22,2009-04-23,885.0,894.5,885.0,9.5
2009-04-29,2009-04-30,894.5,889.0,894.5,5.5
2009-05-15,2009-05-18,925.0,929.75,925.0,4.75
2009-06-02,2009-06-03,973.5,979.0,973.5,5.5
2009-06-09,2009-06-10,952.5,961.25,952.5,8.75
2009-06-16,2009-06-17,936.75,933.75,936.75,3.0
2009-06-24,2009-06-25,928.75,934.25,928.75,5.5
2009-07-01,2009-07-02,931.5,936.0,931.5,4.5
2009-07-08,2009-07-09,920.75,914.75,920.75,6.0
2009-07-15,2009-07-16,930.0,935.25,930.0,5.25
2009-07-22,2009-07-23,945.5,955.25,945.5,9.75
2009-07-29,2009-07-30,935.5,932.0,935.5,3.5
2009-08-05,2009-08-06,964.5,960.75,964.5,3.75
2009-08-12,2009-08-13,943.5,956.0,943.5,12.5
2009-08-19,2009-08-20,934.25,943.5,934.25,9.25
2009-08-26,2009-08-27,949.5,943.5,949.5,6.0
2009-09-11,2009-09-14,998.25,994.25,998.25,4.0
2009-09-18,2009-09-21,1014.0,999.25,1014.0,14.75
2009-09-25,2009-09-28,997.0,990.5,997.0,6.5
2009-10-05,2009-10-06,1004.25,1020.25,1004.25,16.0
2009-10-12,2009-10-13,1052.0,1064.5,1052.0,12.5
2009-10-19,2009-10-20,1054.5,1064.0,1054.5,9.5
2009-10-26,2009-10-27,1055.0,1040.75,1055.0,14.25
2009-11-02,2009-11-03,1052.0,1058.0,1052.0,6.0
2009-11-09,2009-11-10,1108.5,1099.75,1108.5,8.75
2009-11-16,2009-11-17,1128.75,1131.75,1128.75,3.0
2009-11-23,2009-11-24,1166.0,1170.25,1166.0,4.25
2009-11-30,2009-12-01,1172.0,1193.5,1172.0,21.5
2009-12-07,2009-12-08,1147.5,1164.25,1147.5,16.75
2009-12-14,2009-12-15,1120.0,1115.0,1120.0,5.0
2009-12-21,2009-12-22,1113.25,1094.25,1113.25,19.0
2010-01-13,2010-01-14,1132.75,1137.5,1132.75,4.75
2010-01-20,2010-01-21,1129.0,1104.0,1129.0,25.0
2010-02-01,2010-02-02,1082.0,1114.0,1082.0,32.0
2010-02-08,2010-02-09,1070.0,1068.0,1070.0,2.0
2010-02-15,2010-02-16,1099.5,1115.25,1099.5,15.75
2010-02-22,2010-02-23,1119.75,1112.0,1119.75,7.75
2010-03-01,2010-03-02,1117.25,1116.0,1117.25,1.25
2010-03-08,2010-03-09,1134.0,1120.0,1134.0,14.0
2010-03-15,2010-03-16,1104.0,1113.25,1104.0,9.25
2010-03-22,2010-03-23,1104.25,1100.75,1104.25,3.5
2010-03-29,2010-03-30,1111.25,1109.75,1111.25,1.5
2010-04-15,2010-04-16,1151.25,1157.0,1151.25,5.75
2010-04-22,2010-04-23,1144.25,1140.0,1144.25,4.25
2010-04-29,2010-04-30,1170.0,1175.25,1170.0,5.25
2010-05-17,2010-05-18,1230.25,1215.0,1230.25,15.25
2010-05-24,2010-05-25,1183.75,1189.5,1183.75,5.75
2010-06-09,2010-06-10,1235.0,1220.0,1235.0,15.0
2010-06-16,2010-06-17,1235.5,1234.5,1235.5,1.0
2010-06-23,2010-06-24,1243.0,1233.25,1243.0,9.75
2010-07-01,2010-07-02,1240.0,1210.5,1240.0,29.5
2010-07-08,2010-07-09,1201.25,1196.25,1201.25,5.0
2010-07-15,2010-07-16,1211.75,1204.75,1211.75,7.0
2010-07-22,2010-07-23,1187.0,1198.75,1187.0,11.75
2010-07-29,2010-07-30,1166.0,1168.0,1166.0,2.0
2010-08-05,2010-08-06,1195.5,1194.5,1195.5,1.0
2010-08-12,2010-08-13,1200.0,1215.0,1200.0,15.0
2010-08-19,2010-08-20,1228.0,1230.5,1228.0,2.5
2010-08-26,2010-08-27,1240.25,1234.5,1240.25,5.75
2010-09-13,2010-09-14,1243.0,1253.25,1243.0,10.25
2010-09-20,2010-09-21,1280.25,1278.75,1280.25,1.5
2010-09-28,2010-09-29,1289.0,1307.5,1289.0,18.5
2010-10-05,2010-10-06,1325.75,1347.0,1325.75,21.25
2010-10-12,2010-10-13,1343.5,1358.5,1343.5,15.0
2010-10-19,2010-10-20,1367.75,1340.5,1367.75,27.25
2010-10-26,2010-10-27,1334.0,1332.25,1334.0,1.75
2010-11-02,2010-11-03,1358.0,1358.5,1358.0,0.5
2010-11-09,2010-11-10,1416.25,1402.0,1416.25,14.25
2010-11-16,2010-11-17,1363.25,1336.5,1363.25,26.75
2010-11-23,2010-11-24,1361.0,1376.25,1361.0,15.25
2010-11-30,2010-12-01,1375.0,1391.5,1375.0,16.5
2010-12-07,2010-12-08,1426.0,1395.0,1426.0,31.0
2010-12-14,2010-12-15,1405.0,1388.25,1405.0,16.75
2010-12-21,2010-12-22,1386.0,1389.0,1386.0,3.0
2011-01-13,2011-01-14,1380.75,1369.25,1380.75,11.5
2011-01-20,2011-01-21,1364.5,1344.0,1364.5,20.5
2011-02-01,2011-02-02,1337.5,1337.0,1337.5,0.5
2011-02-08,2011-02-09,1354.0,1362.5,1354.0,8.5
2011-02-15,2011-02-16,1372.25,1374.5,1372.25,2.25
2011-02-22,2011-02-23,1394.5,1401.25,1394.5,6.75
2011-03-01,2011-03-02,1414.5,1430.5,1414.5,16.0
2011-03-08,2011-03-09,1435.0,1431.5,1435.0,3.5
2011-03-15,2011-03-16,1407.0,1398.5,1407.0,8.5
2011-03-22,2011-03-23,1425.5,1433.0,1425.5,7.5
2011-03-29,2011-03-30,1414.0,1419.0,1414.0,5.0
2011-04-05,2011-04-06,1434.5,1457.0,1434.5,22.5
2011-04-12,2011-04-13,1461.25,1458.0,1461.25,3.25
2011-04-19,2011-04-20,1495.0,1505.0,1495.0,10.0
2011-05-13,2011-05-16,1511.0,1495.0,1511.0,16.0
2011-05-24,2011-05-25,1520.75,1527.0,1520.75,6.25
2011-06-09,2011-06-10,1534.0,1541.0,1534.0,7.0
2011-06-16,2011-06-17,1525.0,1526.25,1525.0,1.25
2011-06-23,2011-06-24,1541.5,1521.0,1541.5,20.5
2011-07-01,2011-07-04,1492.75,1495.25,1492.75,2.5
2011-07-08,2011-07-11,1526.0,1543.5,1526.0,17.5
2011-07-15,2011-07-18,1578.5,1598.25,1578.5,19.75
2011-07-22,2011-07-25,1588.0,1618.5,1588.0,30.5
2011-07-29,2011-08-01,1613.75,1613.5,1613.75,0.25
2011-08-05,2011-08-08,1665.0,1709.75,1665.0,44.75
2011-08-12,2011-08-15,1755.0,1738.0,1755.0,17.0
2011-08-19,2011-08-22,1862.0,1877.75,1862.0,15.75
2011-09-06,2011-09-07,1891.0,1844.0,1891.0,47.0
2011-09-13,2011-09-14,1806.0,1829.0,1806.0,23.0
2011-09-20,2011-09-21,1792.0,1810.25,1792.0,18.25
2011-09-28,2011-09-29,1655.0,1620.0,1655.0,35.0
2011-10-05,2011-10-06,1600.0,1649.5,1600.0,49.5
2011-10-12,2011-10-13,1687.0,1673.0,1687.0,14.0
2011-10-19,2011-10-20,1651.0,1629.0,1651.0,22.0
2011-10-26,2011-10-27,1713.0,1708.0,1713.0,5.0
2011-11-02,2011-11-03,1731.0,1732.5,1731.0,1.5
2011-11-09,2011-11-10,1780.0,1766.0,1780.0,14.0
2011-11-16,2011-11-17,1773.0,1756.0,1773.0,17.0
2011-11-23,2011-11-24,1686.0,1699.0,1686.0,13.0
2011-11-30,2011-12-01,1704.0,1750.0,1704.0,46.0
2011-12-07,2011-12-08,1731.0,1739.0,1731.0,8.0
2011-12-14,2011-12-15,1635.0,1590.0,1635.0,45.0
2011-12-21,2011-12-22,1637.5,1609.0,1637.5,28.5
2012-01-13,2012-01-16,1642.0,1643.5,1642.0,1.5
2012-01-20,2012-01-23,1646.0,1675.0,1646.0,29.0
2012-02-01,2012-02-02,1744.0,1747.5,1744.0,3.5
2012-02-08,2012-02-09,1743.0,1733.0,1743.0,10.0
2012-02-15,2012-02-16,1725.5,1716.0,1725.5,9.5
2012-02-22,2012-02-23,1754.75,1776.5,1754.75,21.75
2012-02-29,2012-03-01,1788.0,1721.0,1788.0,67.0
2012-03-07,2012-03-08,1682.5,1701.5,1682.5,19.0
2012-03-14,2012-03-15,1662.0,1646.75,1662.0,15.25
2012-03-21,2012-03-22,1656.0,1636.0,1656.0,20.0
2012-03-28,2012-03-29,1677.0,1655.75,1677.0,21.25
2012-04-04,2012-04-05,1631.75,1622.5,1631.75,9.25
2012-04-23,2012-04-24,1632.0,1638.75,1632.0,6.75
2012-04-30,2012-05-01,1662.5,1661.25,1662.5,1.25
2012-05-16,2012-05-17,1537.5,1547.0,1537.5,9.5
2012-05-23,2012-05-24,1555.0,1558.5,1555.0,3.5
2012-05-30,2012-05-31,1548.75,1567.5,1548.75,18.75
2012-06-18,2012-06-19,1623.5,1628.5,1623.5,5.0
2012-06-25,2012-06-26,1569.0,1583.25,1569.0,14.25
2012-07-04,2012-07-05,1617.0,1616.75,1617.0,0.25
2012-07-11,2012-07-12,1576.5,1565.5,1576.5,11.0
2012-07-18,2012-07-19,1579.5,1580.0,1579.5,0.5
2012-07-25,2012-07-26,1587.5,1603.0,1587.5,15.5
2012-08-01,2012-08-02,1614.75,1604.5,1614.75,10.25
2012-08-08,2012-08-09,1607.0,1612.75,1607.0,5.75
2012-08-15,2012-08-16,1594.75,1603.5,1594.75,8.75
2012-08-22,2012-08-23,1640.5,1662.5,1640.5,22.0
2012-09-07,2012-09-10,1696.0,1732.75,1696.0,36.75
2012-09-14,2012-09-17,1772.5,1767.25,1772.5,5.25
2012-09-21,2012-09-24,1773.75,1758.5,1773.75,15.25
2012-10-01,2012-10-02,1770.5,1778.5,1770.5,8.0
2012-10-08,2012-10-09,1769.0,1770.75,1769.0,1.75
2012-10-15,2012-10-16,1747.25,1737.5,1747.25,9.75
2012-10-22,2012-10-23,1725.0,1717.0,1725.0,8.0
2012-10-29,2012-10-30,1712.0,1713.5,1712.0,1.5
2012-11-05,2012-11-06,1679.0,1691.75,1679.0,12.75
2012-11-12,2012-11-13,1735.75,1724.75,1735.75,11.0
2012-11-19,2012-11-20,1723.25,1734.0,1723.25,10.75
2012-11-26,2012-11-27,1747.25,1747.25,1747.25,0.0
2012-12-03,2012-12-04,1718.0,1706.75,1718.0,11.25
2012-12-10,2012-12-11,1708.5,1709.75,1708.5,1.25
2012-12-17,2012-12-18,1690.0,1699.5,1690.0,9.5
2013-01-09,2013-01-10,1663.5,1663.0,1663.5,0.5
2013-01-16,2013-01-17,1679.75,1683.25,1679.75,3.5
2013-01-25,2013-01-28,1670.25,1656.75,1670.25,13.5
2013-02-04,2013-02-05,1664.25,1678.0,1664.25,13.75
2013-02-11,2013-02-12,1663.5,1641.75,1663.5,21.75
2013-02-18,2013-02-19,1611.25,1613.5,1611.25,2.25
2013-02-25,2013-02-26,1592.5,1597.25,1592.5,4.75
2013-03-04,2013-03-05,1578.0,1584.25,1578.0,6.25
2013-03-11,2013-03-12,1577.5,1582.5,1577.5,5.0
2013-03-18,2013-03-19,1599.5,1602.5,1599.5,3.0
2013-03-25,2013-03-26,1602.25,1597.25,1602.25,5.0
2013-04-11,2013-04-12,1555.75,1548.0,1555.75,7.75
2013-04-18,2013-04-19,1397.0,1414.0,1397.0,17.0
2013-04-25,2013-04-26,1446.5,1462.25,1446.5,15.75
2013-05-15,2013-05-16,1412.25,1377.0,1412.25,35.25
2013-05-22,2013-05-23,1385.25,1386.0,1385.25,0.75
2013-06-07,2013-06-10,1410.0,1376.75,1410.0,33.25
2013-06-14,2013-06-17,1379.75,1386.0,1379.75,6.25
2013-06-21,2013-06-24,1290.25,1283.25,1290.25,7.0
2013-07-01,2013-07-02,1243.5,1260.75,1243.5,17.25
2013-07-08,2013-07-09,1225.5,1252.0,1225.5,26.5
2013-07-15,2013-07-16,1281.25,1286.0,1281.25,4.75
2013-07-22,2013-07-23,1313.75,1326.75,1313.75,13.0
2013-07-29,2013-07-30,1330.75,1322.25,1330.75,8.5
2013-08-05,2013-08-06,1311.0,1292.0,1311.0,19.0
2013-08-12,2013-08-13,1325.75,1334.0,1325.75,8.25
2013-08-19,2013-08-20,1375.25,1365.75,1375.25,9.5
2013-09-04,2013-09-05,1403.75,1391.75,1403.75,12.0
2013-09-11,2013-09-12,1365.25,1340.25,1365.25,25.0
2013-09-18,2013-09-19,1299.75,1363.5,1299.75,63.75
2013-09-26,2013-09-27,1332.5,1321.5,1332.5,11.0
2013-10-03,2013-10-04,1309.0,1316.0,1309.0,7.0
2013-10-10,2013-10-11,1298.0,1285.75,1298.0,12.25
2013-10-17,2013-10-18,1308.5,1317.0,1308.5,8.5
2013-10-24,2013-10-25,1336.25,1341.75,1336.25,5.5
2013-10-31,2013-11-01,1333.75,1314.75,1333.75,19.0
2013-11-07,2013-11-08,1316.0,1309.0,1316.0,7.0
2013-11-14,2013-11-15,1283.25,1281.75,1283.25,1.5
2013-11-21,2013-11-22,1248.5,1241.75,1248.5,6.75
2013-11-28,2013-11-29,1241.75,1245.25,1241.75,3.5
2013-12-05,2013-12-06,1234.0,1230.75,1234.0,3.25
2013-12-12,2013-12-13,1243.5,1222.75,1243.5,20.75
2013-12-19,2013-12-20,1205.25,1195.0,1205.25,10.25
2014-01-13,2014-01-14,1246.0,1248.75,1246.0,2.75
2014-01-20,2014-01-21,1254.75,1247.75,1254.75,7.0
2014-01-30,2014-01-31,1254.0,1246.5,1254.0,7.5
2014-02-06,2014-02-07,1258.5,1260.0,1258.5,1.5
2014-02-13,2014-02-14,1290.25,1308.5,1290.25,18.25
2014-02-20,2014-02-21,1313.75,1320.75,1313.75,7.0
2014-02-27,2014-02-28,1331.0,1327.75,1331.0,3.25
2014-03-06,2014-03-07,1334.25,1348.25,1334.25,14.0
2014-03-13,2014-03-14,1371.0,1370.0,1371.0,1.0
2014-03-20,2014-03-21,1327.0,1338.5,1327.0,11.5
2014-03-27,2014-03-28,1295.0,1295.75,1295.0,0.75
2014-04-03,2014-04-04,1287.25,1293.5,1287.25,6.25
