dataset,model,lag,lb_stat,lb_pvalue
gold,Holt_Winters,1,2.6763743567619582,0.1018473684631666
gold,Holt_Winters,2,2.689293004945171,0.2606318242830021
gold,Holt_Winters,3,3.719469949355567,0.2933931031626149
gold,Holt_Winters,4,4.699058774510802,0.3195921802465045
gold,Holt_Winters,5,5.210263561665422,0.3907621364000499
gold,Holt_Winters,6,9.182513443458516,0.1635708364124315
gold,Holt_Winters,7,11.653868031889832,0.1125316944302756
gold,Holt_Winters,8,12.272173468399396,0.1394670430763321
gold,Holt_Winters,9,12.275262269765916,0.1982324089336854
gold,Holt_Winters,10,12.27773428950134,0.2668987485461606
gold,Holt_Winters,11,12.283048865014209,0.3427478234326002
gold,Holt_Winters,12,14.60488589581633,0.2637582142859026
gold,Holt_Winters,13,14.82258823514312,0.318558801789536
gold,Holt_Winters,14,15.131651865204724,0.369214753484725
gold,Holt_Winters,15,17.211539866860914,0.3063766482008591
gold,Holt_Winters,16,18.03462380781201,0.3218733649357957
gold,Holt_Winters,17,18.511318439276067,0.3572916375817477
gold,Holt_Winters,18,20.445660997905858,0.3082959393235813
gold,Holt_Winters,19,20.728814196201625,0.3519769044384354
gold,Holt_Winters,20,20.88268378503164,0.4040664921267104
gold,PLS_Regression,1,2.360398314294668,0.1244504093962337
gold,PLS_Regression,2,2.3790491155916764,0.3043659380843864
gold,PLS_Regression,3,4.100846385007623,0.2507784327102187
gold,PLS_Regression,4,4.529485046244116,0.339065619261535
gold,PLS_Regression,5,5.404811959455911,0.3684965153984335
gold,PLS_Regression,6,9.1442215028055,0.1656281434435333
gold,PLS_Regression,7,11.829768873443562,0.1062978259312901
gold,PLS_Regression,8,12.531580912271773,0.1290150906850056
gold,PLS_Regression,9,12.578315581257865,0.1826334846097048
gold,PLS_Regression,10,12.582300822736196,0.2479720988121116
gold,PLS_Regression,11,12.611761317141404,0.3194556432022287
gold,PLS_Regression,12,15.322547761551125,0.2242693853084374
gold,PLS_Regression,13,15.583818496473516,0.2723354266721515
gold,PLS_Regression,14,15.999720102026632,0.3133913709549049
gold,PLS_Regression,15,17.536554908553352,0.2878129346110499
gold,PLS_Regression,16,18.81636469334701,0.2783008697054969
gold,PLS_Regression,17,19.17033502725744,0.3188431749064729
gold,PLS_Regression,18,21.1947428930381,0.2697021450772184
gold,PLS_Regression,19,21.634335494538004,0.3028308596354732
gold,PLS_Regression,20,21.73528227913036,0.3550459953601029
gold,Random_Forest,1,5.712788866279906,0.0168417629357635
gold,Random_Forest,2,8.336351022335482,0.0154804783340157
gold,Random_Forest,3,8.401236119587526,0.038407892164986
gold,Random_Forest,4,8.770271927037088,0.067105222619039
gold,Random_Forest,5,8.778713990377513,0.1182227633359143
gold,Random_Forest,6,9.58258412280242,0.1433668891318199
gold,Random_Forest,7,11.398386057221218,0.1221609633196793
gold,Random_Forest,8,11.424270148900352,0.1787984235780808
gold,Random_Forest,9,12.017768090575592,0.2123094780419025
gold,Random_Forest,10,12.414499481341416,0.2582726923891143
gold,Random_Forest,11,13.069849190477209,0.2887846357657347
gold,Random_Forest,12,13.08992389129878,0.3625386657599637
gold,Random_Forest,13,13.235487021099294,0.4297910246966813
gold,Random_Forest,14,13.4490616395916,0.4915083611375227
gold,Random_Forest,15,17.446476396489256,0.2928817531075339
gold,Random_Forest,16,19.64773433659064,0.2365071873016644
gold,Random_Forest,17,19.658011890656653,0.2920939829471293
gold,Random_Forest,18,20.40508738747325,0.3104811809764324
gold,Random_Forest,19,20.405097879453557,0.3705819265921051
gold,Random_Forest,20,20.938076540246712,0.4007854251046291
gold,SARIMAX,1,4.202598061159661,0.040362096930081706
gold,SARIMAX,2,4.203275336874949,0.12225604934735476
gold,SARIMAX,3,5.4718840890787614,0.14032996473013448
gold,SARIMAX,4,6.3456474061556,0.1747793864142325
gold,SARIMAX,5,6.9167527760214425,0.22690550119905786
gold,SARIMAX,6,10.786834288852432,0.09519226012491654
gold,SARIMAX,7,13.29567154544001,0.06522382238784553
gold,SARIMAX,8,13.809056133716604,0.08688007184753958
gold,SARIMAX,9,13.809520600314958,0.1292641068861329
gold,SARIMAX,10,13.81245980232525,0.1817190474321581
gold,SARIMAX,11,13.81417078859308,0.2434472843561495
gold,SARIMAX,12,16.02687762367084,0.1900081173429001
gold,SARIMAX,13,16.17347582229222,0.2398890476561352
gold,SARIMAX,14,16.428242422671122,0.28792729376181875
gold,SARIMAX,15,18.593076874742703,0.23276921396029052
gold,SARIMAX,16,19.473046046067754,0.24489699836170584
gold,SARIMAX,17,20.00659884171729,0.273891886855583
gold,SARIMAX,18,21.969601592624286,0.2333375227674442
gold,SARIMAX,19,22.33023291166849,0.2681306431085983
gold,SARIMAX,20,22.45726949905932,0.31622201625943874
