DATE,GOLD_PRICE,status,tratamento
1968-04-12,,ausente no arquivo bruto,sem interpolação e sem preenchimento do ouro; linha excluída da base modelável
1968-04-15,,ausente no arquivo bruto,sem interpolação e sem preenchimento do ouro; linha excluída da base modelável
1968-06-03,,ausente no arquivo bruto,sem interpolação e sem preenchimento do ouro; linha excluída da base modelável
1968-09-02,,ausente no arquivo bruto,sem interpolação e sem preenchimento do ouro; linha excluída da base modelável
1968-12-25,,ausente no arquivo bruto,sem interpolação e sem preenchimento do ouro; linha excluída da base modelável
1968-12-26,,ausente no arquivo bruto,sem interpolação e sem preenchimento do ouro; linha excluída da base modelável
1969-01-01,,ausente no arquivo bruto,sem interpolação e sem preenchimento do ouro; linha excluída da base modelável
1969-04-04,,ausente no arquivo bruto,sem interpolação e sem preenchimento do ouro; linha excluída da base modelável
1969-04-07,,ausente no arquivo bruto,sem interpolação e sem preenchimento do ouro; linha excluída da base modelável
1969-05-26,,ausente no arquivo bruto,sem interpolação e sem preenchimento do ouro; linha excluída da base modelável
1969-09-01,,ausente no arquivo bruto,sem interpolação e sem preenchimento do ouro; linha excluída da base modelável
1969-12-25,,ausente no arquivo bruto,sem interpolação e sem preenchimento do ouro; linha excluída da base modelável
1969-12-26,,ausente no arquivo bruto,sem interpolação e sem preenchimento do ouro; linha excluída da base modelável
1970-01-01,,ausente no arquivo bruto,sem interpolação e sem preenchimento do ouro; linha excluída da base modelável
1970-03-27,,ausente no arquivo bruto,sem interpolação e sem preenchimento do ouro; linha excluída da base modelável
1970-03-30,,ausente no arquivo bruto,sem interpolação e sem preenchimento do ouro; linha excluída da base modelável
1970-05-25,,ausente no arquivo bruto,sem interpolação e sem preenchimento do ouro; linha excluída da base modelável
1970-08-31,,ausente no arquivo bruto,sem interpolação e sem preenchimento do ouro; linha excluída da base modelável
1970-12-25,,ausente no arquivo bruto,sem interpolação e sem preenchimento do ouro; linha excluída da base modelável
1971-01-01,,ausente no arquivo bruto,sem interpolação e sem preenchimento do ouro; linha excluída da base modelável
1971-04-09,,ausente no arquivo bruto,sem interpolação e sem preenchimento do ouro; linha excluída da base modelável
1971-04-12,,ausente no arquivo bruto,sem interpolação e sem preenchimento do ouro; linha excluída da base modelável
1971-05-31,,ausente no arquivo bruto,sem interpolação e sem preenchimento do ouro; linha excluída da base modelável
1971-08-16,,ausente no arquivo bruto,sem interpolação e sem preenchimento do ouro; linha excluída da base modelável
1971-08-17,,ausente no arquivo bruto,sem interpolação e sem preenchimento do ouro; linha excluída da base modelável
1971-08-30,,ausente no arquivo bruto,sem interpolação e sem preenchimento do ouro; linha excluída da base modelável
1971-12-27,,ausente no arquivo bruto,sem interpolação e sem preenchimento do ouro; linha excluída da base modelável
1971-12-31,,ausente no arquivo bruto,sem interpolação e sem preenchimento do ouro; linha excluída da base modelável
1972-03-31,,ausente no arquivo bruto,sem interpolação e sem preenchimento do ouro; linha excluída da base modelável
1972-04-03,,ausente no arquivo bruto,sem interpolação e sem preenchimento do ouro; linha excluída da base modelável
1972-05-29,,ausente no arquivo bruto,sem interpolação e sem preenchimento do ouro; linha excluída da base modelável
1972-08-28,,ausente no arquivo bruto,sem interpolação e sem preenchimento do ouro; linha excluída da base modelável
1972-12-25,,ausente no arquivo bruto,sem interpolação e sem preenchimento do ouro; linha excluída da base modelável
1972-12-26,,ausente no arquivo bruto,sem interpolação e sem preenchimento do ouro; linha excluída da base modelável
1973-01-01,,ausente no arquivo bruto,sem interpolação e sem preenchimento do ouro; linha excluída da base modelável
1973-04-20,,ausente no arquivo bruto,sem interpolação e sem preenchimento do ouro; linha excluída da base modelável
1973-04-23,,ausente no arquivo bruto,sem interpolação e sem preenchimento do ouro; linha excluída da base modelável
1973-05-28,,ausente no arquivo bruto,sem interpolação e sem preenchimento do ouro; linha excluída da base modelável
1973-08-27,,ausente no arquivo bruto,sem interpolação e sem preenchimento do ouro; linha excluída da base modelável
1973-12-24,,ausente no arquivo bruto,sem interpolação e sem preenchimento do ouro; linha excluída da base modelável
1973-12-25,,ausente no arquivo bruto,sem interpolação e sem preenchimento do ouro; linha excluída da base modelável
1973-12-26,,ausente no arquivo bruto,sem interpolação e sem preenchimento do ouro; linha excluída da base modelável
1974-01-01,,ausente no arquivo bruto,sem interpolação e sem preenchimento do ouro; linha excluída da base modelável
1974-04-12,,ausente no arquivo bruto,sem interpolação e sem preenchimento do ouro; linha excluída da base modelável
1974-04-15,,ausente no arquivo bruto,sem interpolação e sem preenchimento do ouro; linha excluída da base modelável
1974-05-27,,ausente no arquivo bruto,sem interpolação e sem preenchimento do ouro; linha excluída da base modelável
1974-08-26,,ausente no arquivo bruto,sem interpolação e sem preenchimento do ouro; linha excluída da base modelável
1974-12-25,,ausente no arquivo bruto,sem interpolação e sem preenchimento do ouro; linha excluída da base modelável
1974-12-26,,ausente no arquivo bruto,sem interpolação e sem preenchimento do ouro; linha excluída da base modelável
1975-01-01,,ausente no arquivo bruto,sem interpolação e sem preenchimento do ouro; linha excluída da base modelável
1975-03-28,,ausente no arquivo bruto,sem interpolação e sem preenchimento do ouro; linha excluída da base modelável
1975-03-31,,ausente no arquivo bruto,sem interpolação e sem preenchimento do ouro; linha excluída da base modelável
1975-05-26,,ausente no arquivo bruto,sem interpolação e sem preenchimento do ouro; linha excluída da base modelável
1975-08-25,,ausente no arquivo bruto,sem interpolação e sem preenchimento do ouro; linha excluída da base modelável
1975-12-25,,ausente no arquivo bruto,sem interpolação e sem preenchimento do ouro; linha excluída da base modelável
1975-12-26,,ausente no arquivo bruto,sem interpolação e sem preenchimento do ouro; linha excluída da base modelável
1976-01-01,,ausente no arquivo bruto,sem interpolação e sem preenchimento do ouro; linha excluída da base modelável
1976-04-16,,ausente no arquivo bruto,sem interpolação e sem preenchimento do ouro; linha excluída da base modelável
1976-04-19,,ausente no arquivo bruto,sem interpolação e sem preenchimento do ouro; linha excluída da base modelável
1976-05-31,,ausente no arquivo bruto,sem interpolação e sem preenchimento do ouro; linha excluída da base modelável
1976-08-30,,ausente no arquivo bruto,sem interpolação e sem preenchimento do ouro; linha excluída da base modelável
1976-12-27,,ausente no arquivo bruto,sem interpolação e sem preenchimento do ouro; linha excluída da base modelável
1976-12-28,,ausente no arquivo bruto,sem interpolação e sem preenchimento do ouro; linha excluída da base modelável
1977-01-03,,ausente no arquivo bruto,sem interpolação e sem preenchimento do ouro; linha excluída da base modelável
1977-04-08,,ausente no arquivo bruto,sem interpolação e sem preenchimento do ouro; linha excluída da base modelável
1977-04-11,,ausente no arquivo bruto,sem interpolação e sem preenchimento do ouro; linha excluída da base modelável
1977-06-06,,ausente no arquivo bruto,sem interpolação e sem preenchimento do ouro; linha excluída da base modelável
1977-06-07,,ausente no arquivo bruto,sem interpolação e sem preenchimento do ouro; linha excluída da base modelável
1977-08-29,,ausente no arquivo bruto,sem interpolação e sem preenchimento do ouro; linha excluída da base modelável
1977-12-26,,ausente no arquivo bruto,sem interpolação e sem preenchimento do ouro; linha excluída da base modelável
1977-12-27,,ausente no arquivo bruto,sem interpolação e sem preenchimento do ouro; linha excluída da base modelável
1978-01-02,,ausente no arquivo bruto,sem interpolação e sem preenchimento do ouro; linha excluída da base modelável
1978-03-24,,ausente no arquivo bruto,sem interpolação e sem preenchimento do ouro; linha excluída da base modelável
1978-03-27,,ausente no arquivo bruto,sem interpolação e sem preenchimento do ouro; linha excluída da base modelável
1978-05-01,,ausente no arquivo bruto,sem interpolação e sem preenchimento do ouro; linha excluída da base modelável
1978-05-29,,ausente no arquivo bruto,sem interpolação e sem preenchimento do ouro; linha excluída da base modelável
1978-08-28,,ausente no arquivo bruto,sem interpolação e sem preenchimento do ouro; linha excluída da base modelável
1978-12-25,,ausente no arquivo bruto,sem interpolação e sem preenchimento do ouro; linha excluída da base modelável
1978-12-26,,ausente no arquivo bruto,sem interpolação e sem preenchimento do ouro; linha excluída da base modelável
1979-01-01,,ausente no arquivo bruto,sem interpolação e sem preenchimento do ouro; linha excluída da base modelável
1979-04-13,,ausente no arquivo bruto,sem interpolação e sem preenchimento do ouro; linha excluída da base modelável
1979-04-16,,ausente no arquivo bruto,sem interpolação e sem preenchimento do ouro; linha excluída da base modelável
1979-05-07,,ausente no arquivo bruto,sem interpolação e sem preenchimento do ouro; linha excluída da base modelável
1979-05-28,,ausente no arquivo bruto,sem interpolação e sem preenchimento do ouro; linha excluída da base modelável
1979-08-27,,ausente no arquivo bruto,sem interpolação e sem preenchimento do ouro; linha excluída da base modelável
1979-12-25,,ausente no arquivo bruto,sem interpolação e sem preenchimento do ouro; linha excluída da base modelável
1979-12-26,,ausente no arquivo bruto,sem interpolação e sem preenchimento do ouro; linha excluída da base modelável
1980-01-01,,ausente no arquivo bruto,sem interpolação e sem preenchimento do ouro; linha excluída da base modelável
1980-04-04,,ausente no arquivo bruto,sem interpolação e sem preenchimento do ouro; linha excluída da base modelável
1980-04-07,,ausente no arquivo bruto,sem interpolação e sem preenchimento do ouro; linha excluída da base modelável
1980-05-05,,ausente no arquivo bruto,sem interpolação e sem preenchimento do ouro; linha excluída da base modelável
1980-05-26,,ausente no arquivo bruto,sem interpolação e sem preenchimento do ouro; linha excluída da base modelável
1980-08-25,,ausente no arquivo bruto,sem interpolação e sem preenchimento do ouro; linha excluída da base modelável
1980-12-25,,ausente no arquivo bruto,sem interpolação e sem preenchimento do ouro; linha excluída da base modelável
1980-12-26,,ausente no arquivo bruto,sem interpolação e sem preenchimento do ouro; linha excluída da base modelável
1981-01-01,,ausente no arquivo bruto,sem interpolação e sem preenchimento do ouro; linha excluída da base modelável
1981-01-02,,ausente no arquivo bruto,sem interpolação e sem preenchimento do ouro; linha excluída da base modelável
1981-04-17,,ausente no arquivo bruto,sem interpolação e sem preenchimento do ouro; linha excluída da base modelável
1981-04-20,,ausente no arquivo bruto,sem interpolação e sem preenchimento do ouro; linha excluída da base modelável
1981-05-04,,ausente no arquivo bruto,sem interpolação e sem preenchimento do ouro; linha excluída da base modelável
1981-05-25,,ausente no arquivo bruto,sem interpolação e sem preenchimento do ouro; linha excluída da base modelável
1981-07-29,,ausente no arquivo bruto,sem interpolação e sem preenchimento do ouro; linha excluída da base modelável
1981-08-31,,ausente no arquivo bruto,sem interpolação e sem preenchimento do ouro; linha excluída da base modelável
1981-12-25,,ausente no arquivo bruto,sem interpolação e sem preenchimento do ouro; linha excluída da base modelável
1981-12-28,,ausente no arquivo bruto,sem interpolação e sem preenchimento do ouro; linha excluída da base modelável
1982-01-01,,ausente no arquivo bruto,sem interpolação e sem preenchimento do ouro; linha excluída da base modelável
1982-03-05,,ausente no arquivo bruto,sem interpolação e sem preenchimento do ouro; linha excluída da base modelável
1982-04-09,,ausente no arquivo bruto,sem interpolação e sem preenchimento do ouro; linha excluída da base modelável
1982-04-12,,ausente no arquivo bruto,sem interpolação e sem preenchimento do ouro; linha excluída da base modelável
1982-05-03,,ausente no arquivo bruto,sem interpolação e sem preenchimento do ouro; linha excluída da base modelável
1982-05-31,,ausente no arquivo bruto,sem interpolação e sem preenchimento do ouro; linha excluída da base modelável
1982-08-30,,ausente no arquivo bruto,sem interpolação e sem preenchimento do ouro; linha excluída da base modelável
1982-12-27,,ausente no arquivo bruto,sem interpolação e sem preenchimento do ouro; linha excluída da base modelável
1982-12-28,,ausente no arquivo bruto,sem interpolação e sem preenchimento do ouro; linha excluída da base modelável
1983-01-03,,ausente no arquivo bruto,sem interpolação e sem preenchimento do ouro; linha excluída da base modelável
1983-04-01,,ausente no arquivo bruto,sem interpolação e sem preenchimento do ouro; linha excluída da base modelável
1983-04-04,,ausente no arquivo bruto,sem interpolação e sem preenchimento do ouro; linha excluída da base modelável
1983-05-02,,ausente no arquivo bruto,sem interpolação e sem preenchimento do ouro; linha excluída da base modelável
1983-05-30,,ausente no arquivo bruto,sem interpolação e sem preenchimento do ouro; linha excluída da base modelável
1983-08-29,,ausente no arquivo bruto,sem interpolação e sem preenchimento do ouro; linha excluída da base modelável
1983-12-26,,ausente no arquivo bruto,sem interpolação e sem preenchimento do ouro; linha excluída da base modelável
1983-12-27,,ausente no arquivo bruto,sem interpolação e sem preenchimento do ouro; linha excluída da base modelável
1984-01-02,,ausente no arquivo bruto,sem interpolação e sem preenchimento do ouro; linha excluída da base modelável
1984-04-20,,ausente no arquivo bruto,sem interpolação e sem preenchimento do ouro; linha excluída da base modelável
1984-04-23,,ausente no arquivo bruto,sem interpolação e sem preenchimento do ouro; linha excluída da base modelável
1984-05-07,,ausente no arquivo bruto,sem interpolação e sem preenchimento do ouro; linha excluída da base modelável
1984-05-28,,ausente no arquivo bruto,sem interpolação e sem preenchimento do ouro; linha excluída da base modelável
1984-08-27,,ausente no arquivo bruto,sem interpolação e sem preenchimento do ouro; linha excluída da base modelável
1984-12-24,,ausente no arquivo bruto,sem interpolação e sem preenchimento do ouro; linha excluída da base modelável
1984-12-25,,ausente no arquivo bruto,sem interpolação e sem preenchimento do ouro; linha excluída da base modelável
1984-12-26,,ausente no arquivo bruto,sem interpolação e sem preenchimento do ouro; linha excluída da base modelável
1985-01-01,,ausente no arquivo bruto,sem interpolação e sem preenchimento do ouro; linha excluída da base modelável
1985-04-05,,ausente no arquivo bruto,sem interpolação e sem preenchimento do ouro; linha excluída da base modelável
1985-04-08,,ausente no arquivo bruto,sem interpolação e sem preenchimento do ouro; linha excluída da base modelável
1985-05-06,,ausente no arquivo bruto,sem interpolação e sem preenchimento do ouro; linha excluída da base modelável
1985-05-27,,ausente no arquivo bruto,sem interpolação e sem preenchimento do ouro; linha excluída da base modelável
1985-08-26,,ausente no arquivo bruto,sem interpolação e sem preenchimento do ouro; linha excluída da base modelável
1985-12-25,,ausente no arquivo bruto,sem interpolação e sem preenchimento do ouro; linha excluída da base modelável
1985-12-26,,ausente no arquivo bruto,sem interpolação e sem preenchimento do ouro; linha excluída da base modelável
1986-01-01,,ausente no arquivo bruto,sem interpolação e sem preenchimento do ouro; linha excluída da base modelável
1986-03-28,,ausente no arquivo bruto,sem interpolação e sem preenchimento do ouro; linha excluída da base modelável
1986-03-31,,ausente no arquivo bruto,sem interpolação e sem preenchimento do ouro; linha excluída da base modelável
1986-05-05,,ausente no arquivo bruto,sem interpolação e sem preenchimento do ouro; linha excluída da base modelável
1986-05-26,,ausente no arquivo bruto,sem interpolação e sem preenchimento do ouro; linha excluída da base modelável
1986-08-25,,ausente no arquivo bruto,sem interpolação e sem preenchimento do ouro; linha excluída da base modelável
1986-12-25,,ausente no arquivo bruto,sem interpolação e sem preenchimento do ouro; linha excluída da base modelável
1986-12-26,,ausente no arquivo bruto,sem interpolação e sem preenchimento do ouro; linha excluída da base modelável
1987-01-01,,ausente no arquivo bruto,sem interpolação e sem preenchimento do ouro; linha excluída da base modelável
1987-04-17,,ausente no arquivo bruto,sem interpolação e sem preenchimento do ouro; linha excluída da base modelável
1987-04-20,,ausente no arquivo bruto,sem interpolação e sem preenchimento do ouro; linha excluída da base modelável
1987-05-04,,ausente no arquivo bruto,sem interpolação e sem preenchimento do ouro; linha excluída da base modelável
1987-05-25,,ausente no arquivo bruto,sem interpolação e sem preenchimento do ouro; linha excluída da base modelável
1987-08-31,,ausente no arquivo bruto,sem interpolação e sem preenchimento do ouro; linha excluída da base modelável
1987-12-25,,ausente no arquivo bruto,sem interpolação e sem preenchimento do ouro; linha excluída da base modelável
1987-12-28,,ausente no arquivo bruto,sem interpolação e sem preenchimento do ouro; linha excluída da base modelável
1988-01-01,,ausente no arquivo bruto,sem interpolação e sem preenchimento do ouro; linha excluída da base modelável
1988-04-01,,ausente no arquivo bruto,sem interpolação e sem preenchimento do ouro; linha excluída da base modelável
1988-04-04,,ausente no arquivo bruto,sem interpolação e sem preenchimento do ouro; linha excluída da base modelável
1988-05-02,,ausente no arquivo bruto,sem interpolação e sem preenchimento do ouro; linha excluída da base modelável
1988-05-30,,ausente no arquivo bruto,sem interpolação e sem preenchimento do ouro; linha excluída da base modelável
1988-08-29,,ausente no arquivo bruto,sem interpolação e sem preenchimento do ouro; linha excluída da base modelável
1988-12-26,,ausente no arquivo bruto,sem interpolação e sem preenchimento do ouro; linha excluída da base modelável
1988-12-27,,ausente no arquivo bruto,sem interpolação e sem preenchimento do ouro; linha excluída da base modelável
1989-01-02,,ausente no arquivo bruto,sem interpolação e sem preenchimento do ouro; linha excluída da base modelável
1989-03-24,,ausente no arquivo bruto,sem interpolação e sem preenchimento do ouro; linha excluída da base modelável
1989-03-27,,ausente no arquivo bruto,sem interpolação e sem preenchimento do ouro; linha excluída da base modelável
1989-05-01,,ausente no arquivo bruto,sem interpolação e sem preenchimento do ouro; linha excluída da base modelável
1989-05-29,,ausente no arquivo bruto,sem interpolação e sem preenchimento do ouro; linha excluída da base modelável
1989-08-28,,ausente no arquivo bruto,sem interpolação e sem preenchimento do ouro; linha excluída da base modelável
1989-12-25,,ausente no arquivo bruto,sem interpolação e sem preenchimento do ouro; linha excluída da base modelável
1989-12-26,,ausente no arquivo bruto,sem interpolação e sem preenchimento do ouro; linha excluída da base modelável
1990-01-01,,ausente no arquivo bruto,sem interpolação e sem preenchimento do ouro; linha excluída da base modelável
1990-04-13,,ausente no arquivo bruto,sem interpolação e sem preenchimento do ouro; linha excluída da base modelável
1990-04-16,,ausente no arquivo bruto,sem interpolação e sem preenchimento do ouro; linha excluída da base modelável
1990-05-07,,ausente no arquivo bruto,sem interpolação e sem preenchimento do ouro; linha excluída da base modelável
1990-05-28,,ausente no arquivo bruto,sem interpolação e sem preenchimento do ouro; linha excluída da base modelável
1990-08-27,,ausente no arquivo bruto,sem interpolação e sem preenchimento do ouro; linha excluída da base modelável
1990-12-25,,ausente no arquivo bruto,sem interpolação e sem preenchimento do ouro; linha excluída da base modelável
1990-12-26,,ausente no arquivo bruto,sem interpolação e sem preenchimento do ouro; linha excluída da base modelável
1991-01-01,,ausente no arquivo bruto,sem interpolação e sem preenchimento do ouro; linha excluída da base modelável
1991-03-29,,ausente no arquivo bruto,sem interpolação e sem preenchimento do ouro; linha excluída da base modelável
1991-04-01,,ausente no arquivo bruto,sem interpolação e sem preenchimento do ouro; linha excluída da base modelável
1991-05-06,,ausente no arquivo bruto,sem interpolação e sem preenchimento do ouro; linha excluída da base modelável
1991-05-27,,ausente no arquivo bruto,sem interpolação e sem preenchimento do ouro; linha excluída da base modelável
1991-08-26,,ausente no arquivo bruto,sem interpolação e sem preenchimento do ouro; linha excluída da base modelável
1991-12-25,,ausente no arquivo bruto,sem interpolação e sem preenchimento do ouro; linha excluída da base modelável
1991-12-26,,ausente no arquivo bruto,sem interpolação e sem preenchimento do ouro; linha excluída da base modelável
1992-01-01,,ausente no arquivo bruto,sem interpolação e sem preenchimento do ouro; linha excluída da base modelável
1992-04-17,,ausente no arquivo bruto,sem interpolação e sem preenchimento do ouro; linha excluída da base modelável
1992-04-20,,ausente no arquivo bruto,sem interpolação e sem preenchimento do ouro; linha excluída da base modelável
1992-05-04,,ausente no arquivo bruto,sem interpolação e sem preenchimento do ouro; linha excluída da base modelável
1992-05-25,,ausente no arquivo bruto,sem interpolação e sem preenchimento do ouro; linha excluída da base modelável
1992-08-31,,ausente no arquivo bruto,sem interpolação e sem preenchimento do ouro; linha excluída da base modelável
1992-12-25,,ausente no arquivo bruto,sem interpolação e sem preenchimento do ouro; linha excluída da base modelável
1992-12-28,,ausente no arquivo bruto,sem interpolação e sem preenchimento do ouro; linha excluída da base modelável
1993-01-01,,ausente no arquivo bruto,sem interpolação e sem preenchimento do ouro; linha excluída da base modelável
1993-04-09,,ausente no arquivo bruto,sem interpolação e sem preenchimento do ouro; linha excluída da base modelável
1993-04-12,,ausente no arquivo bruto,sem interpolação e sem preenchimento do ouro; linha excluída da base modelável
1993-05-03,,ausente no arquivo bruto,sem interpolação e sem preenchimento do ouro; linha excluída da base modelável
1993-05-31,,ausente no arquivo bruto,sem interpolação e sem preenchimento do ouro; linha excluída da base modelável
1993-08-30,,ausente no arquivo bruto,sem interpolação e sem preenchimento do ouro; linha excluída da base modelável
1993-12-27,,ausente no arquivo bruto,sem interpolação e sem preenchimento do ouro; linha excluída da base modelável
1993-12-28,,ausente no arquivo bruto,sem interpolação e sem preenchimento do ouro; linha excluída da base modelável
1994-01-03,,ausente no arquivo bruto,sem interpolação e sem preenchimento do ouro; linha excluída da base modelável
1994-04-01,,ausente no arquivo bruto,sem interpolação e sem preenchimento do ouro; linha excluída da base modelável
1994-04-04,,ausente no arquivo bruto,sem interpolação e sem preenchimento do ouro; linha excluída da base modelável
1994-05-02,,ausente no arquivo bruto,sem interpolação e sem preenchimento do ouro; linha excluída da base modelável
1994-05-30,,ausente no arquivo bruto,sem interpolação e sem preenchimento do ouro; linha excluída da base modelável
1994-08-29,,ausente no arquivo bruto,sem interpolação e sem preenchimento do ouro; linha excluída da base modelável
1994-12-26,,ausente no arquivo bruto,sem interpolação e sem preenchimento do ouro; linha excluída da base modelável
1994-12-27,,ausente no arquivo bruto,sem interpolação e sem preenchimento do ouro; linha excluída da base modelável
1995-01-02,,ausente no arquivo bruto,sem interpolação e sem preenchimento do ouro; linha excluída da base modelável
1995-04-14,,ausente no arquivo bruto,sem interpolação e sem preenchimento do ouro; linha excluída da base modelável
1995-04-17,,ausente no arquivo bruto,sem interpolação e sem preenchimento do ouro; linha excluída da base modelável
1995-05-08,,ausente no arquivo bruto,sem interpolação e sem preenchimento do ouro; linha excluída da base modelável
1995-05-29,,ausente no arquivo bruto,sem interpolação e sem preenchimento do ouro; linha excluída da base modelável
1995-08-28,,ausente no arquivo bruto,sem interpolação e sem preenchimento do ouro; linha excluída da base modelável
1995-12-25,,ausente no arquivo bruto,sem interpolação e sem preenchimento do ouro; linha excluída da base modelável
1995-12-26,,ausente no arquivo bruto,sem interpolação e sem preenchimento do ouro; linha excluída da base modelável
1996-01-01,,ausente no arquivo bruto,sem interpolação e sem preenchimento do ouro; linha excluída da base modelável
1996-04-05,,ausente no arquivo bruto,sem interpolação e sem preenchimento do ouro; linha excluída da base modelável
1996-04-08,,ausente no arquivo bruto,sem interpolação e sem preenchimento do ouro; linha excluída da base modelável
1996-05-06,,ausente no arquivo bruto,sem interpolação e sem preenchimento do ouro; linha excluída da base modelável
1996-05-27,,ausente no arquivo bruto,sem interpolação e sem preenchimento do ouro; linha excluída da base modelável
1996-08-26,,ausente no arquivo bruto,sem interpolação e sem preenchimento do ouro; linha excluída da base modelável
1996-12-25,,ausente no arquivo bruto,sem interpolação e sem preenchimento do ouro; linha excluída da base modelável
1996-12-26,,ausente no arquivo bruto,sem interpolação e sem preenchimento do ouro; linha excluída da base modelável
1997-01-01,,ausente no arquivo bruto,sem interpolação e sem preenchimento do ouro; linha excluída da base modelável
1997-03-28,,ausente no arquivo bruto,sem interpolação e sem preenchimento do ouro; linha excluída da base modelável
1997-03-31,,ausente no arquivo bruto,sem interpolação e sem preenchimento do ouro; linha excluída da base modelável
1997-05-05,,ausente no arquivo bruto,sem interpolação e sem preenchimento do ouro; linha excluída da base modelável
1997-05-26,,ausente no arquivo bruto,sem interpolação e sem preenchimento do ouro; linha excluída da base modelável
1997-08-25,,ausente no arquivo bruto,sem interpolação e sem preenchimento do ouro; linha excluída da base modelável
1997-12-25,,ausente no arquivo bruto,sem interpolação e sem preenchimento do ouro; linha excluída da base modelável
1997-12-26,,ausente no arquivo bruto,sem interpolação e sem preenchimento do ouro; linha excluída da base modelável
1998-01-01,,ausente no arquivo bruto,sem interpolação e sem preenchimento do ouro; linha excluída da base modelável
1998-04-10,,ausente no arquivo bruto,sem interpolação e sem preenchimento do ouro; linha excluída da base modelável
1998-04-13,,ausente no arquivo bruto,sem interpolação e sem preenchimento do ouro; linha excluída da base modelável
1998-05-04,,ausente no arquivo bruto,sem interpolação e sem preenchimento do ouro; linha excluída da base modelável
1998-05-25,,ausente no arquivo bruto,sem interpolação e sem preenchimento do ouro; linha excluída da base modelável
1998-08-31,,ausente no arquivo bruto,sem interpolação e sem preenchimento do ouro; linha excluída da base modelável
1998-12-25,,ausente no arquivo bruto,sem interpolação e sem preenchimento do ouro; linha excluída da base modelável
1998-12-28,,ausente no arquivo bruto,sem interpolação e sem preenchimento do ouro; linha excluída da base modelável
1999-01-01,,ausente no arquivo bruto,sem interpolação e sem preenchimento do ouro; linha excluída da base modelável
1999-04-02,,ausente no arquivo bruto,sem interpolação e sem preenchimento do ouro; linha excluída da base modelável
1999-04-05,,ausente no arquivo bruto,sem interpolação e sem preenchimento do ouro; linha excluída da base modelável
1999-05-03,,ausente no arquivo bruto,sem interpolação e sem preenchimento do ouro; linha excluída da base modelável
1999-05-31,,ausente no arquivo bruto,sem interpolação e sem preenchimento do ouro; linha excluída da base modelável
1999-08-30,,ausente no arquivo bruto,sem interpolação e sem preenchimento do ouro; linha excluída da base modelável
1999-12-27,,ausente no arquivo bruto,sem interpolação e sem preenchimento do ouro; linha excluída da base modelável
1999-12-28,,ausente no arquivo bruto,sem interpolação e sem preenchimento do ouro; linha excluída da base modelável
1999-12-31,,ausente no arquivo bruto,sem interpolação e sem preenchimento do ouro; linha excluída da base modelável
2000-01-03,,ausente no arquivo bruto,sem interpolação e sem preenchimento do ouro; linha excluída da base modelável
2000-04-21,,ausente no arquivo bruto,sem interpolação e sem preenchimento do ouro; linha excluída da base modelável
2000-04-24,,ausente no arquivo bruto,sem interpolação e sem preenchimento do ouro; linha excluída da base modelável
2000-05-01,,ausente no arquivo bruto,sem interpolação e sem preenchimento do ouro; linha excluída da base modelável
2000-05-29,,ausente no arquivo bruto,sem interpolação e sem preenchimento do ouro; linha excluída da base modelável
2000-08-28,,ausente no arquivo bruto,sem interpolação e sem preenchimento do ouro; linha excluída da base modelável
2000-12-25,,ausente no arquivo bruto,sem interpolação e sem preenchimento do ouro; linha excluída da base modelável
2000-12-26,,ausente no arquivo bruto,sem interpolação e sem preenchimento do ouro; linha excluída da base modelável
2001-01-01,,ausente no arquivo bruto,sem interpolação e sem preenchimento do ouro; linha excluída da base modelável
2001-04-13,,ausente no arquivo bruto,sem interpolação e sem preenchimento do ouro; linha excluída da base modelável
2001-04-16,,ausente no arquivo bruto,sem interpolação e sem preenchimento do ouro; linha excluída da base modelável
2001-05-07,,ausente no arquivo bruto,sem interpolação e sem preenchimento do ouro; linha excluída da base modelável
2001-05-28,,ausente no arquivo bruto,sem interpolação e sem preenchimento do ouro; linha excluída da base modelável
2001-08-27,,ausente no arquivo bruto,sem interpolação e sem preenchimento do ouro; linha excluída da base modelável
2001-12-25,,ausente no arquivo bruto,sem interpolação e sem preenchimento do ouro; linha excluída da base modelável
2001-12-26,,ausente no arquivo bruto,sem interpolação e sem preenchimento do ouro; linha excluída da base modelável
2002-01-01,,ausente no arquivo bruto,sem interpolação e sem preenchimento do ouro; linha excluída da base modelável
2002-03-29,,ausente no arquivo bruto,sem interpolação e sem preenchimento do ouro; linha excluída da base modelável
2002-04-01,,ausente no arquivo bruto,sem interpolação e sem preenchimento do ouro; linha excluída da base modelável
2002-05-06,,ausente no arquivo bruto,sem interpolação e sem preenchimento do ouro; linha excluída da base modelável
2002-06-03,,ausente no arquivo bruto,sem interpolação e sem preenchimento do ouro; linha excluída da base modelável
2002-06-04,,ausente no arquivo bruto,sem interpolação e sem preenchimento do ouro; linha excluída da base modelável
2002-08-26,,ausente no arquivo bruto,sem interpolação e sem preenchimento do ouro; linha excluída da base modelável
2002-12-25,,ausente no arquivo bruto,sem interpolação e sem preenchimento do ouro; linha excluída da base modelável
2002-12-26,,ausente no arquivo bruto,sem interpolação e sem preenchimento do ouro; linha excluída da base modelável
2003-01-01,,ausente no arquivo bruto,sem interpolação e sem preenchimento do ouro; linha excluída da base modelável
2003-04-18,,ausente no arquivo bruto,sem interpolação e sem preenchimento do ouro; linha excluída da base modelável
2003-04-21,,ausente no arquivo bruto,sem interpolação e sem preenchimento do ouro; linha excluída da base modelável
2003-05-05,,ausente no arquivo bruto,sem interpolação e sem preenchimento do ouro; linha excluída da base modelável
2003-05-26,,ausente no arquivo bruto,sem interpolação e sem preenchimento do ouro; linha excluída da base modelável
2003-08-25,,ausente no arquivo bruto,sem interpolação e sem preenchimento do ouro; linha excluída da base modelável
2003-12-25,,ausente no arquivo bruto,sem interpolação e sem preenchimento do ouro; linha excluída da base modelável
2003-12-26,,ausente no arquivo bruto,sem interpolação e sem preenchimento do ouro; linha excluída da base modelável
2004-01-01,,ausente no arquivo bruto,sem interpolação e sem preenchimento do ouro; linha excluída da base modelável
2004-04-09,,ausente no arquivo bruto,sem interpolação e sem preenchimento do ouro; linha excluída da base modelável
2004-04-12,,ausente no arquivo bruto,sem interpolação e sem preenchimento do ouro; linha excluída da base modelável
2004-05-03,,ausente no arquivo bruto,sem interpolação e sem preenchimento do ouro; linha excluída da base modelável
2004-05-31,,ausente no arquivo bruto,sem interpolação e sem preenchimento do ouro; linha excluída da base modelável
2004-08-30,,ausente no arquivo bruto,sem interpolação e sem preenchimento do ouro; linha excluída da base modelável
2004-12-27,,ausente no arquivo bruto,sem interpolação e sem preenchimento do ouro; linha excluída da base modelável
2004-12-28,,ausente no arquivo bruto,sem interpolação e sem preenchimento do ouro; linha excluída da base modelável
2005-01-03,,ausente no arquivo bruto,sem interpolação e sem preenchimento do ouro; linha excluída da base modelável
2005-03-25,,ausente no arquivo bruto,sem interpolação e sem preenchimento do ouro; linha excluída da base modelável
2005-03-28,,ausente no arquivo bruto,sem interpolação e sem preenchimento do ouro; linha excluída da base modelável
2005-05-02,,ausente no arquivo bruto,sem interpolação e sem preenchimento do ouro; linha excluída da base modelável
2005-05-30,,ausente no arquivo bruto,sem interpolação e sem preenchimento do ouro; linha excluída da base modelável
2005-08-29,,ausente no arquivo bruto,sem interpolação e sem preenchimento do ouro; linha excluída da base modelável
2005-12-26,,ausente no arquivo bruto,sem interpolação e sem preenchimento do ouro; linha excluída da base modelável
2005-12-27,,ausente no arquivo bruto,sem interpolação e sem preenchimento do ouro; linha excluída da base modelável
2006-01-02,,ausente no arquivo bruto,sem interpolação e sem preenchimento do ouro; linha excluída da base modelável
2006-04-14,,ausente no arquivo bruto,sem interpolação e sem preenchimento do ouro; linha excluída da base modelável
2006-04-17,,ausente no arquivo bruto,sem interpolação e sem preenchimento do ouro; linha excluída da base modelável
2006-05-01,,ausente no arquivo bruto,sem interpolação e sem preenchimento do ouro; linha excluída da base modelável
2006-05-29,,ausente no arquivo bruto,sem interpolação e sem preenchimento do ouro; linha excluída da base modelável
2006-08-28,,ausente no arquivo bruto,sem interpolação e sem preenchimento do ouro; linha excluída da base modelável
2006-12-25,,ausente no arquivo bruto,sem interpolação e sem preenchimento do ouro; linha excluída da base modelável
2006-12-26,,ausente no arquivo bruto,sem interpolação e sem preenchimento do ouro; linha excluída da base modelável
2007-01-01,,ausente no arquivo bruto,sem interpolação e sem preenchimento do ouro; linha excluída da base modelável
2007-04-06,,ausente no arquivo bruto,sem interpolação e sem preenchimento do ouro; linha excluída da base modelável
2007-04-09,,ausente no arquivo bruto,sem interpolação e sem preenchimento do ouro; linha excluída da base modelável
2007-05-07,,ausente no arquivo bruto,sem interpolação e sem preenchimento do ouro; linha excluída da base modelável
2007-05-28,,ausente no arquivo bruto,sem interpolação e sem preenchimento do ouro; linha excluída da base modelável
2007-08-27,,ausente no arquivo bruto,sem interpolação e sem preenchimento do ouro; linha excluída da base modelável
2007-12-25,,ausente no arquivo bruto,sem interpolação e sem preenchimento do ouro; linha excluída da base modelável
2007-12-26,,ausente no arquivo bruto,sem interpolação e sem preenchimento do ouro; linha excluída da base modelável
2008-01-01,,ausente no arquivo bruto,sem interpolação e sem preenchimento do ouro; linha excluída da base modelável
2008-03-21,,ausente no arquivo bruto,sem interpolação e sem preenchimento do ouro; linha excluída da base modelável
2008-03-24,,ausente no arquivo bruto,sem interpolação e sem preenchimento do ouro; linha excluída da base modelável
2008-05-05,,ausente no arquivo bruto,sem interpolação e sem preenchimento do ouro; linha excluída da base modelável
2008-05-26,,ausente no arquivo bruto,sem interpolação e sem preenchimento do ouro; linha excluída da base modelável
2008-08-25,,ausente no arquivo bruto,sem interpolação e sem preenchimento do ouro; linha excluída da base modelável
2008-12-25,,ausente no arquivo bruto,sem interpolação e sem preenchimento do ouro; linha excluída da base modelável
2008-12-26,,ausente no arquivo bruto,sem interpolação e sem preenchimento do ouro; linha excluída da base modelável
2009-01-01,,ausente no arquivo bruto,sem interpolação e sem preenchimento do ouro; linha excluída da base modelável
2009-04-10,,ausente no arquivo bruto,sem interpolação e sem preenchimento do ouro; linha excluída da base modelável
2009-04-13,,ausente no arquivo bruto,sem interpolação e sem preenchimento do ouro; linha excluída da base modelável
2009-05-04,,ausente no arquivo bruto,sem interpolação e sem preenchimento do ouro; linha excluída da base modelável
2009-05-25,,ausente no arquivo bruto,sem interpolação e sem preenchimento do ouro; linha excluída da base modelável
2009-08-31,,ausente no arquivo bruto,sem interpolação e sem preenchimento do ouro; linha excluída da base modelável
2009-12-25,,ausente no arquivo bruto,sem interpolação e sem preenchimento do ouro; linha excluída da base modelável
2009-12-28,,ausente no arquivo bruto,sem interpolação e sem preenchimento do ouro; linha excluída da base modelável
2010-01-01,,ausente no arquivo bruto,sem interpolação e sem preenchimento do ouro; linha excluída da base modelável
2010-04-02,,ausente no arquivo bruto,sem interpolação e sem preenchimento do ouro; linha excluída da base modelável
2010-04-05,,ausente no arquivo bruto,sem interpolação e sem preenchimento do ouro; linha excluída da base modelável
2010-05-03,,ausente no arquivo bruto,sem interpolação e sem preenchimento do ouro; linha excluída da base modelável
2010-05-31,,ausente no arquivo bruto,sem interpolação e sem preenchimento do ouro; linha excluída da base modelável
2010-08-30,,ausente no arquivo bruto,sem interpolação e sem preenchimento do ouro; linha excluída da base modelável
2010-12-27,,ausente no arquivo bruto,sem interpolação e sem preenchimento do ouro; linha excluída da base modelável
2010-12-28,,ausente no arquivo bruto,sem interpolação e sem preenchimento do ouro; linha excluída da base modelável
2011-01-03,,ausente no arquivo bruto,sem interpolação e sem preenchimento do ouro; linha excluída da base modelável
2011-04-22,,ausente no arquivo bruto,sem interpolação e sem preenchimento do ouro; linha excluída da base modelável
2011-04-25,,ausente no arquivo bruto,sem interpolação e sem preenchimento do ouro; linha excluída da base modelável
2011-04-29,,ausente no arquivo bruto,sem interpolação e sem preenchimento do ouro; linha excluída da base modelável
2011-05-02,,ausente no arquivo bruto,sem interpolação e sem preenchimento do ouro; linha excluída da base modelável
2011-05-30,,ausente no arquivo bruto,sem interpolação e sem preenchimento do ouro; linha excluída da base modelável
2011-08-29,,ausente no arquivo bruto,sem interpolação e sem preenchimento do ouro; linha excluída da base modelável
2011-12-26,,ausente no arquivo bruto,sem interpolação e sem preenchimento do ouro; linha excluída da base modelável
2011-12-27,,ausente no arquivo bruto,sem interpolação e sem preenchimento do ouro; linha excluída da base modelável
2012-01-02,,ausente no arquivo bruto,sem interpolação e sem preenchimento do ouro; linha excluída da base modelável
2012-04-06,,ausente no arquivo bruto,sem interpolação e sem preenchimento do ouro; linha excluída da base modelável
2012-04-09,,ausente no arquivo bruto,sem interpolação e sem preenchimento do ouro; linha excluída da base modelável
2012-05-07,,ausente no arquivo bruto,sem interpolação e sem preenchimento do ouro; linha excluída da base modelável
2012-06-04,,ausente no arquivo bruto,sem interpolação e sem preenchimento do ouro; linha excluída da base modelável
2012-06-05,,ausente no arquivo bruto,sem interpolação e sem preenchimento do ouro; linha excluída da base modelável
2012-08-27,,ausente no arquivo bruto,sem interpolação e sem preenchimento do ouro; linha excluída da base modelável
2012-12-25,,ausente no arquivo bruto,sem interpolação e sem preenchimento do ouro; linha excluída da base modelável
2012-12-26,,ausente no arquivo bruto,sem interpolação e sem preenchimento do ouro; linha excluída da base modelável
2013-01-01,,ausente no arquivo bruto,sem interpolação e sem preenchimento do ouro; linha excluída da base modelável
2013-03-29,,ausente no arquivo bruto,sem interpolação e sem preenchimento do ouro; linha excluída da base modelável
2013-04-01,,ausente no arquivo bruto,sem interpolação e sem preenchimento do ouro; linha excluída da base modelável
2013-05-06,,ausente no arquivo bruto,sem interpolação e sem preenchimento do ouro; linha excluída da base modelável
2013-05-27,,ausente no arquivo bruto,sem interpolação e sem preenchimento do ouro; linha excluída da base modelável
2013-08-26,,ausente no arquivo bruto,sem interpolação e sem preenchimento do ouro; linha excluída da base modelável
2013-12-25,,ausente no arquivo bruto,sem interpolação e sem preenchimento do ouro; linha excluída da base modelável
2013-12-26,,ausente no arquivo bruto,sem interpolação e sem preenchimento do ouro; linha excluída da base modelável
2014-01-01,,ausente no arquivo bruto,sem interpolação e sem preenchimento do ouro; linha excluída da base modelável
