split,origin_index,forecast_origin,target_date,horizon
validation,6904,2000-06-27,2000-06-28,1
validation,6909,2000-07-04,2000-07-05,1
validation,6914,2000-07-11,2000-07-12,1
validation,6919,2000-07-18,2000-07-19,1
validation,6924,2000-07-25,2000-07-26,1
validation,6929,2000-08-01,2000-08-02,1
validation,6934,2000-08-08,2000-08-09,1
validation,6939,2000-08-15,2000-08-16,1
validation,6944,2000-08-22,2000-08-23,1
validation,6949,2000-09-07,2000-09-08,1
validation,6954,2000-09-14,2000-09-15,1
validation,6959,2000-09-21,2000-09-22,1
validation,6964,2000-09-29,2000-10-02,1
validation,6969,2000-10-06,2000-10-09,1
validation,6974,2000-10-13,2000-10-16,1
validation,6979,2000-10-20,2000-10-23,1
validation,6984,2000-10-27,2000-10-30,1
validation,6989,2000-11-03,2000-11-06,1
validation,6994,2000-11-10,2000-11-13,1
validation,6999,2000-11-17,2000-11-20,1
validation,7004,2000-11-24,2000-11-27,1
validation,7009,2000-12-01,2000-12-04,1
validation,7014,2000-12-08,2000-12-11,1
validation,7019,2000-12-15,2000-12-18,1
validation,7024,2001-01-09,2001-01-10,1
validation,7029,2001-01-16,2001-01-17,1
validation,7034,2001-01-25,2001-01-26,1
validation,7039,2001-02-02,2001-02-05,1
validation,7044,2001-02-09,2001-02-12,1
validation,7049,2001-02-16,2001-02-19,1
validation,7054,2001-02-23,2001-02-26,1
validation,7059,2001-03-02,2001-03-05,1
validation,7064,2001-03-09,2001-03-12,1
validation,7069,2001-03-16,2001-03-19,1
validation,7074,2001-03-23,2001-03-26,1
validation,7079,2001-03-30,2001-04-02,1
validation,7084,2001-04-06,2001-04-09,1
validation,7089,2001-04-25,2001-04-26,1
validation,7094,2001-05-02,2001-05-03,1
validation,7099,2001-05-18,2001-05-21,1
validation,7104,2001-06-05,2001-06-06,1
validation,7109,2001-06-12,2001-06-13,1
validation,7114,2001-06-19,2001-06-20,1
validation,7119,2001-06-27,2001-06-28,1
validation,7124,2001-07-04,2001-07-05,1
validation,7129,2001-07-11,2001-07-12,1
validation,7134,2001-07-18,2001-07-19,1
validation,7139,2001-07-25,2001-07-26,1
validation,7144,2001-08-01,2001-08-02,1
validation,7149,2001-08-08,2001-08-09,1
validation,7154,2001-08-15,2001-08-16,1
validation,7159,2001-08-22,2001-08-23,1
validation,7164,2001-09-07,2001-09-10,1
validation,7169,2001-09-14,2001-09-17,1
validation,7174,2001-09-21,2001-09-24,1
validation,7179,2001-10-01,2001-10-02,1
validation,7184,2001-10-08,2001-10-09,1
validation,7189,2001-10-15,2001-10-16,1
validation,7194,2001-10-22,2001-10-23,1
validation,7199,2001-10-29,2001-10-30,1
validation,7204,2001-11-05,2001-11-06,1
validation,7209,2001-11-12,2001-11-13,1
validation,7214,2001-11-19,2001-11-20,1
validation,7219,2001-11-26,2001-11-27,1
validation,7224,2001-12-03,2001-12-04,1
validation,7229,2001-12-10,2001-12-11,1
validation,7234,2001-12-17,2001-12-18,1
validation,7239,2002-01-09,2002-01-10,1
validation,7244,2002-01-16,2002-01-17,1
validation,7249,2002-01-25,2002-01-28,1
validation,7254,2002-02-04,2002-02-05,1
validation,7259,2002-02-11,2002-02-12,1
validation,7264,2002-02-18,2002-02-19,1
validation,7269,2002-02-25,2002-02-26,1
validation,7274,2002-03-04,2002-03-05,1
validation,7279,2002-03-11,2002-03-12,1
validation,7284,2002-03-18,2002-03-19,1
validation,7289,2002-03-25,2002-03-26,1
validation,7294,2002-04-11,2002-04-12,1
validation,7299,2002-04-18,2002-04-19,1
validation,7304,2002-04-25,2002-04-26,1
validation,7309,2002-05-15,2002-05-16,1
validation,7314,2002-05-22,2002-05-23,1
validation,7319,2002-05-29,2002-05-30,1
validation,7324,2002-06-17,2002-06-18,1
validation,7329,2002-06-24,2002-06-25,1
validation,7334,2002-07-03,2002-07-04,1
validation,7339,2002-07-10,2002-07-11,1
validation,7344,2002-07-17,2002-07-18,1
validation,7349,2002-07-24,2002-07-25,1
validation,7354,2002-07-31,2002-08-01,1
validation,7359,2002-08-07,2002-08-08,1
validation,7364,2002-08-14,2002-08-15,1
validation,7369,2002-08-21,2002-08-22,1
validation,7374,2002-09-06,2002-09-09,1
validation,7379,2002-09-13,2002-09-16,1
validation,7384,2002-09-20,2002-09-23,1
validation,7389,2002-09-30,2002-10-01,1
validation,7394,2002-10-07,2002-10-08,1
validation,7399,2002-10-14,2002-10-15,1
validation,7404,2002-10-21,2002-10-22,1
validation,7409,2002-10-28,2002-10-29,1
validation,7414,2002-11-04,2002-11-05,1
validation,7419,2002-11-11,2002-11-12,1
validation,7424,2002-11-18,2002-11-19,1
validation,7429,2002-11-25,2002-11-26,1
validation,7434,2002-12-02,2002-12-03,1
validation,7439,2002-12-09,2002-12-10,1
validation,7444,2002-12-16,2002-12-17,1
validation,7449,2002-12-23,2002-12-24,1
validation,7454,2003-01-15,2003-01-16,1
validation,7459,2003-01-24,2003-01-27,1
validation,7464,2003-02-03,2003-02-04,1
validation,7469,2003-02-10,2003-02-11,1
validation,7474,2003-02-17,2003-02-18,1
validation,7479,2003-02-24,2003-02-25,1
validation,7484,2003-03-03,2003-03-04,1
validation,7489,2003-03-10,2003-03-11,1
validation,7494,2003-03-17,2003-03-18,1
validation,7499,2003-03-24,2003-03-25,1
validation,7504,2003-03-31,2003-04-01,1
validation,7509,2003-04-07,2003-04-08,1
validation,7514,2003-04-14,2003-04-15,1
validation,7519,2003-05-01,2003-05-02,1
validation,7524,2003-05-21,2003-05-22,1
validation,7529,2003-06-06,2003-06-09,1
validation,7534,2003-06-13,2003-06-16,1
validation,7539,2003-06-20,2003-06-23,1
validation,7544,2003-06-30,2003-07-01,1
validation,7549,2003-07-07,2003-07-08,1
validation,7554,2003-07-14,2003-07-15,1
validation,7559,2003-07-21,2003-07-22,1
validation,7564,2003-07-28,2003-07-29,1
validation,7569,2003-08-04,2003-08-05,1
validation,7574,2003-08-11,2003-08-12,1
validation,7579,2003-08-18,2003-08-19,1
validation,7584,2003-09-03,2003-09-04,1
validation,7589,2003-09-10,2003-09-11,1
validation,7594,2003-09-17,2003-09-18,1
validation,7599,2003-09-25,2003-09-26,1
validation,7604,2003-10-02,2003-10-03,1
validation,7609,2003-10-09,2003-10-10,1
validation,7614,2003-10-16,2003-10-17,1
validation,7619,2003-10-23,2003-10-24,1
validation,7624,2003-10-30,2003-10-31,1
validation,7629,2003-11-06,2003-11-07,1
validation,7634,2003-11-13,2003-11-14,1
validation,7639,2003-11-20,2003-11-21,1
validation,7644,2003-11-27,2003-11-28,1
validation,7649,2003-12-04,2003-12-05,1
validation,7654,2003-12-11,2003-12-12,1
validation,7659,2003-12-18,2003-12-19,1
validation,7664,2004-01-12,2004-01-13,1
validation,7669,2004-01-19,2004-01-20,1
validation,7674,2004-01-28,2004-01-29,1
validation,7679,2004-02-05,2004-02-06,1
validation,7684,2004-02-12,2004-02-13,1
validation,7689,2004-02-19,2004-02-20,1
validation,7694,2004-02-26,2004-02-27,1
validation,7699,2004-03-04,2004-03-05,1
validation,7704,2004-03-11,2004-03-12,1
validation,7709,2004-03-18,2004-03-19,1
validation,7714,2004-03-25,2004-03-26,1
validation,7719,2004-04-01,2004-04-02,1
validation,7724,2004-04-20,2004-04-21,1
validation,7729,2004-04-27,2004-04-28,1
validation,7734,2004-05-13,2004-05-14,1
validation,7739,2004-05-20,2004-05-21,1
validation,7744,2004-05-27,2004-05-28,1
validation,7749,2004-06-14,2004-06-15,1
validation,7754,2004-06-21,2004-06-22,1
validation,7759,2004-06-29,2004-06-30,1
validation,7764,2004-07-06,2004-07-07,1
validation,7769,2004-07-13,2004-07-14,1
validation,7774,2004-07-20,2004-07-21,1
validation,7779,2004-07-27,2004-07-28,1
validation,7784,2004-08-03,2004-08-04,1
validation,7789,2004-08-10,2004-08-11,1
validation,7794,2004-08-17,2004-08-18,1
validation,7799,2004-08-24,2004-08-25,1
validation,7804,2004-09-09,2004-09-10,1
validation,7809,2004-09-16,2004-09-17,1
validation,7814,2004-09-23,2004-09-24,1
validation,7819,2004-10-01,2004-10-04,1
validation,7824,2004-10-08,2004-10-11,1
validation,7829,2004-10-15,2004-10-18,1
validation,7834,2004-10-22,2004-10-25,1
validation,7839,2004-10-29,2004-11-01,1
validation,7844,2004-11-05,2004-11-08,1
validation,7849,2004-11-12,2004-11-15,1
validation,7854,2004-11-19,2004-11-22,1
validation,7859,2004-11-26,2004-11-29,1
validation,7864,2004-12-03,2004-12-06,1
validation,7869,2004-12-10,2004-12-13,1
validation,7874,2004-12-17,2004-12-20,1
validation,7879,2005-01-11,2005-01-12,1
validation,7884,2005-01-18,2005-01-19,1
validation,7889,2005-01-27,2005-01-28,1
validation,7894,2005-02-04,2005-02-07,1
validation,7899,2005-02-11,2005-02-14,1
validation,7904,2005-02-18,2005-02-21,1
validation,7909,2005-02-25,2005-02-28,1
validation,7914,2005-03-04,2005-03-07,1
validation,7919,2005-03-11,2005-03-14,1
validation,7924,2005-03-18,2005-03-21,1
validation,7929,2005-04-06,2005-04-07,1
validation,7934,2005-04-13,2005-04-14,1
validation,7939,2005-04-20,2005-04-21,1
validation,7944,2005-05-10,2005-05-11,1
validation,7949,2005-05-17,2005-05-18,1
validation,7954,2005-05-24,2005-05-25,1
validation,7959,2005-06-09,2005-06-10,1
validation,7964,2005-06-16,2005-06-17,1
validation,7969,2005-06-23,2005-06-24,1
validation,7974,2005-07-01,2005-07-04,1
validation,7979,2005-07-08,2005-07-11,1
validation,7984,2005-07-15,2005-07-18,1
validation,7989,2005-07-22,2005-07-25,1
validation,7994,2005-07-29,2005-08-01,1
validation,7999,2005-08-05,2005-08-08,1
validation,8004,2005-08-12,2005-08-15,1
validation,8009,2005-08-19,2005-08-22,1
validation,8014,2005-09-06,2005-09-07,1
validation,8019,2005-09-13,2005-09-14,1
validation,8024,2005-09-20,2005-09-21,1
validation,8029,2005-09-28,2005-09-29,1
validation,8034,2005-10-05,2005-10-06,1
validation,8039,2005-10-12,2005-10-13,1
validation,8044,2005-10-19,2005-10-20,1
validation,8049,2005-10-26,2005-10-27,1
validation,8054,2005-11-02,2005-11-03,1
validation,8059,2005-11-09,2005-11-10,1
validation,8064,2005-11-16,2005-11-17,1
validation,8069,2005-11-23,2005-11-24,1
validation,8074,2005-11-30,2005-12-01,1
validation,8079,2005-12-07,2005-12-08,1
validation,8084,2005-12-14,2005-12-15,1
validation,8089,2005-12-21,2005-12-22,1
validation,8094,2006-01-13,2006-01-16,1
validation,8099,2006-01-20,2006-01-23,1
validation,8104,2006-02-01,2006-02-02,1
validation,8109,2006-02-08,2006-02-09,1
validation,8114,2006-02-15,2006-02-16,1
validation,8119,2006-02-22,2006-02-23,1
validation,8124,2006-03-01,2006-03-02,1
validation,8129,2006-03-08,2006-03-09,1
validation,8134,2006-03-15,2006-03-16,1
validation,8139,2006-03-22,2006-03-23,1
validation,8144,2006-03-29,2006-03-30,1
validation,8149,2006-04-05,2006-04-06,1
validation,8154,2006-04-12,2006-04-13,1
validation,8159,2006-05-10,2006-05-11,1
validation,8164,2006-05-19,2006-05-22,1
validation,8169,2006-06-06,2006-06-07,1
validation,8174,2006-06-13,2006-06-14,1
validation,8179,2006-06-20,2006-06-21,1
validation,8184,2006-06-28,2006-06-29,1
validation,8189,2006-07-05,2006-07-06,1
validation,8194,2006-07-12,2006-07-13,1
validation,8199,2006-07-19,2006-07-20,1
validation,8204,2006-07-26,2006-07-27,1
validation,8209,2006-08-02,2006-08-03,1
validation,8214,2006-08-09,2006-08-10,1
validation,8219,2006-08-16,2006-08-17,1
validation,8224,2006-08-23,2006-08-24,1
validation,8229,2006-09-08,2006-09-11,1
validation,8234,2006-09-15,2006-09-18,1
validation,8239,2006-09-22,2006-09-25,1
validation,8244,2006-10-02,2006-10-03,1
validation,8249,2006-10-09,2006-10-10,1
validation,8254,2006-10-16,2006-10-17,1
validation,8259,2006-10-23,2006-10-24,1
validation,8264,2006-10-30,2006-10-31,1
validation,8269,2006-11-06,2006-11-07,1
validation,8274,2006-11-13,2006-11-14,1
validation,8279,2006-11-20,2006-11-21,1
validation,8284,2006-11-27,2006-11-28,1
validation,8289,2006-12-04,2006-12-05,1
validation,8294,2006-12-11,2006-12-12,1
validation,8299,2006-12-18,2006-12-19,1
validation,8304,2007-01-10,2007-01-11,1
validation,8309,2007-01-17,2007-01-18,1
validation,8314,2007-01-26,2007-01-29,1
validation,8319,2007-02-05,2007-02-06,1
validation,8324,2007-02-12,2007-02-13,1
validation,8329,2007-02-19,2007-02-20,1
validation,8334,2007-02-26,2007-02-27,1
validation,8339,2007-03-05,2007-03-06,1
validation,8344,2007-03-12,2007-03-13,1
validation,8349,2007-03-19,2007-03-20,1
validation,8354,2007-03-26,2007-03-27,1
validation,8359,2007-04-02,2007-04-03,1
validation,8364,2007-04-19,2007-04-20,1
validation,8369,2007-04-26,2007-04-27,1
validation,8374,2007-05-03,2007-05-04,1
validation,8379,2007-05-21,2007-05-22,1
test,8384,2007-06-06,2007-06-07,1
test,8389,2007-06-13,2007-06-14,1
test,8394,2007-06-20,2007-06-21,1
test,8399,2007-06-28,2007-06-29,1
test,8404,2007-07-05,2007-07-06,1
test,8409,2007-07-12,2007-07-13,1
test,8414,2007-07-19,2007-07-20,1
test,8419,2007-07-26,2007-07-27,1
test,8424,2007-08-02,2007-08-03,1
test,8429,2007-08-09,2007-08-10,1
test,8434,2007-08-16,2007-08-17,1
test,8439,2007-08-23,2007-08-24,1
test,8444,2007-09-10,2007-09-11,1
test,8449,2007-09-17,2007-09-18,1
test,8454,2007-09-25,2007-09-26,1
test,8459,2007-10-02,2007-10-03,1
test,8464,2007-10-09,2007-10-10,1
test,8469,2007-10-16,2007-10-17,1
test,8474,2007-10-23,2007-10-24,1
test,8479,2007-10-30,2007-10-31,1
test,8484,2007-11-06,2007-11-07,1
test,8489,2007-11-13,2007-11-14,1
test,8494,2007-11-20,2007-11-21,1
test,8499,2007-11-27,2007-11-28,1
test,8504,2007-12-04,2007-12-05,1
test,8509,2007-12-11,2007-12-12,1
test,8514,2007-12-18,2007-12-19,1
test,8519,2008-01-10,2008-01-11,1
test,8524,2008-01-17,2008-01-18,1
test,8529,2008-01-28,2008-01-29,1
test,8534,2008-02-05,2008-02-06,1
test,8539,2008-02-12,2008-02-13,1
test,8544,2008-02-19,2008-02-20,1
test,8549,2008-02-26,2008-02-27,1
test,8554,2008-03-04,2008-03-05,1
test,8559,2008-03-11,2008-03-12,1
test,8564,2008-03-18,2008-03-19,1
test,8569,2008-04-04,2008-04-07,1
test,8574,2008-04-11,2008-04-14,1
test,8579,2008-04-22,2008-04-23,1
test,8584,2008-04-29,2008-04-30,1
test,8589,2008-05-15,2008-05-16,1
test,8594,2008-05-22,2008-05-23,1
test,8599,2008-06-09,2008-06-10,1
test,8604,2008-06-16,2008-06-17,1
test,8609,2008-06-24,2008-06-25,1
test,8614,2008-07-01,2008-07-02,1
test,8619,2008-07-08,2008-07-09,1
test,8624,2008-07-15,2008-07-16,1
test,8629,2008-07-22,2008-07-23,1
test,8634,2008-07-29,2008-07-30,1
test,8639,2008-08-05,2008-08-06,1
test,8644,2008-08-12,2008-08-13,1
test,8649,2008-08-19,2008-08-20,1
test,8654,2008-09-04,2008-09-05,1
test,8659,2008-09-11,2008-09-12,1
test,8664,2008-09-18,2008-09-19,1
test,8669,2008-09-26,2008-09-29,1
test,8674,2008-10-03,2008-10-06,1
test,8679,2008-10-10,2008-10-13,1
test,8684,2008-10-17,2008-10-20,1
test,8689,2008-10-24,2008-10-27,1
test,8694,2008-10-31,2008-11-03,1
test,8699,2008-11-07,2008-11-10,1
test,8704,2008-11-14,2008-11-17,1
test,8709,2008-11-21,2008-11-24,1
test,8714,2008-11-28,2008-12-01,1
test,8719,2008-12-05,2008-12-08,1
test,8724,2008-12-12,2008-12-15,1
test,8729,2008-12-19,2008-12-22,1
test,8734,2009-01-13,2009-01-14,1
test,8739,2009-01-20,2009-01-21,1
test,8744,2009-01-30,2009-02-02,1
test,8749,2009-02-06,2009-02-09,1
test,8754,2009-02-13,2009-02-16,1
test,8759,2009-02-20,2009-02-23,1
test,8764,2009-02-27,2009-03-02,1
test,8769,2009-03-06,2009-03-09,1
test,8774,2009-03-13,2009-03-16,1
test,8779,2009-03-20,2009-03-23,1
test,8784,2009-03-27,2009-03-30,1
test,8789,2009-04-03,2009-04-06,1
test,8794,2009-04-22,2009-04-23,1
test,8799,2009-04-29,2009-04-30,1
test,8804,2009-05-15,2009-05-18,1
test,8809,2009-06-02,2009-06-03,1
test,8814,2009-06-09,2009-06-10,1
test,8819,2009-06-16,2009-06-17,1
test,8824,2009-06-24,2009-06-25,1
test,8829,2009-07-01,2009-07-02,1
test,8834,2009-07-08,2009-07-09,1
test,8839,2009-07-15,2009-07-16,1
test,8844,2009-07-22,2009-07-23,1
test,8849,2009-07-29,2009-07-30,1
test,8854,2009-08-05,2009-08-06,1
test,8859,2009-08-12,2009-08-13,1
test,8864,2009-08-19,2009-08-20,1
test,8869,2009-08-26,2009-08-27,1
test,8874,2009-09-11,2009-09-14,1
test,8879,2009-09-18,2009-09-21,1
test,8884,2009-09-25,2009-09-28,1
test,8889,2009-10-05,2009-10-06,1
test,8894,2009-10-12,2009-10-13,1
test,8899,2009-10-19,2009-10-20,1
test,8904,2009-10-26,2009-10-27,1
test,8909,2009-11-02,2009-11-03,1
test,8914,2009-11-09,2009-11-10,1
test,8919,2009-11-16,2009-11-17,1
test,8924,2009-11-23,2009-11-24,1
test,8929,2009-11-30,2009-12-01,1
test,8934,2009-12-07,2009-12-08,1
test,8939,2009-12-14,2009-12-15,1
test,8944,2009-12-21,2009-12-22,1
test,8949,2010-01-13,2010-01-14,1
test,8954,2010-01-20,2010-01-21,1
test,8959,2010-02-01,2010-02-02,1
test,8964,2010-02-08,2010-02-09,1
test,8969,2010-02-15,2010-02-16,1
test,8974,2010-02-22,2010-02-23,1
test,8979,2010-03-01,2010-03-02,1
test,8984,2010-03-08,2010-03-09,1
test,8989,2010-03-15,2010-03-16,1
test,8994,2010-03-22,2010-03-23,1
test,8999,2010-03-29,2010-03-30,1
test,9004,2010-04-15,2010-04-16,1
test,9009,2010-04-22,2010-04-23,1
test,9014,2010-04-29,2010-04-30,1
test,9019,2010-05-17,2010-05-18,1
test,9024,2010-05-24,2010-05-25,1
test,9029,2010-06-09,2010-06-10,1
test,9034,2010-06-16,2010-06-17,1
test,9039,2010-06-23,2010-06-24,1
test,9044,2010-07-01,2010-07-02,1
test,9049,2010-07-08,2010-07-09,1
test,9054,2010-07-15,2010-07-16,1
test,9059,2010-07-22,2010-07-23,1
test,9064,2010-07-29,2010-07-30,1
test,9069,2010-08-05,2010-08-06,1
test,9074,2010-08-12,2010-08-13,1
test,9079,2010-08-19,2010-08-20,1
test,9084,2010-08-26,2010-08-27,1
test,9089,2010-09-13,2010-09-14,1
test,9094,2010-09-20,2010-09-21,1
test,9099,2010-09-28,2010-09-29,1
test,9104,2010-10-05,2010-10-06,1
test,9109,2010-10-12,2010-10-13,1
test,9114,2010-10-19,2010-10-20,1
test,9119,2010-10-26,2010-10-27,1
test,9124,2010-11-02,2010-11-03,1
test,9129,2010-11-09,2010-11-10,1
test,9134,2010-11-16,2010-11-17,1
test,9139,2010-11-23,2010-11-24,1
test,9144,2010-11-30,2010-12-01,1
test,9149,2010-12-07,2010-12-08,1
test,9154,2010-12-14,2010-12-15,1
test,9159,2010-12-21,2010-12-22,1
test,9164,2011-01-13,2011-01-14,1
test,9169,2011-01-20,2011-01-21,1
test,9174,2011-02-01,2011-02-02,1
test,9179,2011-02-08,2011-02-09,1
test,9184,2011-02-15,2011-02-16,1
test,9189,2011-02-22,2011-02-23,1
test,9194,2011-03-01,2011-03-02,1
test,9199,2011-03-08,2011-03-09,1
test,9204,2011-03-15,2011-03-16,1
test,9209,2011-03-22,2011-03-23,1
test,9214,2011-03-29,2011-03-30,1
test,9219,2011-04-05,2011-04-06,1
test,9224,2011-04-12,2011-04-13,1
test,9229,2011-04-19,2011-04-20,1
test,9234,2011-05-13,2011-05-16,1
test,9239,2011-05-24,2011-05-25,1
test,9244,2011-06-09,2011-06-10,1
test,9249,2011-06-16,2011-06-17,1
test,9254,2011-06-23,2011-06-24,1
test,9259,2011-07-01,2011-07-04,1
test,9264,2011-07-08,2011-07-11,1
test,9269,2011-07-15,2011-07-18,1
test,9274,2011-07-22,2011-07-25,1
test,9279,2011-07-29,2011-08-01,1
test,9284,2011-08-05,2011-08-08,1
test,9289,2011-08-12,2011-08-15,1
test,9294,2011-08-19,2011-08-22,1
test,9299,2011-09-06,2011-09-07,1
test,9304,2011-09-13,2011-09-14,1
test,9309,2011-09-20,2011-09-21,1
test,9314,2011-09-28,2011-09-29,1
test,9319,2011-10-05,2011-10-06,1
test,9324,2011-10-12,2011-10-13,1
test,9329,2011-10-19,2011-10-20,1
test,9334,2011-10-26,2011-10-27,1
test,9339,2011-11-02,2011-11-03,1
test,9344,2011-11-09,2011-11-10,1
test,9349,2011-11-16,2011-11-17,1
test,9354,2011-11-23,2011-11-24,1
test,9359,2011-11-30,2011-12-01,1
test,9364,2011-12-07,2011-12-08,1
test,9369,2011-12-14,2011-12-15,1
test,9374,2011-12-21,2011-12-22,1
test,9379,2012-01-13,2012-01-16,1
test,9384,2012-01-20,2012-01-23,1
test,9389,2012-02-01,2012-02-02,1
test,9394,2012-02-08,2012-02-09,1
test,9399,2012-02-15,2012-02-16,1
test,9404,2012-02-22,2012-02-23,1
test,9409,2012-02-29,2012-03-01,1
test,9414,2012-03-07,2012-03-08,1
test,9419,2012-03-14,2012-03-15,1
test,9424,2012-03-21,2012-03-22,1
test,9429,2012-03-28,2012-03-29,1
test,9434,2012-04-04,2012-04-05,1
test,9439,2012-04-23,2012-04-24,1
test,9444,2012-04-30,2012-05-01,1
test,9449,2012-05-16,2012-05-17,1
test,9454,2012-05-23,2012-05-24,1
test,9459,2012-05-30,2012-05-31,1
test,9464,2012-06-18,2012-06-19,1
test,9469,2012-06-25,2012-06-26,1
test,9474,2012-07-04,2012-07-05,1
test,9479,2012-07-11,2012-07-12,1
test,9484,2012-07-18,2012-07-19,1
test,9489,2012-07-25,2012-07-26,1
test,9494,2012-08-01,2012-08-02,1
test,9499,2012-08-08,2012-08-09,1
test,9504,2012-08-15,2012-08-16,1
test,9509,2012-08-22,2012-08-23,1
test,9514,2012-09-07,2012-09-10,1
test,9519,2012-09-14,2012-09-17,1
test,9524,2012-09-21,2012-09-24,1
test,9529,2012-10-01,2012-10-02,1
test,9534,2012-10-08,2012-10-09,1
test,9539,2012-10-15,2012-10-16,1
test,9544,2012-10-22,2012-10-23,1
test,9549,2012-10-29,2012-10-30,1
test,9554,2012-11-05,2012-11-06,1
test,9559,2012-11-12,2012-11-13,1
test,9564,2012-11-19,2012-11-20,1
test,9569,2012-11-26,2012-11-27,1
test,9574,2012-12-03,2012-12-04,1
test,9579,2012-12-10,2012-12-11,1
test,9584,2012-12-17,2012-12-18,1
test,9589,2013-01-09,2013-01-10,1
test,9594,2013-01-16,2013-01-17,1
test,9599,2013-01-25,2013-01-28,1
test,9604,2013-02-04,2013-02-05,1
test,9609,2013-02-11,2013-02-12,1
test,9614,2013-02-18,2013-02-19,1
test,9619,2013-02-25,2013-02-26,1
test,9624,2013-03-04,2013-03-05,1
test,9629,2013-03-11,2013-03-12,1
test,9634,2013-03-18,2013-03-19,1
test,9639,2013-03-25,2013-03-26,1
test,9644,2013-04-11,2013-04-12,1
test,9649,2013-04-18,2013-04-19,1
test,9654,2013-04-25,2013-04-26,1
test,9659,2013-05-15,2013-05-16,1
test,9664,2013-05-22,2013-05-23,1
test,9669,2013-06-07,2013-06-10,1
test,9674,2013-06-14,2013-06-17,1
test,9679,2013-06-21,2013-06-24,1
test,9684,2013-07-01,2013-07-02,1
test,9689,2013-07-08,2013-07-09,1
test,9694,2013-07-15,2013-07-16,1
test,9699,2013-07-22,2013-07-23,1
test,9704,2013-07-29,2013-07-30,1
test,9709,2013-08-05,2013-08-06,1
test,9714,2013-08-12,2013-08-13,1
test,9719,2013-08-19,2013-08-20,1
test,9724,2013-09-04,2013-09-05,1
test,9729,2013-09-11,2013-09-12,1
test,9734,2013-09-18,2013-09-19,1
test,9739,2013-09-26,2013-09-27,1
test,9744,2013-10-03,2013-10-04,1
test,9749,2013-10-10,2013-10-11,1
test,9754,2013-10-17,2013-10-18,1
test,9759,2013-10-24,2013-10-25,1
test,9764,2013-10-31,2013-11-01,1
test,9769,2013-11-07,2013-11-08,1
test,9774,2013-11-14,2013-11-15,1
test,9779,2013-11-21,2013-11-22,1
test,9784,2013-11-28,2013-11-29,1
test,9789,2013-12-05,2013-12-06,1
test,9794,2013-12-12,2013-12-13,1
test,9799,2013-12-19,2013-12-20,1
test,9804,2014-01-13,2014-01-14,1
test,9809,2014-01-20,2014-01-21,1
test,9814,2014-01-30,2014-01-31,1
test,9819,2014-02-06,2014-02-07,1
test,9824,2014-02-13,2014-02-14,1
test,9829,2014-02-20,2014-02-21,1
test,9834,2014-02-27,2014-02-28,1
test,9839,2014-03-06,2014-03-07,1
test,9844,2014-03-13,2014-03-14,1
test,9849,2014-03-20,2014-03-21,1
test,9854,2014-03-27,2014-03-28,1
test,9859,2014-04-03,2014-04-04,1
