origin_index,forecast_origin,target_date,horizon,Y_TRUE_SARIMAX,Y_PRED_SARIMAX,RESIDUAL_SARIMAX,Y_TRUE_Holt_Winters,Y_PRED_Holt_Winters,RESIDUAL_Holt_Winters,Y_TRUE_Random_Forest,Y_PRED_Random_Forest,RESIDUAL_Random_Forest,Y_TRUE_PLS_Regression,Y_PRED_PLS_Regression,RESIDUAL_PLS_Regression
8384,2007-06-06,2007-06-07,1,670.85,670.0254803239026,0.8245196760974522,670.85,669.9752621368291,0.8747378631709353,670.85,669.0612272814806,1.7887727185194535,670.85,669.7817578599419,1.068242140058146
8389,2007-06-13,2007-06-14,1,650.75,644.458585388388,6.291414611612026,650.75,644.6573783269876,6.092621673012445,650.75,642.6480951590488,8.101904840951192,650.75,644.4818527582511,6.26814724174892
8394,2007-06-20,2007-06-21,1,654.5,659.5663927276892,-5.066392727689163,654.5,659.5113051558794,-5.011305155879427,654.5,661.1761712312064,-6.676171231206354,654.5,659.225010772945,-4.725010772944984
8399,2007-06-28,2007-06-29,1,648.5,645.1632161378071,3.336783862192874,648.5,645.7011512654631,2.798848734536932,648.5,648.16330407969,0.336695920310035,648.5,645.4193648901205,3.080635109879495
8404,2007-07-05,2007-07-06,1,647.75,655.8796722644654,-8.129672264465398,647.75,655.9406320927197,-8.190632092719738,647.75,654.9033448814255,-7.1533448814254825,647.75,655.6707446384071,-7.920744638407086
8409,2007-07-12,2007-07-13,1,667.5,662.6558212991631,4.844178700836892,667.5,663.1655373048591,4.334462695140928,667.5,660.7429600148266,6.757039985173378,667.5,663.4110051575833,4.088994842416696
8414,2007-07-19,2007-07-20,1,676.0,673.0039412351668,2.996058764833151,676.0,672.8524605181838,3.1475394818162385,676.0,670.3059426599613,5.694057340038739,676.0,673.0316258789874,2.96837412101263
8419,2007-07-26,2007-07-27,1,663.5,675.4919164424285,-11.991916442428533,663.5,675.6335436633901,-12.133543663390128,663.5,676.4997268404118,-12.999726840411768,663.5,676.019577664121,-12.519577664121016
8424,2007-08-02,2007-08-03,1,666.35,664.3687753793936,1.98122462060644,666.35,665.2318515359176,1.1181484640824235,666.35,661.9508987149794,4.399101285020606,666.35,665.2420181963532,1.107981803646794
8429,2007-08-09,2007-08-10,1,664.5,670.8718029284595,-6.371802928459488,664.5,670.946527790034,-6.446527790033997,664.5,667.7306336193354,-3.2306336193354355,664.5,671.1329516639084,-6.632951663908443
8434,2007-08-16,2007-08-17,1,653.0,663.7878370274223,-10.787837027422256,653.0,664.3162422411883,-11.31624224118832,653.0,662.2167399476024,-9.216739947602376,653.0,664.4293246582972,-11.42932465829722
8439,2007-08-23,2007-08-24,1,659.75,661.4431371762744,-1.6931371762743763,659.75,662.1005093618239,-2.3505093618239243,659.75,660.3527639279228,-0.6027639279227515,659.75,661.9606885243327,-2.210688524332681
8444,2007-09-10,2007-09-11,1,704.25,704.3539328116165,-0.1039328116164597,704.25,703.6472989002751,0.6027010997248681,704.25,697.0264011248488,7.223598875151197,704.25,703.5113446675239,0.738655332476128
8449,2007-09-17,2007-09-18,1,717.7,710.071378791797,7.628621208203071,717.7,710.1996806319873,7.500319368012697,717.7,707.6046512814219,10.09534871857818,717.7,710.6319989785204,7.068001021479631
8454,2007-09-25,2007-09-26,1,730.55,728.5334792092948,2.016520790705158,730.55,728.1772769813783,2.3727230186216275,730.55,749.4696533543018,-18.91965335430189,730.55,728.913375876434,1.63662412356598
8459,2007-10-02,2007-10-03,1,733.15,736.369053433426,-3.219053433425984,733.15,736.3199000690992,-3.169900069099185,733.15,756.5751242767813,-23.42512427678128,733.15,737.5090019071101,-4.359001907110155
8464,2007-10-09,2007-10-10,1,740.5,728.9717379789213,11.528262021078715,740.5,729.2965241532543,11.203475846745732,740.5,742.9310111859819,-2.4310111859819017,740.5,730.0858351925771,10.414164807422935
8469,2007-10-16,2007-10-17,1,759.75,762.0931450971439,-2.3431450971438608,759.75,761.5728282193342,-1.822828219334156,759.75,764.8056705023042,-5.055670502304224,759.75,761.636288446449,-1.886288446449044
8474,2007-10-23,2007-10-24,1,757.35,757.02032944862,0.3296705513799907,757.35,757.5631114097146,-0.2131114097145428,757.35,760.6794483215608,-3.3294483215607897,757.35,757.879772789172,-0.5297727891719433
8479,2007-10-30,2007-10-31,1,783.0,784.6671852587813,-1.6671852587812737,783.0,784.5007058053924,-1.5007058053923856,783.0,778.4145239222472,4.585476077752787,783.0,785.2598479328524,-2.259847932852381
8484,2007-11-06,2007-11-07,1,841.75,816.8860880770128,24.8639119229872,841.75,816.9221734439355,24.82782655606445,841.75,794.5113162003444,47.23868379965563,841.75,817.5976699780515,24.1523300219485
8489,2007-11-13,2007-11-14,1,808.25,804.7364961775054,3.513503822494613,808.25,804.2210109525499,4.028989047450068,808.25,813.3579246939682,-5.1079246939682434,808.25,804.6916456798251,3.5583543201748853
8494,2007-11-20,2007-11-21,1,796.25,789.6450393312557,6.604960668744297,796.25,789.7448398947012,6.505160105298842,796.25,801.4068923212303,-5.156892321230316,796.25,789.9356243824616,6.314375617538417
8499,2007-11-27,2007-11-28,1,796.5,824.5870474108362,-28.08704741083625,796.5,823.9485664396586,-27.448566439658634,796.5,814.3078319107151,-17.807831910715095,796.5,824.6012490013906,-28.10124900139056
8504,2007-12-04,2007-12-05,1,801.75,788.4937963529361,13.2562036470639,801.75,790.1014714896711,11.648528510328902,801.75,795.3709246936693,6.379075306330719,801.75,789.266583769165,12.48341623083502
8509,2007-12-11,2007-12-12,1,807.5,806.9262810946558,0.573718905344208,807.5,806.5648918060531,0.9351081939469168,807.5,809.0279485965699,-1.5279485965698996,807.5,806.3893678335148,1.1106321664851748
8514,2007-12-18,2007-12-19,1,801.5,795.5980099677823,5.901990032217668,801.5,795.9710568607744,5.528943139225589,801.5,798.895454392333,2.604545607666978,801.5,795.4951701405455,6.004829859454503
8519,2008-01-10,2008-01-11,1,893.75,876.2995632774974,17.45043672250256,893.75,874.8539310389597,18.896068961040328,893.75,826.1877141050495,67.56228589495049,893.75,876.450066315063,17.299933684936946
8524,2008-01-17,2008-01-18,1,872.75,881.4208710530135,-8.670871053013457,872.75,881.6841216289629,-8.934121628962885,872.75,872.3177355882544,0.4322644117455638,872.75,881.7189214488974,-8.96892144889739
8529,2008-01-28,2008-01-29,1,927.5,917.1596073389948,10.34039266100524,927.5,916.802857083856,10.697142916144116,927.5,889.307521761291,38.192478238708986,927.5,917.1834433716735,10.316556628326452
8534,2008-02-05,2008-02-06,1,892.0,889.6501657220937,2.349834277906325,892.0,890.4283236547857,1.571676345214314,892.0,899.4488304357033,-7.4488304357032575,892.0,890.2720613799556,1.7279386200443696
8539,2008-02-12,2008-02-13,1,905.75,920.7122242746927,-14.962224274692858,905.75,920.619996252246,-14.869996252246096,905.75,914.8795046017078,-9.129504601707822,905.75,920.4317673196332,-14.681767319633307
8544,2008-02-19,2008-02-20,1,924.85,915.5103366521438,9.33966334785623,924.85,916.1212995359576,8.728700464042504,924.85,912.6031488309249,12.246851169075285,924.85,916.6036575073496,8.246342492650342
8549,2008-02-26,2008-02-27,1,958.75,934.7665551247268,23.98344487527322,958.75,934.7569946397564,23.99300536024361,958.75,927.6476645629156,31.10233543708432,958.75,934.5606573018,24.189342698200107
8554,2008-03-04,2008-03-05,1,966.25,982.1947134199931,-15.944713419993263,966.25,981.7308737828432,-15.48087378284322,966.25,952.2447188846146,14.0052811153854,966.25,981.953145221386,-15.70314522138608
8559,2008-03-11,2008-03-12,1,975.75,979.6847836033268,-3.934783603326764,975.75,980.3163263979212,-4.566326397921216,975.75,969.6939283806348,6.056071619365298,975.75,980.985995260047,-5.235995260047048
8564,2008-03-18,2008-03-19,1,995.25,1007.0864058532352,-11.836405853235192,995.25,1006.6914427132792,-11.441442713279343,995.25,985.442552455258,9.807447544741876,995.25,1008.164728621768,-12.91472862176795
8569,2008-04-04,2008-04-07,1,914.7,905.1112905930444,9.588709406955672,914.7,905.0981752224284,9.60182477757155,914.7,908.3363939500316,6.363606049968553,914.7,903.6549839706512,11.045016029348972
8574,2008-04-11,2008-04-14,1,917.75,926.7870681398048,-9.03706813980466,917.75,925.9754544197268,-8.225454419726816,917.75,923.5016501594135,-5.751650159413543,917.75,925.1878185626042,-7.437818562604207
8579,2008-04-22,2008-04-23,1,916.25,922.4646189717364,-6.214618971736513,916.25,922.2287092241172,-5.97870922411721,916.25,924.6347589237508,-8.384758923750724,916.25,919.6675009541896,-3.417500954189677
8584,2008-04-29,2008-04-30,1,867.75,886.343859362695,-18.59385936269496,867.75,886.3983964566005,-18.64839645660049,867.75,887.5351765898392,-19.78517658983924,867.75,886.3295830415562,-18.579583041556248
8589,2008-05-15,2008-05-16,1,885.0,865.501461073085,19.49853892691499,885.0,866.2647688677478,18.73523113225224,885.0,848.0046960970622,36.99530390293785,885.0,864.7252493620983,20.27475063790166
8594,2008-05-22,2008-05-23,1,922.25,928.6958688440238,-6.445868844023835,922.25,928.2241874448822,-5.9741874448822045,922.25,926.3798257052048,-4.1298257052046665,922.25,927.188859706137,-4.938859706137009
8599,2008-06-09,2008-06-10,1,884.5,903.3752368307546,-18.8752368307546,884.5,903.5319992558886,-19.03199925588865,884.5,897.6014893152427,-13.101489315242702,884.5,903.0279083865172,-18.527908386517083
8604,2008-06-16,2008-06-17,1,883.0,871.312254348132,11.687745651868,883.0,871.8016449958849,11.198355004115117,883.0,871.0270791442418,11.97292085575816,883.0,870.9141295994236,12.085870400576368
8609,2008-06-24,2008-06-25,1,887.25,889.2121546347456,-1.962154634745616,887.25,889.0673542432517,-1.817354243251657,887.25,884.3693909088324,2.880609091167571,887.25,889.3128151680205,-2.0628151680205065
8614,2008-07-01,2008-07-02,1,936.0,929.7352871475948,6.264712852405182,936.0,929.7262631827584,6.273736817241456,936.0,929.8117625211738,6.188237478826181,936.0,929.4595725620064,6.540427437993685
8619,2008-07-08,2008-07-09,1,923.25,928.709720172385,-5.459720172385005,923.25,929.0659466259788,-5.815946625978654,923.25,928.7555725260902,-5.505572526090191,923.25,929.0498061707784,-5.799806170778311
8624,2008-07-15,2008-07-16,1,974.0,980.9248028695374,-6.924802869537416,974.0,980.9604883887932,-6.960488388793237,974.0,969.5301558510934,4.469844148906645,974.0,981.0320886806136,-7.0320886806134695
8629,2008-07-22,2008-07-23,1,934.75,972.6934881264732,-37.94348812647331,934.75,972.8545070319204,-38.104507031920434,934.75,976.3061396641348,-41.556139664134776,934.75,973.9004218294032,-39.150421829403285
8634,2008-07-29,2008-07-30,1,914.1,928.2160550256312,-14.116055025631226,914.1,928.864215037706,-14.764215037705869,914.1,931.3162426313482,-17.216242631348223,914.1,929.0675572493028,-14.967557249302786
8639,2008-08-05,2008-08-06,1,884.75,884.7329889860468,0.0170110139531516,884.75,885.0527452218977,-0.3027452218976805,884.75,885.179632541117,-0.4296325411170301,884.75,885.7799355618122,-1.0299355618121808
8644,2008-08-12,2008-08-13,1,824.0,810.6919168379903,13.308083162009666,824.0,810.8511934457856,13.148806554214389,824.0,814.4510113586739,9.548988641326105,824.0,810.6058035272065,13.39419647279351
8649,2008-08-19,2008-08-20,1,806.75,791.6286977156833,15.121302284316698,806.75,791.3420857391974,15.407914260802611,806.75,796.4206316475517,10.32936835244834,806.75,788.5712815685345,18.17871843146554
8654,2008-09-04,2008-09-05,1,796.25,809.9867484906747,-13.7367484906747,796.25,809.943099896852,-13.693099896852004,796.25,816.3821295876872,-20.132129587687245,796.25,808.1276401668053,-11.87764016680535
8659,2008-09-11,2008-09-12,1,757.5,743.173878582551,14.32612141744903,757.5,744.1469649179581,13.353035082041856,757.5,767.8137232407508,-10.313723240750846,757.5,743.7660720312103,13.733927968789658
8664,2008-09-18,2008-09-19,1,837.5,861.3624979612374,-23.86249796123741,837.5,861.2479688199427,-23.747968819942685,837.5,858.7111050910146,-21.211105091014588,837.5,859.1344390550735,-21.63443905507347
8669,2008-09-26,2008-09-29,1,876.5,869.9130460247112,6.586953975288793,876.5,870.0432151475873,6.4567848524127385,876.5,873.1972623064657,3.3027376935342545,876.5,869.8369438037134,6.663056196286561
8674,2008-10-03,2008-10-06,1,836.5,843.6760296679583,-7.176029667958346,836.5,843.74769250203,-7.247692502029963,836.5,844.1280978487059,-7.62809784870592,836.5,844.0846094656229,-7.584609465622861
8679,2008-10-10,2008-10-13,1,865.0,915.9666202844924,-50.96662028449225,865.0,916.6239782349946,-51.62397823499464,865.0,919.550540220932,-54.55054022093191,865.0,915.9344531326494,-50.93445313264942
8684,2008-10-17,2008-10-20,1,803.0,801.9506615361571,1.0493384638429006,803.0,802.7179105088179,0.2820894911820915,803.0,803.2049731542273,-0.2049731542273321,803.0,802.6799303940257,0.320069605974254
8689,2008-10-24,2008-10-27,1,720.5,693.1109150426478,27.389084957352225,720.5,694.0076656823062,26.492334317693803,720.5,681.1242361288315,39.37576387116849,720.5,690.8042101162769,29.695789883723137
8694,2008-10-31,2008-11-03,1,734.0,733.0751691923015,0.9248308076985268,734.0,730.4671815934455,3.5328184065544974,734.0,754.7337467276501,-20.7337467276501,734.0,729.3989110023563,4.601088997643728
8699,2008-11-07,2008-11-10,1,751.75,741.7143831720248,10.035616827975218,751.75,741.9640909812329,9.785909018767144,751.75,742.263295339768,9.486704660232022,751.75,740.8087145180295,10.941285481970452
8704,2008-11-14,2008-11-17,1,745.0,728.6279825827235,16.37201741727654,745.0,728.9085460353463,16.091453964653738,745.0,737.2061493563795,7.793850643620544,745.0,727.409008701477,17.590991298523022
8709,2008-11-21,2008-11-24,1,816.75,758.6412277417975,58.10877225820252,816.75,757.9727653843072,58.777234615692805,816.75,753.4832054137266,63.26679458627336,816.75,758.0791727205486,58.67082727945137
8714,2008-11-28,2008-12-01,1,795.5,816.0164486029623,-20.516448602962328,795.5,813.6272421816012,-18.12724218160122,795.5,816.9258132186444,-21.425813218644407,795.5,812.7732969890172,-17.27329698901724
8719,2008-12-05,2008-12-08,1,772.25,771.6845245027165,0.5654754972835008,772.25,771.9067528035106,0.3432471964894148,772.25,775.3716025974571,-3.121602597457126,772.25,771.8983371686047,0.3516628313952878
8724,2008-12-12,2008-12-15,1,827.5,815.4408986517428,12.059101348257173,827.5,814.108206874572,13.391793125427968,827.5,813.207513653285,14.292486346715007,827.5,814.7997969639175,12.700203036082485
8729,2008-12-19,2008-12-22,1,846.0,841.6082858484023,4.391714151597739,846.0,840.5415586892265,5.458441310773537,846.0,848.5567861482343,-2.556786148234324,846.0,841.5261832767665,4.47381672323354
8734,2009-01-13,2009-01-14,1,827.25,816.8705187239332,10.379481276066826,827.25,817.0771636951984,10.172836304801647,827.25,817.7410308611785,9.5089691388215,827.25,817.4405754952184,9.809424504781646
8739,2009-01-20,2009-01-21,1,860.5,836.1273979036157,24.3726020963843,860.5,835.4286545962766,25.0713454037234,860.5,832.7571561888333,27.74284381116672,860.5,835.7027746030287,24.79722539697127
8744,2009-01-30,2009-02-02,1,913.75,918.1044406815586,-4.354440681558572,913.75,917.4555749378987,-3.7055749378988594,913.75,906.764973978878,6.985026021121939,913.75,915.3176800313838,-1.5676800313838155
8749,2009-02-06,2009-02-09,1,901.0,914.543213621596,-13.543213621596124,901.0,914.1490893084648,-13.149089308464909,901.0,912.1111717925968,-11.111171792596792,901.0,914.760808812614,-13.76080881261396
8754,2009-02-13,2009-02-16,1,943.0,939.9968090540492,3.003190945950678,943.0,939.5445840289836,3.4554159710163503,943.0,937.842299869322,5.157700130677881,943.0,940.4094175945,2.5905824054999584
8759,2009-02-20,2009-02-23,1,987.0,981.1909502618106,5.809049738189401,987.0,980.7994797954788,6.200520204521126,987.0,966.9650377713738,20.034962228626227,987.0,981.1491833975668,5.850816602433156
8764,2009-02-27,2009-03-02,1,949.5,943.4727761185596,6.027223881440364,949.5,943.9621096269132,5.537890373086839,949.5,946.0573934174976,3.4426065825024352,949.5,943.126934285026,6.373065714974018
8769,2009-03-06,2009-03-09,1,934.75,937.1886568036216,-2.4386568036215976,934.75,936.8866236749408,-2.1366236749406653,934.75,937.5006800188472,-2.750680018847106,934.75,935.8198595377252,-1.0698595377252786
8774,2009-03-13,2009-03-16,1,923.0,920.2517208218987,2.748279178101143,923.0,919.8947358620952,3.105264137904669,923.0,917.4522330836244,5.547766916375622,923.0,919.4420622760048,3.55793772399511
8779,2009-03-20,2009-03-23,1,952.75,957.0155201562897,-4.265520156289654,952.75,956.3173360336588,-3.567336033658762,952.75,963.6427684996164,-10.892768499616407,952.75,956.2032357734428,-3.453235773442884
8784,2009-03-27,2009-03-30,1,923.0,927.7152200937984,-4.715220093798507,923.0,927.4561178658648,-4.45611786586494,923.0,921.047104646382,1.9528953536180325,923.0,927.4439154945596,-4.443915494559633
8789,2009-04-03,2009-04-06,1,879.5,902.032357061487,-22.532357061487005,879.5,902.16793743988,-22.66793743988012,879.5,905.1754497560598,-25.67544975605984,879.5,902.4980155232132,-22.99801552321333
8794,2009-04-22,2009-04-23,1,894.5,884.4215817217867,10.078418278213348,894.5,885.2671650084395,9.23283499156048,894.5,888.3810505126729,6.118949487327086,894.5,885.2484483962112,9.251551603788812
8799,2009-04-29,2009-04-30,1,889.0,894.5503459995427,-5.550345999542742,889.0,894.7475262753342,-5.747526275334167,889.0,904.2234414554129,-15.22344145541274,889.0,894.3019219678364,-5.3019219678363925
8804,2009-05-15,2009-05-18,1,929.75,924.9764516014592,4.773548398540925,929.75,925.063338270452,4.68666172954795,929.75,924.1935739155308,5.556426084469194,929.75,925.3299941940631,4.420005805936739
8809,2009-06-02,2009-06-03,1,979.0,972.4448071305288,6.5551928694711705,979.0,972.3649065840712,6.635093415928736,979.0,965.4799477826988,13.520052217301329,979.0,974.2861118509512,4.713888149048898
8814,2009-06-09,2009-06-10,1,961.25,951.842623239451,9.407376760549027,961.25,952.448781144412,8.80121885558799,961.25,943.1895933164062,18.060406683593783,961.25,951.366098678728,9.883901321272106
8819,2009-06-16,2009-06-17,1,933.75,936.4645818746357,-2.714581874635656,933.75,936.732710551704,-2.982710551704145,933.75,943.3999642648909,-9.649964264890857,933.75,935.825714361803,-2.075714361802966
8824,2009-06-24,2009-06-25,1,934.25,928.0254982206282,6.224501779371849,934.25,928.5783970896406,5.671602910359411,934.25,930.6289140835754,3.6210859164245903,934.25,928.0259083352192,6.224091664780872
8829,2009-07-01,2009-07-02,1,936.0,931.9608551235656,4.039144876434534,936.0,932.004050384123,3.995949615876953,936.0,933.7449137660096,2.2550862339904825,936.0,932.1384760487816,3.861523951218487
8834,2009-07-08,2009-07-09,1,914.75,921.0472647249552,-6.297264724955085,914.75,921.0796150500936,-6.32961505009348,914.75,923.9096155769432,-9.159615576943224,914.75,921.0414934252176,-6.291493425217482
8839,2009-07-15,2009-07-16,1,935.25,929.5993960396725,5.650603960327658,935.25,929.8036410301124,5.446358969887456,935.25,932.5406048381165,2.7093951618836627,935.25,929.7912037872496,5.458796212750485
8844,2009-07-22,2009-07-23,1,955.25,945.6432824129804,9.606717587019602,955.25,945.7335661357776,9.51643386422245,955.25,942.5037443711644,12.746255628835684,955.25,945.7779302891754,9.4720697108246
8849,2009-07-29,2009-07-30,1,932.0,936.4560528586248,-4.45605285862473,932.0,936.4003076364824,-4.400307636482353,932.0,936.5030624762984,-4.5030624762982825,932.0,936.9921957944704,-4.992195794470263
8854,2009-08-05,2009-08-06,1,960.75,963.8701304544992,-3.12013045449919,960.75,964.2240341687368,-3.4740341687366936,960.75,965.0476131564376,-4.297613156437478,960.75,964.1043898060092,-3.354389806009067
8859,2009-08-12,2009-08-13,1,956.0,943.28613084563,12.71386915437006,956.0,943.748964884097,12.25103511590305,956.0,946.4047304804128,9.595269519587193,956.0,943.6767321595762,12.323267840423796
8864,2009-08-19,2009-08-20,1,943.5,934.702852257384,8.797147742616062,943.5,934.5524879426227,8.947512057377253,943.5,934.5354616244864,8.964538375513484,943.5,934.3000470595482,9.199952940451794
8869,2009-08-26,2009-08-27,1,943.5,949.529681182559,-6.029681182558988,943.5,949.585981856202,-6.085981856201897,943.5,949.9221338912416,-6.422133891241742,943.5,949.5631654005092,-6.06316540050932
8874,2009-09-11,2009-09-14,1,994.25,997.8074299667932,-3.557429966793279,994.25,998.017139262903,-3.767139262903015,994.25,985.1801125035914,9.069887496408567,994.25,997.819919705894,-3.569919705894108
8879,2009-09-18,2009-09-21,1,999.25,1014.4728696313064,-15.222869631306368,999.25,1014.4051061992762,-15.155106199276249,999.25,1002.1889570102288,-2.938957010228819,999.25,1014.8624016695632,-15.612401669563267
8884,2009-09-25,2009-09-28,1,990.5,997.44039254882,-6.940392548819887,990.5,997.8352092741068,-7.335209274106887,990.5,1005.0543144966852,-14.554314496685151,990.5,998.5456388188908,-8.04563881889078
8889,2009-10-05,2009-10-06,1,1020.25,1003.6772771219108,16.572722878089166,1020.25,1004.1444747256528,16.1055252743472,1020.25,1001.4516425590524,18.7983574409476,1020.25,1003.8127139202657,16.437286079734463
8894,2009-10-12,2009-10-13,1,1064.5,1052.1945016866998,12.305498313300175,1064.5,1051.951904605812,12.548095394188069,1064.5,1029.9758812953323,34.52411870466767,1064.5,1051.0876285133288,13.41237148667119
8899,2009-10-19,2009-10-20,1,1064.0,1054.5613886497645,9.438611350235533,1064.0,1054.3976215296627,9.602378470337271,1064.0,1050.5621361215792,13.437863878420783,1064.0,1054.0500658331378,9.94993416686225
8904,2009-10-26,2009-10-27,1,1040.75,1055.5985616529342,-14.848561652934222,1040.75,1055.3932546310464,-14.643254631046377,1040.75,1046.6722749473215,-5.922274947321739,1040.75,1055.8044858317655,-15.054485831765533
8909,2009-11-02,2009-11-03,1,1058.0,1051.3935963367578,6.60640366324219,1058.0,1051.8455222241323,6.154477775867463,1058.0,1053.9887165576374,4.011283442362583,1058.0,1051.8013988195312,6.198601180468813
8914,2009-11-09,2009-11-10,1,1099.75,1108.2843103186735,-8.534310318673533,1099.75,1108.1320129013957,-8.382012901395683,1099.75,1072.5551639215985,27.19483607840175,1099.75,1107.5014821136742,-7.751482113674228
8919,2009-11-16,2009-11-17,1,1131.75,1127.53183386952,4.2181661304800855,1131.75,1128.0853330498942,3.6646669501058113,1131.75,1101.544903345361,30.205096654638965,1131.75,1127.8564248701964,3.893575129803594
8924,2009-11-23,2009-11-24,1,1170.25,1165.3198105898073,4.930189410192725,1170.25,1165.231990796085,5.018009203914971,1170.25,1126.0300941992302,44.219905800769766,1170.25,1165.2516814819064,4.998318518093583
8929,2009-11-30,2009-12-01,1,1193.5,1172.5527641612205,20.94723583877953,1193.5,1171.890410684621,21.609589315379026,1193.5,1154.768655763569,38.731344236430914,1193.5,1172.0525034589314,21.44749654106863
8934,2009-12-07,2009-12-08,1,1164.25,1149.949116152584,14.300883847416117,1164.25,1149.662372861272,14.587627138728068,1164.25,1168.4670122959144,-4.217012295914401,1164.25,1150.3820646079016,13.867935392098389
8939,2009-12-14,2009-12-15,1,1115.0,1121.4276828703723,-6.427682870372337,1115.0,1120.921920864505,-5.921920864504955,1115.0,1131.423781029495,-16.42378102949533,1115.0,1121.01260029822,-6.01260029822015
8944,2009-12-21,2009-12-22,1,1094.25,1112.5816097989502,-18.33160979895024,1094.25,1113.182386526768,-18.93238652676814,1094.25,1115.78212831629,-21.532128316290027,1094.25,1112.5102556609804,-18.26025566098042
8949,2010-01-13,2010-01-14,1,1137.5,1132.8738569221932,4.626143077806773,1137.5,1133.74751718719,3.752482812810058,1137.5,1129.071661069821,8.428338930179052,1137.5,1133.9690759972814,3.5309240027186206
8954,2010-01-20,2010-01-21,1,1104.0,1129.2450907248272,-25.24509072482715,1104.0,1129.3747886350786,-25.37478863507863,1104.0,1132.0545170404891,-28.054517040489145,1104.0,1130.121090293772,-26.12109029377212
8959,2010-02-01,2010-02-02,1,1114.0,1081.522162752943,32.47783724705732,1114.0,1082.5503090713412,31.44969092865881,1114.0,1084.233564106526,29.76643589347396,1114.0,1081.7725915450735,32.22740845492649
8964,2010-02-08,2010-02-09,1,1068.0,1070.1921303423808,-2.1921303423807785,1068.0,1069.517642309902,-1.5176423099019305,1068.0,1071.0669513517737,-3.066951351773469,1068.0,1066.652565520374,1.3474344796259174
8969,2010-02-15,2010-02-16,1,1115.25,1098.5937224781785,16.656277521821494,1115.25,1098.784583382955,16.46541661704532,1115.25,1091.1216645195757,24.12833548042431,1115.25,1098.2536798009985,16.996320199001502
8974,2010-02-22,2010-02-23,1,1112.0,1119.779972743901,-7.7799727439009985,1112.0,1119.402828910162,-7.402828910162043,1112.0,1111.782209884572,0.2177901154279879,1112.0,1118.9578007141886,-6.957800714188579
8979,2010-03-01,2010-03-02,1,1116.0,1116.809594364638,-0.8095943646380874,1116.0,1117.1953673120051,-1.1953673120051462,1116.0,1110.407139450061,5.592860549938678,1116.0,1116.945435946894,-0.945435946894122
8984,2010-03-08,2010-03-09,1,1120.0,1133.99721577819,-13.99721577819014,1120.0,1134.211936636628,-14.211936636628025,1120.0,1133.5395052652184,-13.539505265218397,1120.0,1134.0774494893,-14.077449489299852
8989,2010-03-15,2010-03-16,1,1113.25,1104.1706913903977,9.079308609602322,1113.25,1104.7532262544469,8.496773745553128,1113.25,1099.0049854154815,14.245014584518458,1113.25,1104.7705519962688,8.47944800373125
8994,2010-03-22,2010-03-23,1,1100.75,1105.1970754620431,-4.447075462043131,1100.75,1105.1377965851216,-4.387796585121578,1100.75,1107.8130394570353,-7.063039457035302,1100.75,1105.0232959628593,-4.273295962859265
8999,2010-03-29,2010-03-30,1,1109.75,1110.6025743708587,-0.852574370858747,1109.75,1110.8593982190202,-1.1093982190202496,1109.75,1113.8009046288184,-4.050904628818444,1109.75,1110.617328198373,-0.8673281983726611
9004,2010-04-15,2010-04-16,1,1157.0,1151.496390071713,5.5036099282870055,1157.0,1151.7083692043743,5.291630795625451,1157.0,1152.0011313004125,4.998868699587547,1157.0,1152.0605842041157,4.939415795884315
9009,2010-04-22,2010-04-23,1,1140.0,1144.3708420120156,-4.370842012015601,1140.0,1144.3918304936587,-4.391830493658745,1140.0,1145.1929456233331,-5.192945623333344,1140.0,1144.3832677328717,-4.383267732871673
9014,2010-04-29,2010-04-30,1,1175.25,1169.6237176060522,5.626282393947804,1175.25,1169.9007434024022,5.349256597597787,1175.25,1168.3073260631982,6.942673936801839,1175.25,1170.090831233034,5.159168766965877
9019,2010-05-17,2010-05-18,1,1215.0,1231.7971065919726,-16.79710659197258,1215.0,1230.7595253612071,-15.759525361207125,1215.0,1211.8098554816142,3.1901445183857504,1215.0,1230.1939259489827,-15.193925948982724
9024,2010-05-24,2010-05-25,1,1189.5,1183.2257440625267,6.274255937473299,1189.5,1183.923860772384,5.576139227616068,1189.5,1187.2526545830874,2.2473454169125944,1189.5,1182.9799282296992,6.520071770300774
9029,2010-06-09,2010-06-10,1,1220.0,1235.7874783662708,-15.78747836627076,1220.0,1235.6228249689136,-15.62282496891362,1220.0,1218.8923162926003,1.1076837073997012,1220.0,1236.0551425951166,-16.05514259511665
9034,2010-06-16,2010-06-17,1,1234.5,1234.4659987381874,0.0340012618125911,1234.5,1235.2019805363157,-0.7019805363156593,1234.5,1226.20329340016,8.296706599840036,1234.5,1235.2739321322365,-0.7739321322364958
9039,2010-06-23,2010-06-24,1,1233.25,1242.4661245200775,-9.216124520077528,1233.25,1242.903892078706,-9.653892078706122,1233.25,1235.0418168017306,-1.791816801730647,1233.25,1242.6292049609274,-9.379204960927382
9044,2010-07-01,2010-07-02,1,1210.5,1239.7263801927136,-29.226380192713577,1210.5,1240.179153885152,-29.67915388515189,1210.5,1241.321470573597,-30.821470573597026,1210.5,1240.441002910611,-29.94100291061068
9049,2010-07-08,2010-07-09,1,1196.25,1199.6608112736794,-3.4108112736794283,1196.25,1200.8240654941046,-4.574065494104616,1196.25,1200.8541246447485,-4.604124644748254,1196.25,1199.9325783614493,-3.6825783614492593
9054,2010-07-15,2010-07-16,1,1204.75,1211.6853845834348,-6.935384583434825,1204.75,1211.9062204740935,-7.156220474093743,1204.75,1209.7859252640308,-5.035925264030766,1204.75,1212.3781380282664,-7.628138028266449
9059,2010-07-22,2010-07-23,1,1198.75,1186.9939102740907,11.756089725909304,1198.75,1187.2985165995622,11.451483400437835,1198.75,1195.5608285620356,3.1891714379644327,1198.75,1187.381796985615,11.368203014385015
9064,2010-07-29,2010-07-30,1,1168.0,1166.0637240133924,1.9362759866075976,1168.0,1166.0995987755962,1.9004012244038224,1168.0,1176.9859968790358,-8.985996879035838,1168.0,1165.4231786930677,2.5768213069322883
9069,2010-08-05,2010-08-06,1,1194.5,1195.552355779501,-1.052355779501113,1194.5,1195.5935036760893,-1.0935036760893126,1194.5,1192.8941957240213,1.6058042759786986,1194.5,1195.7210957989175,-1.2210957989175313
9074,2010-08-12,2010-08-13,1,1215.0,1199.864416727421,15.13558327257897,1215.0,1200.0677929002477,14.932207099752532,1215.0,1197.6710617430315,17.328938256968513,1215.0,1200.4466140967645,14.553385903235494
9079,2010-08-19,2010-08-20,1,1230.5,1228.1556655888498,2.3443344111501574,1230.5,1227.9639076778062,2.536092322193781,1230.5,1224.8354358568774,5.664564143122561,1230.5,1228.0540238438737,2.445976156126335
9084,2010-08-26,2010-08-27,1,1234.5,1240.3031079456007,-5.803107945600686,1234.5,1240.2687277499203,-5.768727749920345,1234.5,1234.6437386544558,-0.1437386544557739,1234.5,1241.0199343365016,-6.519934336501592
9089,2010-09-13,2010-09-14,1,1253.25,1243.340742136797,9.909257863203038,1253.25,1243.3990971615126,9.8509028384874,1253.25,1245.3887371313765,7.861262868623498,1253.25,1243.8078111750049,9.442188824995128
9094,2010-09-20,2010-09-21,1,1278.75,1280.622985789337,-1.872985789337008,1278.75,1280.4524567744224,-1.702456774422444,1278.75,1258.218947089253,20.531052910746894,1278.75,1280.4001247067292,-1.6501247067292295
9099,2010-09-28,2010-09-29,1,1307.5,1289.2374295866948,18.262570413305184,1307.5,1289.5112980171912,17.988701982808834,1307.5,1281.7302886833377,25.769711316662324,1307.5,1290.203946244725,17.296053755274897
9104,2010-10-05,2010-10-06,1,1347.0,1325.7852225341785,21.21477746582173,1347.0,1325.536163261604,21.463836738395912,1347.0,1300.8684013165669,46.13159868343314,1347.0,1325.7908219632848,21.20917803671523
9109,2010-10-12,2010-10-13,1,1358.5,1344.293077788609,14.206922211390976,1358.5,1343.8639612345023,14.63603876549746,1358.5,1330.1089466851895,28.39105331481028,1358.5,1344.3691563038365,14.130843696163538
9114,2010-10-19,2010-10-20,1,1340.5,1367.6264352895078,-27.126435289507757,1340.5,1367.6533423720673,-27.1533423720673,1340.5,1355.1456545640174,-14.645654564017375,1340.5,1367.6053702818567,-27.10537028185672
9119,2010-10-26,2010-10-27,1,1332.25,1333.8964936812652,-1.6464936812651558,1332.25,1334.608239381882,-2.3582393818819583,1332.25,1346.0976945609434,-13.84769456094341,1332.25,1335.2543233547285,-3.0043233547285126
9124,2010-11-02,2010-11-03,1,1358.5,1358.2416732497727,0.2583267502272974,1358.5,1358.281434897547,0.2185651024533399,1358.5,1352.439434456067,6.06056554393308,1358.5,1359.0034891471155,-0.5034891471154879
9129,2010-11-09,2010-11-10,1,1402.0,1415.1735295898109,-13.173529589810869,1402.0,1415.323171080783,-13.323171080782686,1402.0,1371.008297116131,30.99170288386904,1402.0,1415.3692341477008,-13.369234147700809
9134,2010-11-16,2010-11-17,1,1336.5,1362.6679370018496,-26.167937001849623,1336.5,1363.6175459445935,-27.11754594459353,1336.5,1372.2038392844652,-35.703839284465175,1336.5,1363.200389380487,-26.700389380486968
9139,2010-11-23,2010-11-24,1,1376.25,1360.0423736203786,16.207626379621388,1376.25,1361.00897007562,15.241029924379973,1376.25,1362.3152586049682,13.93474139503178,1376.25,1361.5977316694657,14.652268330534298
9144,2010-11-30,2010-12-01,1,1391.5,1375.5334622337614,15.966537766238616,1391.5,1374.5350428566064,16.964957143393576,1391.5,1371.840891610267,19.65910838973309,1391.5,1374.76501197364,16.734988026360043
9149,2010-12-07,2010-12-08,1,1395.0,1425.9993454603837,-30.999345460383665,1395.0,1425.5381484244615,-30.538148424461497,1395.0,1400.1908914499706,-5.19089144997065,1395.0,1425.8207105410647,-30.820710541064727
9154,2010-12-14,2010-12-15,1,1388.25,1403.421094182626,-15.171094182625891,1388.25,1404.455193877778,-16.2051938777779,1388.25,1397.798691406525,-9.548691406524997,1388.25,1404.4374641157956,-16.187464115795592
9159,2010-12-21,2010-12-22,1,1389.0,1385.3468681264358,3.6531318735642335,1389.0,1385.9280589076975,3.071941092302268,1389.0,1384.2495621050618,4.750437894938159,1389.0,1386.3558145623997,2.6441854376003
9164,2011-01-13,2011-01-14,1,1369.25,1380.923489730604,-11.673489730603931,1369.25,1381.014835331823,-11.764835331822953,1369.25,1381.4786202370972,-12.228620237097177,1369.25,1381.7363965526845,-12.486396552684482
9169,2011-01-20,2011-01-21,1,1344.0,1364.5575343619537,-20.557534361953454,1344.0,1365.0279781782472,-21.027978178247167,1344.0,1366.875297029223,-22.87529702922302,1344.0,1365.931343284565,-21.931343284564942
9174,2011-02-01,2011-02-02,1,1337.0,1335.7748434035154,1.2251565964845668,1337.0,1336.7582374599551,0.2417625400448741,1337.0,1342.201474099652,-5.201474099651932,1337.0,1337.4480893350485,-0.4480893350482802
9179,2011-02-08,2011-02-09,1,1362.5,1353.6630510593543,8.836948940645698,1362.5,1353.8348554219745,8.665144578025547,1362.5,1356.4786363406054,6.021363659394638,1362.5,1354.0795094431537,8.420490556846289
9184,2011-02-15,2011-02-16,1,1374.5,1371.7457836139415,2.7542163860582605,1374.5,1371.7310782721588,2.768921727841189,1374.5,1366.2222919462029,8.277708053797141,1374.5,1372.0291604796384,2.470839520361551
9189,2011-02-22,2011-02-23,1,1401.25,1394.836591409138,6.413408590861991,1401.25,1394.827325037522,6.4226749624781405,1401.25,1397.8896618967722,3.360338103227832,1401.25,1395.5312972579798,5.718702742020241
9194,2011-03-01,2011-03-02,1,1430.5,1414.4037547927176,16.096245207282436,1430.5,1414.433712613648,16.066287386352087,1430.5,1396.895671995215,33.604328004784975,1430.5,1415.0013495459257,15.498650454074324
9199,2011-03-08,2011-03-09,1,1431.5,1435.6168252640591,-4.116825264059116,1431.5,1435.2049169304712,-3.7049169304712,1431.5,1419.0901922791295,12.409807720870276,1431.5,1435.9764442765502,-4.476444276550183
9204,2011-03-15,2011-03-16,1,1398.5,1407.6619331849452,-9.161933184945156,1398.5,1407.887080608739,-9.387080608739325,1398.5,1420.128459061789,-21.628459061789044,1398.5,1408.801530114098,-10.301530114097886
9209,2011-03-22,2011-03-23,1,1433.0,1425.345972461495,7.654027538505034,1433.0,1425.7188800962529,7.28111990374714,1433.0,1419.3914706472644,13.60852935273556,1433.0,1426.3165522397285,6.68344776027152
9214,2011-03-29,2011-03-30,1,1419.0,1414.2091838531392,4.790816146860834,1419.0,1414.4312522577477,4.568747742252299,1419.0,1415.7349613291806,3.265038670819422,1419.0,1414.7837608641842,4.21623913581584
9219,2011-04-05,2011-04-06,1,1457.0,1434.4400589073405,22.55994109265953,1457.0,1434.5708423301635,22.42915766983652,1457.0,1428.6856280668542,28.31437193314582,1457.0,1434.890798912558,22.10920108744199
9224,2011-04-12,2011-04-13,1,1458.0,1462.1396680815992,-4.139668081599211,1458.0,1461.764618186915,-3.764618186914959,1458.0,1447.4996965310693,10.500303468930724,1458.0,1462.130462323548,-4.130462323548045
9229,2011-04-19,2011-04-20,1,1505.0,1494.490784681932,10.509215318068073,1505.0,1494.7034907480293,10.296509251970749,1505.0,1465.5000262554631,39.49997374453688,1505.0,1495.229493330638,9.77050666936202
9234,2011-05-13,2011-05-16,1,1495.0,1510.2957617597808,-15.295761759780817,1495.0,1510.2536045313957,-15.253604531395467,1495.0,1491.6957374916617,3.3042625083385246,1495.0,1509.6349376106564,-14.63493761065638
9239,2011-05-24,2011-05-25,1,1527.0,1518.8375460177472,8.162453982252828,1527.0,1520.0482412041924,6.951758795807564,1527.0,1498.117658201491,28.88234179850906,1527.0,1520.9504725581487,6.049527441851296
9244,2011-06-09,2011-06-10,1,1541.0,1534.1073404704878,6.89265952951223,1541.0,1534.860408974976,6.139591025023947,1541.0,1516.2358712206587,24.764128779341263,1541.0,1535.3028653384315,5.697134661568271
9249,2011-06-16,2011-06-17,1,1526.25,1524.8243302358865,1.425669764113536,1526.25,1525.372611694498,0.8773883055018814,1526.25,1519.3535732074356,6.896426792564398,1526.25,1525.369275697777,0.8807243022229159
9254,2011-06-23,2011-06-24,1,1521.0,1541.692356529188,-20.692356529188142,1521.0,1542.4731569399198,-21.47315693991981,1521.0,1533.1211753801622,-12.121175380162184,1521.0,1542.8489403029018,-21.84894030290184
9259,2011-07-01,2011-07-04,1,1495.25,1493.1011795404168,2.1488204595832485,1495.25,1493.5646615497374,1.685338450262634,1495.25,1499.280558584614,-4.030558584614028,1495.25,1494.6452781350615,0.6047218649382557
9264,2011-07-08,2011-07-11,1,1543.5,1526.5068726884092,16.993127311590797,1543.5,1526.6280709481362,16.871929051863845,1543.5,1526.620956915987,16.879043084012892,1543.5,1526.651719536051,16.848280463949095
9269,2011-07-15,2011-07-18,1,1598.25,1580.1276842477914,18.12231575220858,1598.25,1579.8878603307198,18.362139669280168,1598.25,1550.757247488826,47.49275251117388,1598.25,1579.688307536202,18.56169246379796
9274,2011-07-22,2011-07-25,1,1618.5,1589.5503801102484,28.9496198897516,1618.5,1589.370177304218,29.129822695781968,1618.5,1576.6554168988896,41.8445831011104,1618.5,1589.961563372075,28.53843662792497
9279,2011-07-29,2011-08-01,1,1613.5,1614.730935547,-1.2309355469999446,1613.5,1614.8236623464131,-1.32366234641313,1613.5,1596.5561519357343,16.943848064265694,1613.5,1615.0709452082997,-1.5709452082996904
9284,2011-08-05,2011-08-08,1,1709.75,1665.2559388183447,44.4940611816553,1709.75,1665.9784069887155,43.77159301128427,1709.75,1629.2404428084562,80.50955719154376,1709.75,1665.6736408910992,44.07635910890076
9289,2011-08-12,2011-08-15,1,1738.0,1758.4805140625008,-20.480514062500788,1738.0,1757.5943967278856,-19.594396727885623,1738.0,1714.719140919265,23.2808590807349,1738.0,1757.1627484312976,-19.162748431297587
9294,2011-08-19,2011-08-22,1,1877.75,1859.0285611077943,18.72143889220547,1877.75,1860.551511148268,17.198488851732236,1877.75,1760.4336967590475,117.3163032409525,1877.75,1860.3900186784272,17.359981321572832
9299,2011-09-06,2011-09-07,1,1844.0,1879.8425213868004,-35.8425213868004,1844.0,1879.8646893943344,-35.864689394334164,1844.0,1805.468857260391,38.53114273960932,1844.0,1891.073839430728,-47.073839430728185
9304,2011-09-13,2011-09-14,1,1829.0,1807.8890111581293,21.11098884187049,1829.0,1810.9516745068831,18.048325493116863,1829.0,1835.9155729491704,-6.91557294917061,1829.0,1809.2904336170784,19.70956638292182
9309,2011-09-20,2011-09-21,1,1810.25,1794.6886950572823,15.56130494271747,1810.25,1795.3455368098842,14.904463190115848,1810.25,1820.2350154816504,-9.985015481650636,1810.25,1794.5243506118704,15.725649388129568
9314,2011-09-28,2011-09-29,1,1620.0,1656.124371154658,-36.124371154657865,1620.0,1657.7222645281731,-37.72226452817313,1620.0,1708.9508988247835,-88.95089882478374,1620.0,1650.171762744682,-30.171762744681928
9319,2011-10-05,2011-10-06,1,1649.5,1604.7334395190314,44.766560480968565,1649.5,1606.7295812949042,42.77041870509584,1649.5,1646.632232550592,2.86776744940812,1649.5,1603.346972805495,46.15302719450506
9324,2011-10-12,2011-10-13,1,1673.0,1685.5664278368722,-12.566427836872208,1673.0,1685.7655592880642,-12.765559288064196,1673.0,1666.7094589849646,6.290541015035387,1673.0,1684.4238478311277,-11.42384783112766
9329,2011-10-19,2011-10-20,1,1629.0,1650.9900397120268,-21.990039712026828,1629.0,1652.754683143247,-23.754683143246663,1629.0,1654.638141466821,-25.638141466821025,1629.0,1651.8137435024944,-22.81374350249439
9334,2011-10-26,2011-10-27,1,1708.0,1707.583339350809,0.4166606491910443,1708.0,1708.9222338649545,-0.9222338649542507,1708.0,1711.1020579606973,-3.102057960697266,1708.0,1710.188754493194,-2.188754493193983
9339,2011-11-02,2011-11-03,1,1732.5,1728.0987368845736,4.401263115426445,1732.5,1729.5744912509138,2.925508749086248,1732.5,1718.640491623487,13.859508376513077,1732.5,1730.4100782417324,2.0899217582675647
9344,2011-11-09,2011-11-10,1,1766.0,1781.5117359941664,-15.511735994166427,1766.0,1782.1283662472847,-16.128366247284703,1766.0,1787.0302869311745,-21.03028693117426,1766.0,1781.503501239716,-15.503501239716115
9349,2011-11-16,2011-11-17,1,1756.0,1771.6467225145004,-15.646722514500423,1756.0,1773.4893385930484,-17.489338593048387,1756.0,1777.463034816697,-21.46303481669701,1756.0,1774.7419427577252,-18.741942757725155
9354,2011-11-23,2011-11-24,1,1699.0,1686.3224427107846,12.677557289215429,1699.0,1687.9278845799088,11.072115420091222,1699.0,1674.4000686284617,24.59993137153833,1699.0,1685.7843061935373,13.215693806462696
9359,2011-11-30,2011-12-01,1,1750.0,1706.2476157220888,43.75238427791123,1750.0,1706.006339314544,43.99366068545601,1750.0,1704.040316573426,45.95968342657397,1750.0,1705.5329328743617,44.46706712563832
9364,2011-12-07,2011-12-08,1,1739.0,1730.2627141099656,8.7372858900344,1739.0,1731.1837004213728,7.816299578627195,1739.0,1724.109880038603,14.890119961396977,1739.0,1730.04708578624,8.952914213760096
9369,2011-12-14,2011-12-15,1,1590.0,1637.216898983217,-47.21689898321733,1590.0,1638.465033408816,-48.465033408816,1590.0,1647.015462372635,-57.01546237263506,1590.0,1635.3014125291484,-45.301412529148365
9374,2011-12-21,2011-12-22,1,1609.0,1634.0490967242474,-25.04909672424742,1609.0,1635.5345016701724,-26.534501670172403,1609.0,1628.9901068297638,-19.990106829763818,1609.0,1635.9073922600255,-26.90739226002552
9379,2012-01-13,2012-01-16,1,1643.5,1643.0494109094975,0.4505890905024898,1643.5,1643.5241230914403,-0.0241230914402876,1643.5,1640.424671725097,3.075328274903086,1643.5,1643.6022489359973,-0.1022489359972951
9384,2012-01-20,2012-01-23,1,1675.0,1647.9710483362694,27.028951663730595,1675.0,1648.189835236167,26.81016476383297,1675.0,1652.5033451342088,22.496654865791243,1675.0,1648.2783518841638,26.72164811583616
9389,2012-02-01,2012-02-02,1,1747.5,1743.828316225891,3.671683774108942,1747.5,1744.309608404182,3.190391595818028,1747.5,1737.128659396839,10.37134060316066,1747.5,1743.2576313514703,4.242368648529691
9394,2012-02-08,2012-02-09,1,1733.0,1740.9183187695055,-7.918318769505731,1733.0,1742.0270831863145,-9.027083186314258,1733.0,1739.0631674850886,-6.06316748508857,1733.0,1741.9936518403124,-8.993651840312396
9399,2012-02-15,2012-02-16,1,1716.0,1724.752349117848,-8.752349117848098,1716.0,1726.0126931884129,-10.012693188412868,1716.0,1721.4074357157078,-5.407435715707834,1716.0,1726.4827147686506,-10.482714768650569
9404,2012-02-22,2012-02-23,1,1776.5,1753.014950032359,23.48504996764132,1776.5,1754.1287707784163,22.37122922158369,1776.5,1747.835322245586,28.66467775441401,1776.5,1755.3265523856253,21.17344761437471
9409,2012-02-29,2012-03-01,1,1721.0,1786.491651071786,-65.49165107178601,1721.0,1787.8208214641747,-66.82082146417474,1721.0,1781.164843396127,-60.16484339612703,1721.0,1788.5439987718532,-67.54399877185324
9414,2012-03-07,2012-03-08,1,1701.5,1681.196408459224,20.303591540776097,1701.5,1683.567628477079,17.932371522920675,1701.5,1681.9606385112709,19.539361488729128,1701.5,1680.7053212106728,20.79467878932724
9419,2012-03-14,2012-03-15,1,1646.75,1664.581622656155,-17.831622656155105,1646.75,1665.3942877133268,-18.644287713326776,1646.75,1673.7400129393568,-26.9900129393568,1646.75,1664.639282752777,-17.889282752777035
9424,2012-03-21,2012-03-22,1,1636.0,1654.9004555111983,-18.900455511198288,1636.0,1656.1085110026438,-20.10851100264381,1636.0,1658.7119497283616,-22.71194972836156,1636.0,1656.2862973577649,-20.28629735776485
9429,2012-03-28,2012-03-29,1,1655.75,1678.47646777123,-22.72646777123009,1655.75,1678.81661564279,-23.06661564279011,1655.75,1674.2340689658847,-18.48406896588472,1655.75,1678.0144842894356,-22.264484289435583
9434,2012-04-04,2012-04-05,1,1622.5,1634.724987633262,-12.22498763326189,1622.5,1635.2227382200033,-12.722738220003292,1622.5,1636.6492850411248,-14.149285041124813,1622.5,1635.3702690939324,-12.870269093932391
9439,2012-04-23,2012-04-24,1,1638.75,1632.9358979428796,5.814102057120408,1638.75,1632.8043362536048,5.945663746395212,1638.75,1638.519438748487,0.2305612515133361,1638.75,1633.3537194279188,5.396280572081196
9444,2012-04-30,2012-05-01,1,1661.25,1660.5413818104887,0.7086181895112986,1661.25,1662.4174700003837,-1.167470000383673,1661.25,1664.6820147596825,-3.4320147596822608,1661.25,1662.716503336254,-1.466503336253936
9449,2012-05-16,2012-05-17,1,1547.0,1537.6378957316851,9.362104268314852,1547.0,1539.7261716675891,7.273828332410858,1547.0,1535.4766610535914,11.523338946408558,1547.0,1538.5056497104706,8.494350289529393
9454,2012-05-23,2012-05-24,1,1558.5,1556.3584924895658,2.1415075104341668,1558.5,1556.770003066151,1.7299969338489518,1558.5,1561.1224557227265,-2.6224557227264995,1558.5,1555.0666214485248,3.4333785514752435
9459,2012-05-30,2012-05-31,1,1567.5,1550.4249589890896,17.075041010910354,1567.5,1550.7797699319476,16.720230068052388,1567.5,1556.195029382976,11.304970617024082,1567.5,1550.4079615257642,17.09203847423578
9464,2012-06-18,2012-06-19,1,1628.5,1623.832466923141,4.667533076858945,1628.5,1623.55038586924,4.949614130759983,1628.5,1630.5828786470954,-2.082878647095413,1628.5,1623.6547478821558,4.845252117844211
9469,2012-06-25,2012-06-26,1,1583.25,1568.969551258909,14.28044874109105,1583.25,1569.431073417419,13.81892658258107,1583.25,1572.463894908154,10.786105091845911,1583.25,1568.0944583528888,15.15554164711125
9474,2012-07-04,2012-07-05,1,1616.75,1613.6992656194302,3.050734380569793,1616.75,1613.7467114115505,3.00328858844955,1616.75,1610.4673811473865,6.282618852613723,1616.75,1616.3402914101996,0.4097085898004025
9479,2012-07-11,2012-07-12,1,1565.5,1577.672204998446,-12.172204998445975,1565.5,1577.9060153937464,-12.40601539374643,1565.5,1576.157677095217,-10.657677095216968,1565.5,1577.6456043413264,-12.14560434132636
9484,2012-07-18,2012-07-19,1,1580.0,1580.192285458991,-0.1922854589906819,1580.0,1580.72549569717,-0.7254956971698903,1580.0,1578.6810488488336,1.3189511511664025,1580.0,1580.870778514699,-0.8707785146989409
9489,2012-07-25,2012-07-26,1,1603.0,1586.2557139685798,16.744286031420188,1603.0,1586.6185636102923,16.381436389707687,1603.0,1581.4532331212208,21.54676687877918,1603.0,1587.5776526445798,15.422347355420245
9494,2012-08-01,2012-08-02,1,1604.5,1615.4747220104207,-10.974722010420692,1604.5,1615.4665201534388,-10.96652015343875,1604.5,1620.844615061817,-16.344615061816967,1604.5,1615.3559674531411,-10.855967453141147
9499,2012-08-08,2012-08-09,1,1612.75,1607.0231340226403,5.726865977359694,1612.75,1607.5632039337738,5.186796066226179,1612.75,1612.315522367543,0.4344776324569466,1612.75,1608.4457726060934,4.304227393906558
9504,2012-08-15,2012-08-16,1,1603.5,1595.9800252912944,7.519974708705604,1603.5,1596.3653567726644,7.134643227335573,1603.5,1593.704074971801,9.795925028199008,1603.5,1596.8773234654984,6.622676534501579
9509,2012-08-22,2012-08-23,1,1662.5,1639.3021132927024,23.197886707297585,1662.5,1639.4580214511566,23.041978548843417,1662.5,1635.0633744843765,27.43662551562352,1662.5,1640.0920006997617,22.40799930023832
9514,2012-09-07,2012-09-10,1,1732.75,1697.785028540366,34.964971459633944,1732.75,1697.4427717547862,35.307228245213764,1732.75,1691.9961161908311,40.753883809168656,1732.75,1697.2182659568648,35.5317340431352
9519,2012-09-14,2012-09-17,1,1767.25,1770.5547364610863,-3.3047364610863497,1767.25,1770.2962796401257,-3.046279640125704,1767.25,1761.9344097582125,5.315590241787731,1767.25,1770.651844862671,-3.401844862670941
9524,2012-09-21,2012-09-24,1,1758.5,1773.0611829080092,-14.561182908009188,1758.5,1773.583546316298,-15.083546316297998,1758.5,1758.0502729433197,0.4497270566803308,1758.5,1774.746940507392,-16.246940507391855
9529,2012-10-01,2012-10-02,1,1778.5,1771.4795914192584,7.02040858074156,1778.5,1771.893882733665,6.606117266335332,1778.5,1761.3128405563662,17.187159443633846,1778.5,1772.6110339182578,5.888966081742183
9534,2012-10-08,2012-10-09,1,1770.75,1770.7288339079382,0.021166092061776,1770.75,1771.2865574820655,-0.5365574820657457,1770.75,1769.8687109930506,0.8812890069493733,1770.75,1771.6930307098169,-0.9430307098168668
9539,2012-10-15,2012-10-16,1,1737.5,1748.734625530385,-11.234625530385074,1737.5,1749.4340301654915,-11.93403016549155,1737.5,1740.6862983899057,-3.186298389905687,1737.5,1749.9700742715693,-12.470074271569274
9544,2012-10-22,2012-10-23,1,1717.0,1725.2921552066432,-8.292155206643201,1717.0,1726.3326420851608,-9.332642085160842,1717.0,1711.1301177505773,5.869882249422744,1717.0,1726.3202180088938,-9.32021800889379
9549,2012-10-29,2012-10-30,1,1713.5,1711.253918567361,2.2460814326386758,1713.5,1712.106978560682,1.393021439317863,1713.5,1706.7436985989916,6.756301401008386,1713.5,1712.0641751690157,1.4358248309845294
9554,2012-11-05,2012-11-06,1,1691.75,1681.0731869272863,10.676813072713683,1691.75,1681.3801054880896,10.369894511910388,1691.75,1673.334937911363,18.415062088636887,1691.75,1681.3497849369444,10.400215063055612
9559,2012-11-12,2012-11-13,1,1724.75,1735.883292001451,-11.133292001451082,1724.75,1736.100132813153,-11.350132813153095,1724.75,1734.3481429515186,-9.59814295151864,1724.75,1735.0656016616435,-10.31560166164354
9564,2012-11-19,2012-11-20,1,1734.0,1722.0469695139382,11.953030486061834,1734.0,1722.9903906009738,11.009609399026203,1734.0,1717.015661665462,16.98433833453805,1734.0,1723.116570330317,10.883429669682982
9569,2012-11-26,2012-11-27,1,1747.25,1746.6543180232604,0.59568197673957,1747.25,1746.9728230382382,0.2771769617618247,1747.25,1738.890355221744,8.359644778256097,1747.25,1747.7071849143813,-0.4571849143812869
9574,2012-12-03,2012-12-04,1,1706.75,1718.8638760184654,-12.113876018465362,1706.75,1719.3918278925107,-12.64182789251072,1706.75,1719.3710250832228,-12.621025083222776,1706.75,1719.453778114082,-12.70377811408207
9579,2012-12-10,2012-12-11,1,1709.75,1707.4897594159515,2.2602405840484607,1709.75,1708.2580653053135,1.4919346946865062,1709.75,1707.1358348100168,2.6141651899831686,1709.75,1708.3122237927516,1.437776207248362
9584,2012-12-17,2012-12-18,1,1699.5,1690.558911864597,8.941088135403334,1699.5,1690.6684406835782,8.831559316421817,1699.5,1694.9274930358426,4.572506964157356,1699.5,1690.9348508442672,8.565149155732797
9589,2013-01-09,2013-01-10,1,1663.0,1662.2424913166258,0.7575086833742262,1663.0,1662.694929826734,0.3050701732659036,1663.0,1651.9447364450025,11.05526355499751,1663.0,1662.260556774191,0.7394432258090546
9594,2013-01-16,2013-01-17,1,1683.25,1679.737805375628,3.512194624372114,1683.25,1679.974557043211,3.275442956788993,1683.25,1678.2450912706588,5.004908729341196,1683.25,1680.5578506107515,2.6921493892484705
9599,2013-01-25,2013-01-28,1,1656.75,1671.1383801949282,-14.388380194928232,1656.75,1671.004037654284,-14.254037654284048,1656.75,1665.8732925845943,-9.123292584594536,1656.75,1671.5717089901427,-14.821708990142724
9604,2013-02-04,2013-02-05,1,1678.0,1664.0590595068156,13.940940493184373,1678.0,1664.548469618699,13.451530381300929,1678.0,1670.0385541758003,7.961445824199472,1678.0,1664.8423617647466,13.157638235253444
9609,2013-02-11,2013-02-12,1,1641.75,1664.2339200267352,-22.483920026735177,1641.75,1664.189687594488,-22.43968759448785,1641.75,1667.2669885578532,-25.51698855785321,1641.75,1664.4773289507443,-22.72732895074432
9614,2013-02-18,2013-02-19,1,1613.5,1612.1027756329288,1.3972243670712032,1613.5,1612.8228397547211,0.6771602452788557,1613.5,1619.544266709043,-6.044266709043086,1613.5,1612.14692707409,1.3530729259100551
9619,2013-02-25,2013-02-26,1,1597.25,1591.726883081373,5.523116918627011,1597.25,1591.747435420801,5.502564579199088,1597.25,1583.5803543242278,13.669645675772244,1597.25,1590.8267598479297,6.423240152070321
9624,2013-03-04,2013-03-05,1,1584.25,1577.465592701593,6.784407298406904,1584.25,1577.7355812380958,6.514418761904153,1584.25,1581.1779938479956,3.072006152004405,1584.25,1576.6860621288542,7.563937871145754
9629,2013-03-11,2013-03-12,1,1582.5,1577.6275747816298,4.872425218370154,1582.5,1577.6791580077927,4.820841992207306,1582.5,1580.5960372971635,1.903962702836452,1582.5,1577.563530802612,4.936469197388078
9634,2013-03-18,2013-03-19,1,1602.5,1599.2604814811923,3.239518518807472,1602.5,1599.20979063279,3.290209367210082,1602.5,1594.243567598956,8.256432401043867,1602.5,1599.421567808942,3.0784321910580275
9639,2013-03-25,2013-03-26,1,1597.25,1603.0605443521708,-5.810544352170837,1597.25,1603.1063116142448,-5.85631161424476,1597.25,1596.6116597431037,0.6383402568965266,1597.25,1603.3782301632325,-6.128230163232274
9644,2013-04-11,2013-04-12,1,1548.0,1557.3705536739285,-9.37055367392827,1548.0,1557.7676849058614,-9.767684905861415,1548.0,1561.8163552407025,-13.816355240702478,1548.0,1557.0479082771494,-9.047908277149418
9649,2013-04-18,2013-04-19,1,1414.0,1395.564589083383,18.435410916617,1414.0,1396.116665108323,17.883334891676668,1414.0,1399.9572408598665,14.042759140133512,1414.0,1391.1504478313163,22.84955216868366
9654,2013-04-25,2013-04-26,1,1462.25,1445.4771414377528,16.772858562247166,1462.25,1445.3699810561698,16.880018943830237,1462.25,1438.4229492775212,23.827050722478816,1462.25,1444.3544362611444,17.89556373885557
9659,2013-05-15,2013-05-16,1,1377.0,1413.7014043063452,-36.70140430634524,1377.0,1413.932707550685,-36.932707550685336,1377.0,1408.4517847905815,-31.45178479058154,1377.0,1413.1570774344125,-36.15707743441226
9664,2013-05-22,2013-05-23,1,1386.0,1384.381587444955,1.6184125550450972,1386.0,1385.007633824564,0.9923661754360182,1386.0,1388.704521622415,-2.7045216224150863,1386.0,1384.8583005600476,1.14169943995239
9669,2013-06-07,2013-06-10,1,1376.75,1409.8435932230989,-33.09359322309865,1376.75,1409.5990729144398,-32.84907291443983,1376.75,1407.3552358419763,-30.605235841976537,1376.75,1409.7700706430585,-33.02007064305826
9674,2013-06-14,2013-06-17,1,1386.0,1380.107137007842,5.892862992158143,1386.0,1380.2724373342437,5.727562665756295,1386.0,1379.2638851088675,6.736114891132274,1386.0,1380.384240667335,5.615759332664993
9679,2013-06-21,2013-06-24,1,1283.25,1290.5361221202652,-7.2861221202651905,1283.25,1291.324025446518,-8.074025446518135,1283.25,1304.9016158362426,-21.651615836242627,1283.25,1288.8984062628956,-5.648406262895605
9684,2013-07-01,2013-07-02,1,1260.75,1240.7544312567904,19.99556874320956,1260.75,1241.5694385021652,19.180561497834788,1260.75,1239.7547000479035,20.995299952096502,1260.75,1239.6683842931227,21.0816157068773
9689,2013-07-08,2013-07-09,1,1252.0,1226.015381938029,25.984618061971105,1252.0,1226.1339921566152,25.86600784338475,1252.0,1225.1941647885185,26.80583521148173,1252.0,1224.8223864095942,27.177613590405823
9694,2013-07-15,2013-07-16,1,1286.0,1281.4337563019064,4.566243698093558,1286.0,1281.1283877167702,4.871612283229752,1286.0,1272.473348586641,13.526651413359104,1286.0,1279.8195961104925,6.180403889507488
9699,2013-07-22,2013-07-23,1,1326.75,1312.513984681409,14.236015318590944,1326.75,1312.4372115269246,14.312788473075445,1326.75,1319.2204858760515,7.529514123948275,1326.75,1312.767540821827,13.98245917817303
9704,2013-07-29,2013-07-30,1,1322.25,1331.1739058480712,-8.923905848071172,1322.25,1330.761379700721,-8.511379700720681,1322.25,1332.509077973282,-10.259077973282048,1322.25,1330.49890646724,-8.248906467239976
9709,2013-08-05,2013-08-06,1,1292.0,1308.9012074624277,-16.901207462427465,1292.0,1309.9323989185768,-17.932398918576837,1292.0,1314.569249384555,-22.56924938455495,1292.0,1309.1296199064172,-17.129619906417247
9714,2013-08-12,2013-08-13,1,1334.0,1324.7128099642032,9.287190035796812,1334.0,1324.783992515174,9.216007484825925,1334.0,1323.9164944432612,10.083505556738828,1334.0,1325.1670676982235,8.83293230177651
9719,2013-08-19,2013-08-20,1,1365.75,1375.1048439675692,-9.354843967569195,1365.75,1374.60713688714,-8.857136887139859,1365.75,1373.4243787986534,-7.674378798653379,1365.75,1374.7473784138397,-8.99737841383967
9724,2013-09-04,2013-09-05,1,1391.75,1402.953848452456,-11.203848452455986,1391.75,1403.2199126983094,-11.469912698309372,1391.75,1399.224054681977,-7.474054681976668,1391.75,1403.431351204366,-11.68135120436591
9729,2013-09-11,2013-09-12,1,1340.25,1365.0244274448858,-24.77442744488576,1340.25,1365.9019754745389,-25.65197547453885,1340.25,1356.6034132387028,-16.353413238702842,1340.25,1365.5281825470654,-25.2781825470654
9734,2013-09-18,2013-09-19,1,1363.5,1299.911079161465,63.58892083853493,1363.5,1300.8544475614467,62.645552438553295,1363.5,1296.7869345388046,66.71306546119536,1363.5,1300.0675382470854,63.432461752914605
9739,2013-09-26,2013-09-27,1,1321.5,1332.9869652964867,-11.486965296486687,1321.5,1332.0386477956758,-10.538647795675844,1321.5,1328.0886284853525,-6.588628485352274,1321.5,1331.632211669866,-10.132211669866138
9744,2013-10-03,2013-10-04,1,1316.0,1307.357607903077,8.642392096923004,1316.0,1308.4793665676948,7.520633432305203,1316.0,1316.4014701246792,-0.4014701246792356,1316.0,1307.6230865009552,8.376913499044804
9749,2013-10-10,2013-10-11,1,1285.75,1298.556827629046,-12.806827629045983,1285.75,1298.8924997843746,-13.14249978437465,1285.75,1305.203858163461,-19.453858163461064,1285.75,1298.6543039062549,-12.90430390625488
9754,2013-10-17,2013-10-18,1,1317.0,1306.698669195558,10.301330804441932,1317.0,1306.982333552416,10.017666447584132,1317.0,1312.3589456449872,4.641054355012784,1317.0,1307.2265779234067,9.773422076593306
9759,2013-10-24,2013-10-25,1,1341.75,1336.3471183043496,5.4028816956504215,1341.75,1336.2236058063463,5.526394193653459,1341.75,1327.4311755992114,14.318824400788571,1341.75,1336.369145319905,5.380854680094672
9764,2013-10-31,2013-11-01,1,1314.75,1335.8806226211832,-21.130622621183196,1314.75,1334.8152922894296,-20.065292289429635,1314.75,1329.595959536372,-14.845959536371993,1314.75,1334.6758342396483,-19.92583423964834
9769,2013-11-07,2013-11-08,1,1309.0,1315.5632933881568,-6.563293388156808,1309.0,1316.243054848513,-7.243054848513339,1309.0,1316.7397588345757,-7.739758834575468,1309.0,1316.3798968436413,-7.379896843641291
9774,2013-11-14,2013-11-15,1,1281.75,1282.5501858690386,-0.8001858690386143,1281.75,1283.0773837492325,-1.3273837492324674,1281.75,1282.0582019467,-0.3082019466999099,1281.75,1282.7198710907192,-0.9698710907191526
9779,2013-11-21,2013-11-22,1,1241.75,1249.5156730305494,-7.765673030549351,1241.75,1249.9361396962274,-8.186139696227428,1241.75,1257.6031845216205,-15.853184521620278,1241.75,1249.5186403094826,-7.768640309482635
9784,2013-11-28,2013-11-29,1,1245.25,1241.9425648390668,3.3074351609332098,1245.25,1242.425002499499,2.824997500501013,1245.25,1240.4916573018345,4.758342698165507,1245.25,1242.27968008533,2.970319914669972
9789,2013-12-05,2013-12-06,1,1230.75,1232.7107120293726,-1.960712029372644,1230.75,1233.0981893070518,-2.3481893070518254,1230.75,1228.6168692846898,2.1331307153102443,1230.75,1232.6256794300764,-1.8756794300763888
9794,2013-12-12,2013-12-13,1,1222.75,1244.044768226417,-21.29476822641709,1222.75,1244.294761753962,-21.54476175396212,1222.75,1244.9234219436455,-22.17342194364573,1222.75,1244.054465952213,-21.30446595221292
9799,2013-12-19,2013-12-20,1,1195.0,1206.137900937106,-11.137900937105996,1195.0,1206.9325978545785,-11.93259785457849,1195.0,1209.149438104651,-14.149438104650926,1195.0,1206.5578739979833,-11.55787399798328
9804,2014-01-13,2014-01-14,1,1248.75,1245.2899280983684,3.460071901631636,1248.75,1245.4389577014715,3.311042298528492,1248.75,1246.1018445649804,2.6481554350195893,1248.75,1245.3967317099016,3.3532682900984128
9809,2014-01-20,2014-01-21,1,1247.75,1254.229083946216,-6.479083946215951,1247.75,1254.2040140334384,-6.454014033438398,1247.75,1253.8172559775116,-6.06725597751165,1247.75,1254.1735455634232,-6.423545563423204
9814,2014-01-30,2014-01-31,1,1246.5,1253.587422181275,-7.087422181275315,1246.5,1254.196389699563,-7.696389699563042,1246.5,1256.7220276929231,-10.222027692923348,1246.5,1253.6861834804736,-7.186183480473574
9819,2014-02-06,2014-02-07,1,1260.0,1258.1589510692104,1.8410489307896116,1260.0,1258.5826121576783,1.4173878423216593,1260.0,1256.110682780958,3.889317219042141,1260.0,1258.5279831730666,1.4720168269334408
9824,2014-02-13,2014-02-14,1,1308.5,1289.9651390127042,18.53486098729581,1308.5,1290.219003939202,18.28099606079809,1308.5,1292.9481725703483,15.551827429651668,1308.5,1289.835352412298,18.66464758770212
9829,2014-02-20,2014-02-21,1,1320.75,1314.2219859245592,6.528014075440751,1320.75,1314.1832978086643,6.566702191335708,1320.75,1318.5226167759447,2.227383224055302,1320.75,1313.5070983727771,7.242901627222864
9834,2014-02-27,2014-02-28,1,1327.75,1331.5081028782863,-3.758102878286536,1327.75,1331.6357283953148,-3.8857283953148,1327.75,1327.030474905472,0.7195250945278531,1327.75,1331.2462518142815,-3.4962518142815497
9839,2014-03-06,2014-03-07,1,1348.25,1333.9269084658386,14.323091534161447,1348.25,1334.414193863264,13.835806136735982,1348.25,1331.0191673128752,17.230832687124803,1348.25,1334.1136934479632,14.136306552036784
9844,2014-03-13,2014-03-14,1,1370.0,1370.4347651308813,-0.4347651308812601,1370.0,1370.3744749558798,-0.3744749558798048,1370.0,1371.3687558515726,-1.3687558515725868,1370.0,1370.313390922589,-0.313390922588951
9849,2014-03-20,2014-03-21,1,1338.5,1327.6061176686082,10.893882331391753,1338.5,1328.217151311969,10.28284868803098,1338.5,1329.3575452513237,9.142454748676528,1338.5,1327.2903861407997,11.209613859200545
9854,2014-03-27,2014-03-28,1,1295.75,1296.0615222041183,-0.3115222041185461,1295.75,1296.20946547487,-0.4594654748700577,1295.75,1295.6655877644955,0.08441223550426,1295.75,1295.466525987251,0.2834740127486839
9859,2014-04-03,2014-04-04,1,1293.5,1286.8868344085108,6.613165591489178,1293.5,1287.2860793164396,6.2139206835604455,1293.5,1294.7960139015563,-1.2960139015563072,1293.5,1286.9082999796956,6.591700020304415
