,target_pm25,local_PM10,local_SO2,local_NO2,local_CO,local_O3,local_TEMP,local_PRES,local_DEWP,local_RAIN,local_WSPM,Changping_PM2.5,Guanyuan_PM2.5,Wanliu_PM2.5
target_pm25,1.0,0.8947504365250034,0.47143122466184767,0.6829092746232157,0.8026571909634388,-0.27239997807884453,-0.016922409615022234,-0.10186931698016782,0.2480920246056457,-0.025099202755301607,-0.3354322409836347,0.8638352432153662,0.959769936799661,0.9496370931703175
local_PM10,0.8947504365250034,1.0,0.4984625335650595,0.6485929659943049,0.700535844283215,-0.25806362004157296,-0.05496533682032883,-0.07271590500303148,0.12046725541719847,-0.08615022846357534,-0.24990180796455938,0.7607849881047015,0.8431878000936944,0.8387603483428622
local_SO2,0.47143122466184767,0.4984625335650595,1.0,0.44861855954366164,0.5577803558728979,-0.27785162254312606,-0.41178152771115323,0.29095365215625896,-0.386640029982288,-0.16175664592956224,-0.07443194777281499,0.45449958522980693,0.44171797906500077,0.48470598623313527
local_NO2,0.6829092746232157,0.6485929659943049,0.44861855954366164,1.0,0.7229958532409951,-0.6461949754717808,-0.23683093241248837,0.08636471829009879,0.07583032505239709,-0.061581504762368754,-0.5348023938486814,0.5550237490582932,0.6486030227764171,0.6595260017953422
local_CO,0.8026571909634388,0.700535844283215,0.5577803558728979,0.7229958532409951,1.0,-0.4717950485932977,-0.3085480875810915,0.18896151409507328,-0.013422126158882513,-0.003920298972746879,-0.35142529971837405,0.7042766884258062,0.7771857387570333,0.7742219299507779
local_O3,-0.27239997807884453,-0.25806362004157296,-0.27785162254312606,-0.6461949754717808,-0.4717950485932977,1.0,0.5658283868275992,-0.3938828006507308,0.2336289545654612,0.007440526677659562,0.4545796332893923,-0.1999360921774967,-0.2540293061852656,-0.2747441452232615
local_TEMP,-0.016922409615022234,-0.05496533682032883,-0.41178152771115323,-0.23683093241248837,-0.3085480875810915,0.5658283868275992,1.0,-0.8312512185057295,0.8207733340722446,0.04136832747126116,0.09669484032626051,-0.03374136848456556,-0.011007395024782509,-0.03660347005707876
local_PRES,-0.10186931698016782,-0.07271590500303148,0.29095365215625896,0.08636471829009879,0.18896151409507328,-0.3938828006507308,-0.8312512185057295,1.0,-0.7820424120164343,-0.08501419423590469,0.04865780445240128,-0.05539223927892179,-0.10406453830057989,-0.08953124879646054
local_DEWP,0.2480920246056457,0.12046725541719847,-0.386640029982288,0.07583032505239709,-0.013422126158882513,0.2336289545654612,0.8207733340722446,-0.7820424120164343,1.0,0.1742893234044236,-0.25499422070691624,0.19417997545020643,0.25463157253208946,0.23218422638236472
local_RAIN,-0.025099202755301607,-0.08615022846357534,-0.16175664592956224,-0.061581504762368754,-0.003920298972746879,0.007440526677659562,0.04136832747126116,-0.08501419423590469,0.1742893234044236,1.0,-0.020514330434659098,-0.020916849725095006,-0.01834943150596833,-0.02943682037868413
local_WSPM,-0.3354322409836347,-0.24990180796455938,-0.07443194777281499,-0.5348023938486814,-0.35142529971837405,0.4545796332893923,0.09669484032626051,0.04865780445240128,-0.25499422070691624,-0.020514330434659098,1.0,-0.2756862104332081,-0.33700463617713505,-0.3493236331366634
Changping_PM2.5,0.8638352432153662,0.7607849881047015,0.45449958522980693,0.5550237490582932,0.7042766884258062,-0.1999360921774967,-0.03374136848456556,-0.05539223927892179,0.19417997545020643,-0.020916849725095006,-0.2756862104332081,1.0,0.8553233616111628,0.8655192246138357
Guanyuan_PM2.5,0.959769936799661,0.8431878000936944,0.44171797906500077,0.6486030227764171,0.7771857387570333,-0.2540293061852656,-0.011007395024782509,-0.10406453830057989,0.25463157253208946,-0.01834943150596833,-0.33700463617713505,0.8553233616111628,1.0,0.9549685643442056
Wanliu_PM2.5,0.9496370931703175,0.8387603483428622,0.48470598623313527,0.6595260017953422,0.7742219299507779,-0.2747441452232615,-0.03660347005707876,-0.08953124879646054,0.23218422638236472,-0.02943682037868413,-0.3493236331366634,0.8655192246138357,0.9549685643442056,1.0
