hour,mean,median,std,count
0,92.3013986013986,64.0,89.90114739618745,1430
1,92.06927921623513,65.0,90.08526983523348,1429
2,91.68712386284115,66.0,90.73170951436941,1429
3,88.73661278988054,66.0,86.49197259758348,1423
4,85.33613445378151,64.0,82.75643993073004,1428
5,81.72909090909091,60.5,80.45718301918672,1430
6,79.77568134171908,59.0,79.60189842814127,1431
7,77.55192711983182,57.0,74.78197511689957,1427
8,77.74229691876751,57.0,73.16332807848032,1428
9,78.53164556962025,57.0,73.62984469303878,1422
10,79.21338028169014,56.0,75.46610786348982,1420
11,79.66216216216216,56.5,77.71413318119586,1406
12,79.01559177888022,53.0,78.47563499990869,1411
13,77.99788285109386,51.0,78.71977490831776,1417
14,77.12641242937853,50.0,79.3422624413437,1416
15,76.46415897799858,50.0,81.16361859216667,1409
16,75.88799715909092,49.0,80.97538662404764,1408
17,76.36248236953456,50.0,81.0227569557815,1418
18,78.2258292166549,54.0,80.04555436161569,1417
19,82.37208157524614,56.0,82.49970576212023,1422
20,86.27696078431373,61.0,83.84139559897872,1428
21,89.25038434661076,64.0,85.4204147545842,1431
22,90.86983904828551,64.0,87.40879115828557,1429
23,91.8704895104895,64.0,89.09931561940863,1430
