timestamp,mean,median,max,count
2013-03-01,110.09274193548387,90.0,463.0,744
2013-04-01,62.75138888888889,50.0,263.0,720
2013-05-01,84.9878706199461,68.5,665.0,742
2013-06-01,106.22594142259415,91.0,510.0,717
2013-07-01,68.91129032258064,55.0,271.0,744
2013-08-01,62.23822341857335,47.0,260.0,743
2013-09-01,79.1682892906815,65.0,321.0,719
2013-10-01,95.24091520861373,61.0,367.0,743
2013-11-01,77.45682451253482,47.5,322.0,718
2013-12-01,76.79138627187079,40.0,420.0,743
2014-01-01,95.71680216802169,73.5,538.0,738
2014-02-01,144.3957055214724,114.0,584.0,652
2014-03-01,98.93817204301075,73.0,410.0,744
2014-04-01,100.80245022970904,94.0,294.0,653
2014-05-01,71.61389645776566,62.0,290.0,734
2014-06-01,59.69874476987448,49.0,463.0,717
2014-07-01,93.44776119402985,77.0,280.0,737
2014-08-01,68.06064690026955,58.0,214.0,742
2014-09-01,70.0408077994429,64.0,226.0,718
2014-10-01,127.74687065368568,93.0,446.0,719
2014-11-01,93.69971988795518,54.0,464.0,714
2014-12-01,55.60981912144703,17.0,325.0,387
2015-01-01,91.61562500000001,75.0,497.0,736
2015-02-01,85.54354354354355,56.0,351.0,666
2015-03-01,88.30881542699724,71.0,332.0,726
2015-04-01,75.66885964912281,64.0,403.0,684
2015-05-01,59.3468286099865,47.0,261.0,741
2015-06-01,62.97518248175182,42.0,309.0,685
2015-07-01,66.3687074829932,59.0,197.0,735
2015-08-01,45.03061224489796,29.0,184.0,686
2015-09-01,51.81753889674682,30.0,252.0,707
2015-10-01,78.21351351351352,36.0,401.0,740
2015-11-01,123.38549075391181,91.0,619.0,703
2015-12-01,154.16326530612244,115.0,657.0,735
2016-01-01,68.13896457765668,29.0,547.0,734
2016-02-01,44.75867052023121,18.0,898.0,692
2016-03-01,102.4887323943662,64.0,438.0,710
2016-04-01,67.30994152046783,58.0,253.0,684
2016-05-01,53.3527815468114,42.0,314.0,737
2016-06-01,57.77053824362606,50.0,208.0,706
2016-07-01,72.24615384615385,66.0,248.0,715
2016-08-01,46.355495251017636,38.0,156.0,737
2016-09-01,56.33477011494253,32.5,240.0,696
2016-10-01,85.22192151556158,60.0,346.0,739
2016-11-01,100.11764705882354,82.0,363.0,714
2016-12-01,132.46702557200538,107.0,530.0,743
2017-01-01,115.50605652759084,66.0,713.0,743
2017-02-01,71.30289193302892,30.0,359.0,657
