variavel,ausencias,percentual
Wanliu_O3,2107,6.00901209217431
Wanliu_CO,1812,5.167693360711842
local_CO,1776,5.065023956194388
Guanyuan_CO,1753,4.9994296144193475
local_O3,1719,4.902464065708419
Changping_CO,1521,4.337782340862423
Guanyuan_O3,1173,3.3453114305270364
Wanliu_NO2,1070,3.051562856490988
local_NO2,1023,2.9175222450376452
local_SO2,935,2.666552589550536
target_pm25,925,2.63803331051791
Changping_PM2.5,774,2.2073921971252566
local_PM10,718,2.0476842345425506
Changping_NO2,667,1.9022359114761578
Guanyuan_NO2,659,1.8794204882500571
Changping_SO2,628,1.7910107232489163
Guanyuan_PM2.5,616,1.756787588409765
Changping_O3,604,1.7225644535706137
Changping_PM10,582,1.6598220396988363
Wanliu_SO2,575,1.639858544375998
Guanyuan_SO2,474,1.351813826146475
Guanyuan_PM10,429,1.2234770704996578
Wanliu_PM2.5,382,1.0894364590463153
Wanliu_PM10,284,0.8099475245265799
Changping_wd,140,0.3992699064567648
Wanliu_wd,123,0.35078713210130047
local_wd,81,0.23100616016427106
Guanyuan_wd,81,0.23100616016427106
Changping_DEWP,53,0.1511521788729181
Changping_TEMP,53,0.1511521788729181
Changping_RAIN,51,0.14544832306639288
Changping_PRES,50,0.14259639516313027
Changping_WSPM,43,0.12263289984029203
Guanyuan_RAIN,20,0.05703855806525211
Guanyuan_PRES,20,0.05703855806525211
Guanyuan_TEMP,20,0.05703855806525211
local_RAIN,20,0.05703855806525211
local_DEWP,20,0.05703855806525211
local_PRES,20,0.05703855806525211
local_TEMP,20,0.05703855806525211
Wanliu_TEMP,20,0.05703855806525211
Wanliu_PRES,20,0.05703855806525211
Wanliu_DEWP,20,0.05703855806525211
Wanliu_RAIN,20,0.05703855806525211
Guanyuan_DEWP,20,0.05703855806525211
Guanyuan_WSPM,14,0.03992699064567648
local_WSPM,14,0.03992699064567648
Wanliu_WSPM,14,0.03992699064567648
