date,priceClose_real,priceClose_pred_SARIMAX,residuo_SARIMAX
2024-05-09,63049.95925722752,60415.681464467154,2634.2777927603674
2024-05-10,60792.77679056924,62670.270384154486,-1877.493593585248
2024-05-11,60793.70959939656,59938.6614073137,855.0481920828606
2024-05-12,61448.39467179746,60627.792932773846,820.6017390236157
2024-05-13,62901.44745522263,60621.91169231776,2279.535762904874
2024-05-14,61552.79013533723,62598.48059563987,-1045.6904603026414
2024-05-15,66267.49146747417,61215.80329423337,5051.688173240807
2024-05-16,65231.58031330925,65806.69551303297,-575.1151997237248
2024-05-17,67051.87491272173,64771.64087578273,2280.2340369390004
2024-05-18,66940.80440997487,66830.4017572423,110.40265273256227
2024-05-19,66278.37008205023,66193.69524139809,84.67484065213648
2024-05-20,71448.19519137863,66355.41850617703,5092.776685201607
2024-05-21,70136.53144288927,69966.63358040462,169.89786248464952
2024-05-22,69122.33900568419,70143.66000401025,-1021.3209983260604
2024-05-23,67929.56303900517,68128.05205960658,-198.4890206014097
2024-05-24,68526.09777359462,67855.10989361213,670.9878799824946
2024-05-25,69265.94273815972,67917.17665993987,1348.766078219851
2024-05-26,68518.08996507595,68896.33984805581,-378.2498829798569
2024-05-27,69394.55337386676,68072.79546134546,1321.7579125212942
2024-05-28,68296.22198842763,68722.67713355049,-426.4551451228617
2024-05-29,67578.09292022653,68154.98113676741,-576.8882165408868
2024-05-30,68364.9895474297,66785.82171270622,1579.1678347234702
2024-05-31,67491.41701083753,68196.29155713118,-704.8745462936495
2024-06-01,67706.93731358687,66858.27275832382,848.6645552630507
2024-06-02,67751.60257546179,67441.94838548476,309.65418997702363
2024-06-03,68804.78008518812,66990.05836573012,1814.7217194580007
2024-06-04,70567.76890441465,67950.92885479551,2616.840049619146
2024-06-05,71082.82270400989,69467.6220900164,1615.200613993482
2024-06-06,70757.16585186339,70513.3149977974,243.85085406599683
2024-06-07,69342.58673611461,70065.59944778238,-723.0127116677759
2024-06-08,69305.77431876527,69296.6350113245,9.13930744076788
2024-06-09,69647.99300287476,68583.0964775874,1064.8965252873604
2024-06-10,69512.28027800027,69376.09370958887,136.18656841140182
2024-06-11,67332.03046417648,68796.3129448903,-1464.282480713824
2024-06-12,68241.1840753497,67425.42362194948,815.7604534002166
2024-06-13,66756.3970935791,67560.85728417653,-804.4601905974268
2024-06-14,66011.09372732633,66800.70320538283,-789.6094780565036
2024-06-15,66191.00047037876,65363.446558577336,827.5539118014203
2024-06-16,66639.04653569942,66285.57398088604,353.4725548133865
2024-06-17,66490.29417526737,65968.27709836364,522.0170769037213
2024-06-18,65140.744589459726,66536.0289144057,-1395.2843249459766
2024-06-19,64960.2953009057,64808.19685197575,152.0984489299517
2024-06-20,64828.65581157016,64505.88674939303,322.7690621771326
2024-06-21,64096.1981877808,64391.92049064549,-295.7223028646913
2024-06-22,64252.57874674413,63779.58212045264,472.9966262914968
2024-06-23,63180.79820640023,63909.048187494256,-728.249981094028
2024-06-24,60277.41465637685,62840.14926409139,-2562.734607714541
2024-06-25,61804.641168070666,60222.03527359714,1582.6058944735269
2024-06-26,60811.27845018744,61615.175186791486,-803.8967366040451
2024-06-27,61604.80176407296,60446.90989640158,1157.8918676713802
2024-06-28,60320.13552647825,61439.064210081255,-1118.9286836030078
2024-06-29,60887.380834742224,60334.25120156208,553.1296331801495
2024-06-30,62678.29207945703,60861.616677387945,1816.675402069086
2024-07-01,62851.980067927616,62464.3030482902,387.67701963742
2024-07-02,62029.01681018313,62870.52589879147,-841.5090886083417
2024-07-03,60173.923581498166,62140.8492105357,-1966.9256290375345
2024-07-04,56977.70145909115,60371.40457786984,-3393.703118778685
2024-07-05,56662.37327447946,57257.26014162094,-594.8868671414821
2024-07-06,58303.538580916575,56637.10845945274,1666.4301214638326
2024-07-07,55849.11063860938,57778.03498665418,-1928.9243480447983
2024-07-08,56705.09842707021,55992.93623563221,712.1621914380012
2024-07-09,58009.22631622933,56683.26181802266,1325.9644982066748
2024-07-10,57742.4946206796,57730.10537759971,12.38924307988782
2024-07-11,57344.91478508699,57758.04356902322,-413.1287839362267
2024-07-12,57899.46551711132,57429.51725410449,469.9482630068305
2024-07-13,59231.95324056479,57785.440863485,1446.5123770797943
2024-07-14,60787.792370136944,59167.86100618068,1619.931363956268
2024-07-15,64870.15281513105,60445.4737158826,4424.679099248446
2024-07-16,65097.14683084429,63905.12345036309,1192.0233804812087
2024-07-17,64118.79266942549,64811.37826690151,-692.5855974760125
2024-07-18,63974.06668410818,63825.16822098124,148.89846312693408
2024-07-19,66710.15431304576,64025.25663142399,2684.897681621769
2024-07-20,67163.64492371288,66081.89000902597,1081.7549146869133
2024-07-21,68154.52290586598,66873.56035218682,1280.9625536791573
2024-07-22,67585.24997209052,68050.67478197516,-465.42480988464376
2024-07-23,65927.67236140305,67363.08151103524,-1435.4091496321926
2024-07-24,65372.1332336736,66266.82104582072,-894.6878121471163
2024-07-25,65777.22394002022,65399.55660825038,377.66733176984417
2024-07-26,67912.06309622004,65682.45475139245,2229.608344827589
2024-07-27,67813.33941633134,67322.5293169923,490.8100993390399
2024-07-28,68255.86576902054,67596.8061565078,659.0596125127486
2024-07-29,66819.91618636361,67841.59263767576,-1021.6764513121452
2024-07-30,66201.0162264011,66444.64178541121,-243.6255590101064
2024-07-31,64619.24964921848,65863.43574171184,-1244.1860924933644
2024-08-01,65357.5015625505,64260.232515429816,1097.2690471206806
2024-08-02,61415.0645726852,64525.50032197537,-3110.435749290169
2024-08-03,60680.09469877956,61263.45080927225,-583.3561104926921
2024-08-04,58116.97696104029,60411.19774504207,-2294.22078400178
2024-08-05,53991.45779650419,58220.097556556655,-4228.639760052465
2024-08-06,56034.31659146047,54313.56329439252,1720.7532970679458
2024-08-07,55027.46069178669,56091.52553541248,-1064.0648436257834
2024-08-08,61710.13756445015,55191.735302698944,6518.402261751209
2024-08-09,60880.11220321532,61268.588436180056,-388.47623296473466
2024-08-10,60945.81313610534,61211.574357238365,-265.761221133027
2024-08-11,58719.48316932698,61450.4681863294,-2730.985017002422
2024-08-12,59354.51372127969,59337.79784610912,16.715875170571962
2024-08-13,60609.566984536745,59562.241119834376,1047.3258647023686
2024-08-14,58737.27062700192,60498.81201406045,-1761.5413870585253
2024-08-15,57560.0976318307,58533.89367744574,-973.7960456150396
2024-08-16,58894.10416021727,57456.66443366253,1437.4397265547375
2024-08-17,59478.971047195286,58693.12525133237,785.8457958629151
2024-08-18,58483.96498190154,59230.37846696375,-746.4134850622067
2024-08-19,59493.45248218813,58672.73952340931,820.7129587788149
2024-08-20,59012.79115265765,59508.43699962274,-495.6458469650897
2024-08-21,61175.19200991796,59132.76157091487,2042.430439003096
2024-08-22,60381.91246067756,61048.43004813541,-666.517587457849
2024-08-23,64094.35720662687,60103.31446547549,3991.042741151381
2024-08-24,64178.99065006225,63485.67514022138,693.3155098408752
2024-08-25,64333.5441834656,63798.82922656916,534.7149568964451
2024-08-26,62880.65865426983,64134.81636023226,-1254.1577059624324
2024-08-27,59504.132682713374,62430.78026158682,-2926.647578873446
2024-08-28,59027.62658703009,59628.01814230548,-600.3915552753824
2024-08-29,59388.18085241217,58411.34694725248,976.8339051596996
2024-08-30,59119.47477701244,59140.33777006201,-20.86299304957356
2024-08-31,58969.89836604308,58139.24055219544,830.6578138476398
2024-09-01,57325.48768919063,58944.37756800779,-1618.8898788171573
2024-09-02,59112.47950553887,56971.9525484485,2140.5269570903693
2024-09-03,57431.0229886572,59031.32761533008,-1600.3046266728852
2024-09-04,57971.540816685294,57444.20886232537,527.3319543599209
2024-09-05,56160.487264456766,58126.85431667413,-1966.3670522173636
2024-09-06,53948.752242637376,56094.3108821004,-2145.5586394630227
2024-09-07,54139.68944922965,54368.41863536938,-228.7291861397316
2024-09-08,54841.566354228846,53523.25640928173,1318.309944947112
2024-09-09,57019.53475757055,54660.787160182095,2358.747597388457
2024-09-10,57648.71240947666,55987.1786793368,1661.5337301398686
2024-09-11,57343.170536416845,57634.52352630007,-291.3529898832203
2024-09-12,58127.010836944006,56727.43831217651,1399.5725247674927
2024-09-13,60571.29915859448,57962.48647364249,2608.812684951983
2024-09-14,60005.11915575714,59893.74510116212,111.37405459502044
2024-09-15,59182.8353338828,60050.36885610933,-867.5335222265276
2024-09-16,58192.506871442085,59093.87344810749,-901.3665766654084
2024-09-17,60308.53759476551,57950.359125986535,2358.178468778977
2024-09-18,61649.67872665136,59863.60793410477,1786.070792546583
2024-09-19,62940.45676571399,60825.88355922187,2114.573206492125
2024-09-20,63192.97508287596,62667.05319031117,525.9218925647874
2024-09-21,63394.838742556014,62628.85582492748,765.9829176285348
2024-09-22,63648.70989025194,63577.88261955187,70.8272707000724
2024-09-23,63329.802386615,63014.10143120463,315.70095541037153
2024-09-24,64301.96726594291,63198.8885340617,1103.0787318812145
2024-09-25,63143.14597387205,63309.02312416832,-165.87715029626997
2024-09-26,65181.02069724431,62993.22640152009,2187.7942957242194
2024-09-27,65790.66164973442,64204.93948710995,1585.7221626244718
2024-09-28,65887.64878212822,65223.86621487967,663.7825672485487
2024-09-29,65635.30814614859,65212.53131482222,422.77683132636594
2024-09-30,63329.49812947661,65376.93479731318,-2047.4366678365693
2024-10-01,60837.00970073598,63195.49842774746,-2358.4887270114777
2024-10-02,60632.78627379448,61249.429433295845,-616.6431595013637
2024-10-03,60759.40132687676,60017.92092388764,741.4804029891238
2024-10-04,62067.4774474519,60531.42956225131,1536.0478852005908
2024-10-05,62089.94845914431,61408.45869661326,681.4897625310477
2024-10-06,62818.95447613739,62144.13761046945,674.8168656679409
2024-10-07,62236.65936840091,62727.22428180294,-490.5649134020277
2024-10-08,62131.967854414805,62357.79364927568,-225.82579486087343
2024-10-09,60582.10096953885,62169.2923276406,-1587.191358101751
2024-10-10,60274.49806378606,60740.48204689518,-465.9839831091231
2024-10-11,62445.08860709735,60251.59687777259,2193.491729324764
2024-10-12,63193.02307028749,62083.18815040001,1109.8349198874785
2024-10-13,62851.37491696019,62776.05456050768,75.32035645250289
2024-10-14,66046.12806875478,62559.13351569302,3486.9945530617624
2024-10-15,67041.10716533381,65313.38880806266,1727.7183572711583
2024-10-16,67612.72077760416,67055.24214582825,557.4786317759135
2024-10-17,67399.83349243981,67390.9608208877,8.872671552104293
2024-10-18,68418.78904890522,67481.59922846005,937.1898204451718
2024-10-19,68362.73310984847,68137.42850838187,225.30460146660332
2024-10-20,69001.7066212849,68363.73758962487,637.9690316600318
2024-10-21,67367.85255614088,68827.57672021665,-1459.7241640757711
2024-10-22,67361.40266452722,67348.87799112016,12.524673407067894
2024-10-23,66432.19824717593,67169.50618631176,-737.3079391358333
2024-10-24,68161.053337619,66466.4959906438,1694.557346975198
2024-10-25,66642.41073042627,67711.53019174916,-1069.1194613228872
2024-10-26,67014.69772830943,66719.559398993,295.13832931642537
2024-10-27,67929.298795622,66533.72262880579,1395.5761668162158
2024-10-28,69907.75467389214,67716.40301804293,2191.351655849212
2024-10-29,72720.49357487491,68836.8271736542,3883.6664012207184
2024-10-30,72339.54218084493,72125.79871436674,213.7434664781904
2024-10-31,70215.1856325839,71636.96898046373,-1421.7833478798275
2024-11-01,69482.46985079674,70403.26021897617,-920.7903681794268
2024-11-02,69289.27666562302,69118.66998242651,170.6066831965145
2024-11-03,68741.11549197351,69135.18191612413,-394.0664241506165
2024-11-04,67811.50914184513,68141.56428026369,-330.0551384185528
2024-11-05,69359.56616617786,67679.87787005784,1679.6882961200172
2024-11-06,75639.07794648844,68489.44740762543,7149.6305388630135
2024-11-07,75904.8584618969,74823.55985929306,1081.2986026038416
2024-11-08,76545.4766431325,74765.77680681618,1779.6998363163148
2024-11-09,76583.52154442579,76979.02501655678,-395.503472130993
2024-11-10,80474.185602194,76265.07744443136,4209.108157762646
2024-11-11,88701.48808420602,80434.26700231749,8267.221081888536
2024-11-12,87955.80982163973,86773.72930744117,1182.080514198562
2024-11-13,90584.16667337868,87683.90754661884,2900.2591267598477
2024-11-14,87250.43127459324,88912.20286093673,-1661.771586343486
2024-11-15,91066.00695527584,87858.39316139874,3207.613793877099
2024-11-16,90558.47523581985,90111.0816436847,447.39359213515127
2024-11-17,89845.85120882805,90648.97240832352,-803.1211994954647
2024-11-18,90542.64399626656,89434.78218390862,1107.8618123579363
2024-11-19,92343.79205490072,90454.21610146212,1889.5759534386016
2024-11-20,94339.49502700852,91523.67757211452,2815.8174548940005
2024-11-21,98504.7275898154,93662.99771148856,4841.729878326834
2024-11-22,98997.66208043598,97875.36596458658,1122.2961158494
2024-11-23,97777.279763055,98331.8464550912,-554.5666920361982
2024-11-24,98013.82090787888,98124.77076882904,-110.94986095016066
2024-11-25,93102.29521358517,97753.316587511,-4651.021373925847
2024-11-26,91985.31683041027,92933.4644800826,-948.147649672319
2024-11-27,95962.5284193169,91508.93194249408,4453.596476822815
2024-11-28,95652.46515870912,94415.72962626944,1236.7355324396922
2024-11-29,97461.52371298426,94757.4793539006,2704.044359083651
2024-11-30,96449.05581277318,96701.45324714165,-252.39743436846769
2024-12-01,97279.79292235582,96160.9465979104,1118.8463244454178
2024-12-02,95865.30163237524,97453.60505447864,-1588.3034221034031
2024-12-03,96002.162144032,95981.26737214296,20.894771889055846
2024-12-04,98768.52755534554,95897.4233212992,2871.1042340463464
2024-12-05,96593.57227220976,98383.31323237724,-1789.7409601674735
2024-12-06,99920.71473032852,96336.87737449889,3583.8373558296444
2024-12-07,99923.33661926458,98555.87260315548,1367.4640161091083
2024-12-08,101236.0131403532,99761.57691490256,1474.4362254506268
2024-12-09,97432.72126036788,100386.636631937,-2953.915371569121
2024-12-10,96675.43353993689,98126.81269173342,-1451.3791517965292
2024-12-11,101173.03264511091,95708.62118154074,5464.41146357017
2024-12-12,100042.9979150116,99660.53527819316,382.46263681843993
2024-12-13,101459.25440126852,99035.771663065,2423.4827382035146
2024-12-14,101372.9660786534,100568.85412881784,804.1119498355547
2024-12-15,104298.69579792189,100833.58931656773,3465.10648135416
2024-12-16,106029.72058609631,103335.3733171147,2694.347268981612
2024-12-17,106140.59823843016,104974.05791471252,1166.5403237176506
2024-12-18,100041.54270290484,105259.67786127956,-5218.135158374716
2024-12-19,97490.94998277504,100073.9211821412,-2582.971199366162
2024-12-20,97755.93016037508,97189.37231415036,566.5578462247213
2024-12-21,97224.7263442974,96792.30362311016,432.42272118723486
2024-12-22,95104.93437105967,95909.68057334072,-804.7462022810505
2024-12-23,94686.23943843246,94617.46181572547,68.77762270696985
2024-12-24,98676.09739682807,93999.38074729712,4676.716649530965
2024-12-25,99299.19274921237,97775.0774627502,1524.115286462169
2024-12-26,95795.51659759833,98862.9052611274,-3067.388663529069
2024-12-27,94164.86034835257,96130.96940368712,-1966.109055334542
2024-12-28,95163.93192640484,93915.24276636846,1248.6891600363742
2024-12-29,93530.2284378695,95380.15015215344,-1849.9217142839332
2024-12-30,92643.21460401456,93151.54054976456,-508.3259457499953
2024-12-31,93429.20281139915,91910.1135109326,1519.089300466556
2025-01-01,94419.75750549028,92343.8315850228,2075.925920467489
2025-01-02,96886.8782682304,94392.02551317096,2494.8527550594445
2025-01-03,98107.42876199368,95986.05763796082,2121.371124032856
2025-01-04,98236.22909166572,97745.5743102362,490.6547814295191
2025-01-05,98314.95944363724,98017.25936232008,297.7000813171617
2025-01-06,102078.08557287647,98310.17530132076,3767.910271555709
2025-01-07,96922.7052796726,101405.65689203756,-4482.951612364952
2025-01-08,95043.52345594057,97197.9555479904,-2154.4320920498285
2025-01-09,92484.0369715298,94966.6538302059,-2482.616858676105
2025-01-10,94701.45646266866,92194.5951145624,2506.861348106264
2025-01-11,94566.59367524584,93726.42807588165,840.1655993642053
2025-01-12,94488.44106162684,93927.42127238908,561.0197892377764
2025-01-13,94516.52562684276,94052.46573227792,464.059894564838
2025-01-14,96534.04421464764,93968.72975333886,2565.314461308779
2025-01-15,100504.49344119498,95676.8311939879,4827.662247207074
2025-01-16,99756.90909819468,99208.9049445289,548.0041536657809
2025-01-17,104462.04262221782,98626.86455284564,5835.178069372196
2025-01-18,104408.0673030506,103261.2680510974,1146.799251953198
2025-01-19,101089.60649832134,103421.5707184276,-2331.9642201062525
2025-01-20,102016.6622807587,100717.97658517436,1298.6856955843396
2025-01-21,106146.26300673433,100220.04848564748,5926.214521086848
2025-01-22,103653.06924222906,104499.23148119869,-846.1622389696277
2025-01-23,103960.17163722675,102313.66796838684,1646.5036688399125
2025-01-24,104819.48448549642,103200.31934008884,1619.1651454075763
2025-01-25,104714.64536631762,102631.82961060418,2082.81575571344
2025-01-26,102682.49703317732,104632.21352041198,-1949.716487234662
2025-01-27,102087.69133501766,101672.85609094308,414.8352440745948
2025-01-28,101332.47622080588,101666.0421672699,-333.56594646401936
2025-01-29,103703.21119241689,99786.91527606038,3916.29591635651
2025-01-30,104735.30283914848,102767.06032973182,1968.2425094166683
2025-01-31,102405.0270844454,102845.46243753612,-440.4353530907101
2025-02-01,100655.90565121452,101855.766907365,-1199.8612561504851
2025-02-02,97688.97930488893,99666.29961320249,-1977.320308313545
2025-02-03,101405.42306569024,97618.06103842345,3787.3620272667904
2025-02-04,97871.81783389286,99408.81722983156,-1536.999395938692
2025-02-05,96615.44454015358,97254.65892065792,-639.2143805043452
2025-02-06,96593.30032856249,95442.9279409179,1150.3723876445874
2025-02-07,96529.08249453203,96133.8140425002,395.2684520318289
2025-02-08,96482.44987444291,95886.54139097112,595.9084834717942
2025-02-09,96500.09479026984,96266.15290891573,233.94188135412696
2025-02-10,97437.55726208676,95962.0152065694,1475.5420555173478
2025-02-11,95747.4311295895,96882.15135479686,-1134.720225207362
2025-02-12,97885.86305519009,96092.49020670349,1793.372848486615
2025-02-13,96623.8690084382,97233.7494830308,-609.8804745926172
2025-02-14,97508.96990331751,96390.68272291336,1118.2871804041642
2025-02-15,97580.3493821008,96625.94157682345,954.4078052773548
2025-02-16,96175.03204026086,97326.95335479404,-1151.9213145331742
2025-02-17,95773.38418660432,95432.384670754,340.9995158503152
2025-02-18,95539.54360318284,95268.27798736063,271.2656158221944
2025-02-19,96635.61321235246,94931.05054680386,1704.5626655485976
2025-02-20,98333.93782934498,95835.0991846256,2498.838644719392
2025-02-21,96125.54405496531,97363.17624851444,-1237.6321935491287
2025-02-22,96577.76154714968,95793.0645388853,784.697008264382
2025-02-23,96273.91974655744,95908.523553381,365.39619317644974
2025-02-24,91418.17366744149,95599.60924745911,-4181.435580017627
2025-02-25,88736.1734415255,91219.36836777913,-2483.194926253622
2025-02-26,84347.01972198201,88730.68624293554,-4383.666520953528
2025-02-27,84704.22458228334,83988.50591972657,715.7186625567701
2025-02-28,84373.01032958015,84489.8945214601,-116.8841918799444
2025-03-01,86031.91239771536,83730.8561828472,2301.056214868164
2025-03-02,94248.3505251674,85130.92035552452,9117.430169642888
2025-03-03,86065.6683289207,93397.9682853033,-7332.2999563826015
2025-03-04,87222.19220667671,86286.6932691102,935.4989375665172
2025-03-05,90623.56184280872,87415.89307279397,3207.668770014745
2025-03-06,89961.72724371402,89185.39409096578,776.3331527482369
2025-03-07,86742.6756244441,89610.42523329402,-2867.7496088499174
2025-03-08,86154.5932099702,86052.70663581058,101.8865741596237
2025-03-09,80601.04131141985,85761.32709080241,-5160.285779382568
2025-03-10,78532.00180846766,80016.71978908156,-1484.717980613903
2025-03-11,82862.20818098089,78624.49305925563,4237.715121725254
2025-03-12,83722.36195174961,81399.50439390108,2322.8575578485325
2025-03-13,81066.70136914577,83182.01447476845,-2115.313105622685
2025-03-14,83969.0997189857,81120.94703986237,2848.1526791233337
2025-03-15,84343.1084583416,83683.23931751227,659.8691408293234
2025-03-16,82579.6908921864,84516.33280476602,-1936.641912579624
2025-03-17,84075.68869687966,82351.92243005506,1723.7662668246048
2025-03-18,82718.50231764314,83904.8948552377,-1186.3925375945546
2025-03-19,86854.22596043906,82339.470900841,4514.755059598057
2025-03-20,84167.19340433639,85783.55204457096,-1616.3586402345682
2025-03-21,84043.24518209897,83685.76841587161,357.4767662273516
2025-03-22,83832.4875518333,83202.57175396435,629.9157978689473
2025-03-23,86054.37186301082,82978.93631105835,3075.435551952469
2025-03-24,87498.91241027668,85499.96522786639,1998.9471824102948
2025-03-25,87471.70304794039,86299.2071898749,1172.495858065493
2025-03-26,86900.88554328846,86875.8748954197,25.01064786875213
2025-03-27,87177.10210551348,86146.6348758924,1030.4672296210774
2025-03-28,84353.15101258164,87047.62724433962,-2694.476231757973
2025-03-29,82597.58433886131,84006.61960932713,-1409.0352704658144
2025-03-30,82334.52269692018,82537.6968342924,-203.174137372218
2025-03-31,82548.91096086935,81678.05939584071,870.8515650286427
2025-04-01,85169.1695887702,81651.22028646429,3517.949302305904
2025-04-02,82485.70837130435,83295.66716872627,-809.9587974219176
2025-04-03,83102.82820654023,82109.39317855,993.4350279902284
2025-04-04,83843.80487310472,81683.74422731504,2160.0606457896797
2025-04-05,83504.80017205456,82927.84252388505,576.9576481695112
2025-04-06,78214.4808171041,82115.25160262604,-3900.7707855219487
2025-04-07,79235.33313217395,78171.41247578649,1063.9206563874611
2025-04-08,76271.95017471343,77852.41304790176,-1580.4628731883276
2025-04-09,82573.9511277008,75607.72915486548,6966.221972835323
2025-04-10,79626.14143605047,80769.36531057325,-1143.2238745227803
2025-04-11,83404.83980637716,78354.72184078107,5050.117965596088
2025-04-12,85287.1132768994,81994.2590295163,3292.854247383104
2025-04-13,83684.97902810505,83971.90821786987,-286.9291897648218
2025-04-14,84542.39128267372,83073.32198591645,1469.0692967572686
2025-04-15,83668.9893302616,83148.12515457855,520.8641756830475
2025-04-16,84033.86541648101,83080.2195567381,953.6458597429156
2025-04-17,84895.75143926751,82380.2959841589,2515.455455108604
2025-04-18,84450.80707734117,84387.270597504,63.53647983717383
2025-04-19,85063.41305684106,82521.4627822027,2541.950274638366
2025-04-20,85174.30162916107,84653.00647686097,521.2951523000957
2025-04-21,87518.90503469988,83924.90982355642,3593.9952111434686
2025-04-22,93441.89334755747,86804.51918023029,6637.374167327187
2025-04-23,93699.11317603666,91902.57040413702,1796.542771899636
2025-04-24,93943.79341612494,92484.25154686194,1459.5418692630046
2025-04-25,94720.4980175858,93476.55730231405,1243.9407152717758
2025-04-26,94646.92811168196,93561.97833087336,1084.9497808086162
2025-04-27,93754.84673812396,94039.38000449556,-284.5332663716108
2025-04-28,94978.75250363749,92981.88847924888,1996.864024388604
2025-04-29,94284.79162811562,94090.68214937506,194.10947874056
2025-04-30,94207.31129752305,93279.66155859106,927.6497389319848
2025-05-01,96492.33904923624,93763.16637351636,2729.1726757198776
2025-05-02,96910.06857772858,94923.55294590778,1986.5156318208028
2025-05-03,95891.79803431532,96613.72043814302,-721.9224038277025
2025-05-04,94315.97488904891,94994.58404142618,-678.609152377263
2025-05-05,94748.05147537326,94210.62893351293,537.422541860331
2025-05-06,96802.47756375965,93501.40890991726,3301.06865384239
2025-05-07,97032.31896658134,95840.82482857523,1191.4941380060918
2025-05-08,103241.46082980144,95585.7546224972,7655.706207304247
2025-05-09,102970.84974403249,101735.83918703604,1235.0105569964508
2025-05-10,104696.3272911721,101291.41280979272,3404.914481379383
2025-05-11,104106.35552626466,104360.3975409162,-254.04201465155347
2025-05-12,102812.95325154896,102550.1396982554,262.8135532935412
2025-05-13,104169.8128818504,102641.77040713793,1528.042474712478
2025-05-14,103539.4170891327,102600.31278803675,939.1043010959402
2025-05-15,103744.6435805224,102861.5537440176,883.0898365047906
2025-05-16,103489.29171156995,102182.71606344022,1306.5756481297285
2025-05-17,103191.08547769875,102963.80945992304,227.27601777571545
2025-05-18,106446.01055442636,102096.84664289613,4349.163911530239
2025-05-19,105606.18146754084,105797.364732753,-191.18326521215204
2025-05-20,106791.08966171175,104614.28195905776,2176.8077026539977
2025-05-21,109678.07630953676,106102.24852241356,3575.827787123213
2025-05-22,111673.28401874512,108216.9468303486,3456.33718839653
2025-05-23,107287.79670682205,109684.8316212652,-2397.0349144431675
2025-05-24,107791.15754123592,106841.15309023052,950.0044510053996
2025-05-25,109035.38703273084,106204.7931786357,2830.5938540951465
2025-05-26,109440.36835822814,107869.2190535694,1571.149304658742
2025-05-27,108994.64215081916,107659.9934672415,1334.6486835776595
2025-05-28,107802.32453606464,108169.34897449252,-367.0244384278776
2025-05-29,105641.76069837948,106083.27142264455,-441.5107242650847
2025-05-30,103998.57224063044,105411.24880604188,-1412.6765654114424
2025-05-31,104638.0912550028,102814.19877073744,1823.8924842653505
2025-06-01,105652.09856252489,104010.91920677372,1641.1793557511555
2025-06-02,105881.53390203086,104095.98567058211,1785.5482314487454
2025-06-03,105432.47006660716,105411.1963280274,21.273738579751807
2025-06-04,104731.98325514748,104403.73077065963,328.25248448784987
2025-06-05,101575.95230618656,104276.8461642829,-2700.893858096344
2025-06-06,104390.34693847536,100790.73828295278,3599.608655522577
2025-06-07,105615.62630946375,103689.7529435274,1925.8733659363495
2025-06-08,105793.65022752753,103902.58242441047,1891.0678031170391
2025-06-09,110294.09910557327,105108.38613663238,5185.71296894089
2025-06-10,110257.23771236572,108118.24444421736,2138.9932681483624
2025-06-11,108686.6276821388,109480.49260752863,-793.8649253898329
2025-06-12,105929.05126272964,107623.62355599285,-1694.5722932632052
2025-06-13,106090.96639466035,105530.30386365727,560.6625310030795
2025-06-14,105472.40865288586,105021.8805701276,450.5280827582756
2025-06-15,105552.02695467696,104469.1643624618,1082.8625922151696
2025-06-16,106796.75719868862,104627.47976321651,2169.277435472104
2025-06-17,104601.11682926257,105537.69752619124,-936.5806969286788
2025-06-18,104883.3269261613,103790.29660057196,1093.0303255893523
2025-06-19,104684.28595245376,104038.84206357972,645.4438888740406
2025-06-20,103309.60412452232,103807.29183236876,-497.6877078464313
2025-06-21,102257.4086896794,102249.42797958489,7.980710094518145
2025-06-22,100987.13951905466,101463.11563839176,-475.9761193370941
2025-06-23,105577.77203154765,100411.37247937916,5166.399552168499
2025-06-24,106045.6320954752,103516.04159837778,2529.5904970974225
2025-06-25,107361.260804055,104699.36638726192,2661.894416793075
2025-06-26,106960.0032689962,105582.12343611692,1377.8798328792618
2025-06-27,107088.43022883116,105672.4078316063,1416.022397224864
2025-06-28,107327.7031808139,105864.04690609024,1463.6562747236749
2025-06-29,108385.57008844725,106137.35438037926,2248.21570806799
2025-06-30,107135.33451056012,107120.37424170844,14.96026885167521
2025-07-01,105698.27814400056,106016.01579440628,-317.7376504057029
2025-07-02,108859.32386823594,105134.70765473394,3724.616213501999
2025-07-03,109647.97877390998,107220.04712291216,2427.9316509978235
2025-07-04,108034.3390499008,108570.83791962166,-536.498869720861
2025-07-05,108231.18199019408,107191.33473686808,1039.8472533260065
2025-07-06,109232.06973455714,107688.48399450262,1543.585740054521
2025-07-07,108299.85108759298,108286.27334959686,13.577737996121868
2025-07-08,108950.27554318984,107269.2216182858,1681.0539249040305
2025-07-09,111326.5512690552,107878.7402028245,3447.811066230701
2025-07-10,115987.20619684496,109287.09412190696,6700.112074938006
2025-07-11,117516.9936684245,114220.82415491506,3296.1695135094487
2025-07-12,117435.23005315111,115681.86327913831,1753.3667740127858
2025-07-13,119116.11754924672,116446.04765342864,2670.069895818073
2025-07-14,119849.70572031474,117734.7193456745,2114.9863746402407
2025-07-15,117777.18899477556,119020.659465383,-1243.4704706074554
2025-07-16,118738.50603894402,115748.18694857492,2990.3190903690847
2025-07-17,119289.8421917949,117785.65090301608,1504.1912887788349
2025-07-18,118003.22449552668,117596.42366800195,406.8008275247121
2025-07-19,117939.9787390508,116996.0180871921,943.9606518586952
2025-07-20,117300.78574028773,116595.74008626307,705.0456540246523
2025-07-21,117439.53580042763,116578.2719021865,861.2638982411299
2025-07-22,119995.41555183372,115679.84746273526,4315.568089098466
2025-07-23,118754.95719433148,119158.67018956052,-403.712995229027
2025-07-24,118368.00324917762,116716.68857678567,1651.314672391949
2025-07-25,117635.88107593764,117337.51543668089,298.3656392567645
2025-07-26,117947.36624220364,115526.51248027867,2420.8537619249546
2025-07-27,119448.49032953964,116530.51641238082,2917.9739171588158
2025-07-28,117924.47295271514,117529.96574498263,394.5072077325021
2025-07-29,117922.14783690228,116438.685773257,1483.4620636452746
2025-07-30,117831.1913846234,116158.8922837566,1672.2991008668032
2025-07-31,115758.20392879256,116425.4553964698,-667.2514676772553
2025-08-01,113320.0859723028,114454.17248911042,-1134.086516807627
2025-08-02,112526.91464251112,112045.27335783406,481.64128467706905
2025-08-03,114217.67296910426,111326.12389708872,2891.549072015536
2025-08-04,115071.8843242656,113069.13255831582,2002.7517659497823
2025-08-05,114141.4417283514,113979.98880545542,161.45292289598729
2025-08-06,115027.99641336882,113189.68464850064,1838.31176486818
2025-08-07,117496.89739677613,113981.87933711524,3515.018059660899
2025-08-08,116688.72541225972,116302.70857388472,386.0168383750133
2025-08-09,116500.36205799448,115655.17195620656,845.1901017879281
2025-08-10,119306.7614218206,115486.70220693597,3820.059214884648
2025-08-11,118731.44703271524,117638.71087516945,1092.736157545805
2025-08-12,120172.90705994038,117537.53287496482,2635.3741849755606
2025-08-13,123344.05980564863,118277.85360060845,5066.206205040187
2025-08-14,118359.58057053133,121530.5869779357,-3171.0064074043767
2025-08-15,117398.34798296848,117219.90549411258,178.4424888559006
2025-08-16,117491.34838952529,116259.98467296174,1231.3637165635446
2025-08-17,117453.06271004087,116050.0354265962,1403.027283444666
2025-08-18,116252.31193585282,116045.73036816668,206.581567686153
2025-08-19,112831.17599435216,114889.02327392744,-2057.847279575275
2025-08-20,114274.74078424778,111894.9190962928,2379.8216879549877
2025-08-21,112419.0275001688,112674.5019949928,-255.4744948239968
2025-08-22,116874.08747167834,111122.6440930232,5751.443378655138
2025-08-23,115374.33119301296,115210.635398609,163.6957944039459
2025-08-24,113458.43223556846,114000.49391711064,-542.0616815421963
2025-08-25,110124.35092751397,112705.26513783036,-2580.914210316405
2025-08-26,111802.655570345,108987.86486184684,2814.790708498156
2025-08-27,111222.06071709516,110456.8632942413,765.1974228538602
2025-08-28,112544.80198550066,109386.65455240884,3158.1474330918136
2025-08-29,108410.83814224058,111253.41456507953,-2842.5764228389453
2025-08-30,108808.07171289565,106997.07482045535,1810.9968924402783
2025-08-31,108236.70989599932,108014.36738552336,222.3425104759517
2025-09-01,109250.59479697637,107050.916901873,2199.677895103363
2025-09-02,111200.58721221588,108151.04388189084,3049.543330325032
2025-09-03,111723.21332532945,109844.40562629366,1878.8076990357804
2025-09-04,110723.60008051526,110597.03521097204,126.56486954321736
2025-09-05,110650.98827940196,109866.3928681446,784.5954112573527
2025-09-06,110224.6977364094,109441.16699049316,783.5307459162577
2025-09-07,111167.61951830324,108980.75051850364,2186.868999799612
2025-09-08,112071.43108853843,110027.21737874688,2044.2137097915547
2025-09-09,111530.5499815784,110604.3275799636,926.2224016147956
2025-09-10,113955.3589546047,109985.84164719554,3969.517307409158
2025-09-11,115507.53752685408,112382.68362340846,3124.853903445619
2025-09-12,116101.58089647564,113448.98113751976,2652.5997589558974
2025-09-13,115950.50504922486,114889.56792956586,1060.9371196589927
2025-09-14,115407.65444742888,114683.44134254724,724.2131048816373
2025-09-15,115444.87270833744,114477.2311702986,967.6415380388498
2025-09-16,116843.1842506891,113895.60595365091,2947.5782970381697
2025-09-17,116468.50738952006,115254.49347364964,1214.013915870426
2025-09-18,117137.20246008378,114792.78280045588,2344.419659627907
2025-09-19,115688.8628180112,115864.13468280448,-175.27186479329248
2025-09-20,115721.95820758064,114092.1852432708,1629.7729643098428
2025-09-21,115306.097161289,114796.61052615182,509.48663513717474
2025-09-22,112748.5056232456,113453.46364497564,-704.958021730039
2025-09-23,112014.49967651637,111730.78199805252,283.7176784638432
2025-09-24,113328.6304088566,110307.93121482022,3020.6991940363805
2025-09-25,109049.28795700168,111860.82119245824,-2811.533235456547
2025-09-26,109712.831518274,107625.41214216864,2087.419376105376
2025-09-27,109681.9424831994,108489.6947669547,1192.247716244703
2025-09-28,112122.63915061476,107885.27028981494,4237.368860799819
2025-09-29,114400.3864282159,111171.0799789247,3229.306449291209
2025-09-30,114056.08364749928,112406.8831401824,1649.200507316869
2025-10-01,118648.92858787146,113085.60952506628,5563.319062805182
2025-10-02,120681.25972334214,116738.01853944865,3943.241183893493
2025-10-03,122266.53272819234,119165.59533649532,3100.937391697007
2025-10-04,122425.42872954252,120767.92263484935,1657.506094693148
2025-10-05,123513.47371396708,121178.59322316678,2334.880490800293
2025-10-06,124752.52835209736,122481.48599886098,2271.0423532363784
2025-10-07,121451.37907032672,123108.52401669188,-1657.144946365166
2025-10-08,123354.87033539126,120986.02112874945,2368.8492066418257
2025-10-09,121705.5822667133,121511.46433803582,194.1179286774859
2025-10-10,113214.36599312934,121342.61444043672,-8128.248447307371
2025-10-11,110807.87931986216,112493.68082955152,-1685.801509689365
2025-10-12,115169.76392469808,110218.41550729706,4951.348417401023
2025-10-13,115271.07513679352,112963.23854009349,2307.8365967000427
2025-10-14,113118.66715980553,113404.43466546864,-285.7675056631124
2025-10-15,110783.16685486272,112788.33922357058,-2005.172368707863
2025-10-16,108186.03847532927,109245.21342745412,-1059.1749521248566
2025-10-17,106467.78522769098,108056.05426314086,-1588.2690354498773
2025-10-18,107198.26685138312,104895.0186616112,2303.2481897719263
2025-10-19,108666.71152632662,106508.74168586048,2157.9698404661467
2025-10-20,110588.93015945522,107323.73783048382,3265.192328971403
2025-10-21,108476.88697879824,109560.37860207816,-1083.491623279915
2025-10-22,107688.58812261626,107454.07432266643,234.51379994981107
2025-10-23,110069.72291805924,106873.68915380228,3196.0337642569502
2025-10-24,111033.923080974,108474.82213208512,2559.1009488888667
2025-10-25,111641.73000798358,110053.12905023304,1588.600957750532
2025-10-26,114472.443362309,111207.23043653408,3265.2129257749184
2025-10-27,114119.32479048047,113215.04516488746,904.2796255930152
2025-10-28,112956.1663764569,113555.36408638318,-599.1977099262876
2025-10-29,110055.30286229074,111839.73826263976,-1784.4354003490298
2025-10-30,108305.54876178248,109916.440446696,-1610.891684913513
2025-10-31,109556.16087014778,107782.59552368744,1773.5653464603529
2025-11-01,110064.0174011764,108375.90357238744,1688.1138287889771
2025-11-02,110639.62631101506,108935.21988752884,1704.4064234862308
2025-11-03,106547.51960408686,109551.35696211924,-3003.837358032368
2025-11-04,101590.52231689313,105971.46081368334,-4380.938496790215
2025-11-05,103891.83548171548,101210.7355860172,2681.0998956982803
2025-11-06,101301.29047559638,102607.5808018337,-1306.2903262373147
2025-11-07,103372.40671821768,100470.07635730838,2902.330360909298
2025-11-08,102282.11404970972,101973.77585734765,308.3381923620764
2025-11-09,104719.6388959132,101181.96054328945,3537.678352623756
2025-11-10,105996.59709213124,103977.98656944964,2018.6105226815853
2025-11-11,102997.47104313906,104675.9043464306,-1678.433303291531
2025-11-12,101663.18673793318,102058.41120741528,-395.2244694820984
2025-11-13,99697.49064364484,100602.9843363581,-905.4936927132658
2025-11-14,94397.78783274571,99098.53225841436,-4700.744425668658
2025-11-15,95549.14593724244,93252.21842813228,2296.9275091101736
2025-11-16,94177.07448088586,94796.24368007644,-619.1691991905827
2025-11-17,92093.87420869817,93338.08220636733,-1244.2079976691457
2025-11-18,92948.87239203356,91573.39138877252,1375.4810032610403
2025-11-19,91465.9890743479,92236.31612647352,-770.3270521256054
2025-11-20,86631.89856890481,90853.50592649556,-4221.607357590736
2025-11-21,85090.68611401643,87093.59441964961,-2002.9083056331876
2025-11-22,84648.35672859022,85071.34111708024,-422.9843884900183
2025-11-23,86805.00807555199,84447.86730327143,2357.14077228056
2025-11-24,88270.56197381225,86759.3504227596,1511.2115510526492
2025-11-25,87341.8937506326,87362.94432000199,-21.050569369384903
2025-11-26,90518.36958272244,86701.60132877126,3816.768253951188
2025-11-27,91285.3723441706,89562.48876427845,1722.88357989215
2025-11-28,90919.26943415534,90083.64780833213,835.6216258232307
2025-11-29,90851.75406527554,90425.42319919133,426.3308660842158
2025-11-30,90394.30894781704,89963.73637798447,430.5725698325696
2025-12-01,86321.56994630139,89759.95612777228,-3438.3861814708944
2025-12-02,91350.20542595384,85728.55850295835,5621.646922995496
2025-12-03,93527.80380024506,89541.55246568142,3986.25133456364
2025-12-04,92141.62228747756,91909.81788205636,231.8044054211932
2025-12-05,89387.75440990008,91425.86723313094,-2038.1128232308547
2025-12-06,89272.37384596534,88642.74531241812,629.6285335472203
2025-12-07,90405.63851087492,89061.17797425253,1344.4605366223986
2025-12-08,90640.20558110252,88996.05552297199,1644.15005813053
2025-12-09,92691.70747023897,89564.84393027028,3126.86353996869
2025-12-10,92020.94573500572,90948.00556960973,1072.9401653960083
2025-12-11,92511.33916341137,90384.7049999517,2126.634163459661
2025-12-12,90270.41280218972,91044.56979821013,-774.156996020407
2025-12-13,90298.71011722588,88799.87516361132,1498.8349536145688
2025-12-14,88175.17740990703,88838.52435404283,-663.3469441358029
2025-12-15,86419.78052359246,86922.97663614196,-503.1961125495
2025-12-16,87843.98630649646,85467.63727186673,2376.349034629733
2025-12-17,86143.75766353737,86112.02460184073,31.73306169663556
2025-12-18,85462.50638053521,84987.11722359958,475.3891569356347
2025-12-19,88103.3806268365,83981.9679217518,4121.412705084702
2025-12-20,88343.9985724906,86907.2213720883,1436.777200402299
2025-12-21,88621.75041510115,87171.96032696878,1449.790088132373
2025-12-22,88490.01920050828,88190.80742240895,299.2117780993285
2025-12-23,87414.00058157048,87431.7160401454,-17.715458574923105
2025-12-24,87611.96148879152,86948.18787614838,663.773612643141
2025-12-25,87234.73832648946,86402.66849515612,832.0698313333414
2025-12-26,87301.43224029081,86436.42921244452,865.0030278462946
2025-12-27,87802.15521238666,85864.50157369327,1937.653638693388
2025-12-28,87835.83351148131,86825.44069985615,1010.3928116251628
2025-12-29,87138.14323922966,86606.29958229506,531.843656934594
2025-12-30,88430.13611966866,85780.64711476724,2649.489004901421
2025-12-31,87508.82507954576,87134.64861843995,374.1764611058025
2026-01-01,88731.98665684077,86562.85696609582,2169.1296907449578
2026-01-02,89944.69385915893,88079.82318147711,1864.8706776818144
2026-01-03,90603.18914080271,88331.87799201877,2271.3111487839487
2026-01-04,91413.4925215554,89984.4807785696,1429.0117429857928
2026-01-05,93882.553031637,90118.39285284645,3764.160178790553
2026-01-06,93729.0297195824,92848.41033977194,880.6193798104505
2026-01-07,91308.05471910894,92657.7609545402,-1349.7062354312511
2026-01-08,91027.12672681989,90824.28763081632,202.83909600356128
2026-01-09,90513.09815121775,89849.4448541715,663.6532970462576
2026-01-10,90386.65112414268,89575.29230528275,811.3588188599242
2026-01-11,90827.45983339568,89058.93449316917,1768.525340226508
2026-01-12,91192.98949135577,89993.49678859739,1199.4927027583765
2026-01-13,95321.77950504515,89729.7480316305,5592.031473414652
2026-01-14,96929.33087830324,94042.28863329077,2887.042245012475
2026-01-15,95551.18985531712,95625.66002158396,-74.47016626683762
2026-01-16,95525.11884117454,94797.17370986327,727.9451313112659
2026-01-17,95099.92254408402,94573.4383678403,526.4841762437281
2026-01-18,93634.43195160896,94509.6931203174,-875.2611687084427
2026-01-19,92553.59713664628,92688.55161395718,-134.95447731090826
2026-01-20,88310.90389549712,91503.37408410523,-3192.4701886081166
2026-01-21,89376.95832950319,87474.4024899823,1902.5558395208936
2026-01-22,89462.44931314791,88218.59311786082,1243.856195287095
2026-01-23,89503.8785126393,88497.94722652137,1005.9312861179352
2026-01-24,89110.73765766309,88667.99867635965,442.7389813034388
2026-01-25,86572.21534027335,88731.58791195959,-2159.372571686239
2026-01-26,88267.13675796885,86525.66947027195,1741.467287696898
2026-01-27,89102.56849659163,87836.48451970596,1266.0839768856677
2026-01-28,89184.57044363786,88442.27784548243,742.292598155429
2026-01-29,84561.58485914288,88479.68820928436,-3918.103350141479
2026-01-30,84128.65876171994,84601.80767648539,-473.1489147654502
2026-01-31,78621.11402755417,83621.72900236805,-5000.614974813885
2026-02-01,76974.4429081583,78620.98478013219,-1646.5418719738957
2026-02-02,78688.76433803354,76960.0645488532,1728.699789180333
2026-02-03,75633.54991975304,78156.33613775119,-2522.7862179981457
2026-02-04,73019.6998019014,75622.40106382381,-2602.7012619224115
2026-02-05,62702.09771246917,73558.56191658079,-10856.464204111617
2026-02-06,70555.387263718,64201.96586300894,6353.421400709063
2026-02-07,69281.97234466192,70323.4569379033,-1041.4845932413882
2026-02-08,70264.72471946538,69638.38102797419,626.3436914911872
2026-02-09,70120.78098938552,71295.51632807885,-1174.7353386933391
2026-02-10,68793.95990441568,70589.92204697602,-1795.96214256034
2026-02-11,66991.97090672859,69979.63734158433,-2987.6664348557388
2026-02-12,66221.84484185326,67597.34604282993,-1375.5012009766651
2026-02-13,68857.84251386527,66732.87941011816,2124.963103747112
2026-02-14,69767.62342592316,68286.93761545168,1480.6858104714777
2026-02-15,68788.1898191779,70033.53159457691,-1245.341775399007
2026-02-16,68843.15353357999,68693.33654655825,149.8169870217389
2026-02-17,67494.21525060102,68926.16236380415,-1431.9471132031322
2026-02-18,66425.32363552848,67625.27863999282,-1199.9550044643402
2026-02-19,66957.52386140164,66502.12030071615,455.4035606854886
2026-02-20,68005.42064179093,67427.90151099252,577.519130798406
2026-02-21,68003.7645025963,67296.55973719577,707.2047654005291
2026-02-22,67659.39143030053,68055.76649888675,-396.3750685862178
2026-02-23,64616.73639746904,67348.35544387711,-2731.619046408072
2026-02-24,64080.04180359821,65104.73179176317,-1024.689988164966
2026-02-25,67960.12324189473,63919.19784339272,4040.925398502018
2026-02-26,67453.77004016005,67330.39991368169,123.37012647835944
2026-02-27,65881.79512540475,66471.97342937156,-590.178303966808
2026-02-28,66995.86132443201,65704.16515434321,1291.696170088806
2026-03-01,65738.0982073395,66036.8469176933,-298.74871035380056
2026-03-02,68775.84773735623,65284.04688328144,3491.8008540747905
2026-03-03,68293.64915366769,67517.55461007699,776.0945435907051
2026-03-04,72710.58067790847,67436.67791195156,5273.902765956911
2026-03-05,70841.12807007451,70954.5662940813,-113.43822400679346
2026-03-06,68136.49227911503,70095.81553847213,-1959.323259357101
2026-03-07,67272.59729429509,67672.25509896189,-399.6578046668001
2026-03-08,65969.78080155294,67103.01901427774,-1133.2382127247984
2026-03-09,68402.3866936191,65050.89030199093,3351.4963916281704
2026-03-10,69926.91815698774,67553.55236289816,2373.365794089579
2026-03-11,70204.88413617083,68577.18868343132,1627.6954527395137
2026-03-12,70493.45858127218,68992.07157838803,1501.3870028841484
2026-03-13,70968.2676726541,69853.82585965242,1114.441813001671
2026-03-14,71214.62820852925,70381.24851845588,833.3796900733723
2026-03-15,72789.91726741185,70566.03381145163,2223.883455960211
2026-03-16,74861.08367372249,72149.97779279205,2711.1058809304377
2026-03-17,73922.47401067735,73425.21677065735,497.2572400200006
2026-03-18,71245.5785428252,73376.12980613732,-2130.551263312125
2026-03-19,69912.78777685696,70382.19152160123,-469.4037447442679
2026-03-20,70522.5839539436,69671.95303856366,850.6309153799375
2026-03-21,68711.52717356126,69413.3085510351,-701.7813774738315
2026-03-22,67845.21397986622,68497.47179464734,-652.2578147811146
2026-03-23,70914.86299152786,67214.04039063632,3700.822600891537
2026-03-24,70517.85954822176,69994.92516948697,522.9343787347898
2026-03-25,71309.88023249837,69671.20778210532,1638.6724503930454
2026-03-26,68791.62251021616,71238.288165799,-2446.6656555828376
2026-03-27,66338.3712323883,68457.43051321278,-2119.059280824484
2026-03-28,66319.69745111128,66460.77961935557,-141.0821682442911
2026-03-29,65954.91925741613,65962.85165612832,-7.932398712189752
2026-03-30,66691.4425240951,65695.39177856596,996.0507455291372
2026-03-31,68233.31556119065,65890.94065105225,2342.374910138402
2026-04-01,68078.55315891042,67836.17872004032,242.3744388701016
2026-04-02,66888.5721018824,66681.97052961444,206.60157226795852
2026-04-03,66931.099247444,66997.63466396651,-66.53541652251442
2026-04-04,67290.51814887005,65563.85768017631,1726.6604686937353
2026-04-05,68981.90079218811,67273.41122648554,1708.4895657025772
2026-04-06,68859.82639500768,67841.81172693051,1018.0146680771722
2026-04-07,71940.7012947185,68628.22207412057,3312.479220597932
2026-04-08,71123.3584710525,70670.41507503399,452.9433960185124
2026-04-09,71767.82512780256,70568.84138344011,1198.983744362442
2026-04-10,72979.05032706735,70851.55644377907,2127.4938832882763
2026-04-11,73054.2696888107,72342.5750080398,711.6946807709028
2026-04-12,70753.40833408691,72330.81782946874,-1577.4094953818276
2026-04-13,74484.63775041384,70511.40341101933,3973.234339394505
2026-04-14,74181.61165100952,73309.03694497317,872.5747060363501
2026-04-15,74805.07543648196,73218.05734703448,1587.018089447476
2026-04-16,75152.12937634182,73795.84751329143,1356.2818630503898
2026-04-17,77126.87855986014,74310.3011652451,2816.577394615044
2026-04-18,75726.20755616415,76205.09439865877,-478.8868424946122
2026-04-19,73856.35478817236,75081.92043595189,-1225.5656477795274
2026-04-20,75872.52478412843,73420.91245777575,2451.6123263526824
2026-04-21,76352.77694271023,74730.62458783692,1622.1523548733094
2026-04-22,78203.09985676418,75341.50337476788,2861.5964819962974
2026-04-23,78268.95410801632,76902.56523293062,1366.3888750857004
2026-04-24,77455.31561794388,77242.6110918523,212.70452609157653
2026-04-25,77612.01787472462,76456.40488772663,1155.6129869979925
2026-04-26,78657.5394229309,77007.4361463438,1650.103276587106
2026-04-27,77366.62342550905,78044.47507479551,-677.8516492864583
2026-04-28,76350.67385656755,76518.03934444694,-167.36548787938955
2026-04-29,75776.13655438689,76063.00723159227,-286.8706772053847
2026-04-30,76304.31879680282,74768.21373064478,1536.1050661580375
2026-05-01,78179.00372062408,75674.58883169072,2504.414888933359
2026-05-02,78657.24856610392,76895.32357513886,1761.924990965068
2026-05-03,78538.22338525036,78154.8990027048,383.3243825455575
2026-05-04,79827.90609480675,77876.48375578312,1951.422339023629
2026-05-05,80927.05164940716,79252.53779157033,1674.513857836835
2026-05-06,81427.53296903499,79988.63325376867,1438.8997152663214
2026-05-07,80009.99377551692,80732.25971513649,-722.2659396195668
2026-05-08,80186.76228443993,79329.0684793028,857.6938051371253
2026-05-09,80664.36769147658,79621.5112855944,1042.8564058821794
2026-05-10,82138.93139455045,79796.70052572664,2342.230868823812
2026-05-11,81728.30033269321,81193.41058840437,534.889744288841
2026-05-12,80477.49603969125,80964.19763120537,-486.7015915141237
2026-05-13,79277.11435904496,80265.94974449632,-988.8353854513553
2026-05-14,81051.25048674886,78599.94394688627,2451.3065398625918
2026-05-15,79065.6831951815,80472.50783067617,-1406.824635494675
2026-05-16,78131.43410962251,78210.39189959495,-78.95778997243906
2026-05-17,77429.35519853412,77754.407965838,-325.0527673038887
2026-05-18,76954.17551219983,76596.78258275981,357.392929440015
2026-05-19,76750.90401037443,76485.5319936203,265.37201675413235
2026-05-20,77457.7734947166,76058.22700644573,1399.5464882708766
2026-05-21,77539.16918693176,76630.0697648391,909.0994220926514
2026-05-22,75488.24251898863,76878.33934781862,-1390.096828829992
2026-05-23,76673.36511200857,75152.38218773573,1520.982924272845
2026-05-24,76981.12726529702,76093.1343585309,887.9929067661287
2026-05-25,77279.92611112288,76375.64188851099,904.2842226118956
2026-05-26,75825.7348078344,76464.4308465245,-638.6960386901046
2026-05-27,74344.70121337207,75450.83543437585,-1106.1342210037838
2026-05-28,73536.55825078522,73977.17987160278,-440.62162081756105
2026-05-29,73372.52701970768,73045.97540504675,326.5516146609298
2026-05-30,73754.83868090664,72900.66888137095,854.1697995356953
2026-05-31,73579.68785248669,73101.65280586595,478.0350466207456
2026-06-01,71319.77113041593,73307.93964630402,-1988.1685158880864
2026-06-02,66703.6600051648,71068.24809811036,-4364.58809294556
2026-06-03,64014.36706677971,67155.28117478124,-3140.914108001525
2026-06-04,63801.57423484784,64090.33985615354,-288.7656213057053
2026-06-05,60922.666333508816,63809.66950087837,-2887.003167369556
2026-06-06,60867.41430919016,61003.8624185552,-136.44810936504655
2026-06-07,63239.51960014498,61151.12615340938,2088.393446735601
2026-06-08,63090.59017041845,63254.37354335488,-163.78337293642835
2026-06-09,61643.78042523286,63158.62526914275,-1514.8448439098938
2026-06-10,61449.288433366,62105.184483279765,-655.8960499137684
2026-06-11,63561.05340220524,61662.51877596208,1898.534626243163
2026-06-12,63543.19830571025,63553.28297174591,-10.08466603566194
2026-06-13,64421.32531378413,63454.218564880925,967.1067489032066
2026-06-14,65710.39994119978,64227.15553396019,1483.2444072395883
2026-06-15,66289.49709817079,65228.45861016934,1061.0384880014462
2026-06-16,65600.64307031105,65848.7387751379,-248.0957048268465
2026-06-17,64418.4461112965,65244.49505070156,-826.0489394050601
2026-06-18,62896.473140210524,64279.17253108208,-1382.6993908715522
2026-06-19,63540.83551190768,62642.93060397387,897.9049079338074
2026-06-20,64239.67608125665,63279.297124115306,960.3789571413436
2026-06-21,63237.53800397451,63699.21583436999,-461.67783039547794
2026-06-22,63952.10718838148,63106.052472857424,846.0547155240565
2026-06-23,62668.02127182165,63363.430624940185,-695.4093531185354
2026-06-24,60995.1331465521,62585.799317315774,-1590.666170763674
2026-06-25,59721.67718353604,60576.24207012396,-854.5648865879193
2026-06-26,60016.42812551923,59515.67639576503,500.7517297542072
2026-06-27,59940.095723129656,59314.87502944814,625.2206936815128
2026-06-28,59532.34134872448,59317.466083915046,214.8752648094378
2026-06-29,60138.37728117144,58985.42508664177,1152.9521945296656
2026-06-30,58558.85849470885,59314.15468995005,-755.2961952412006
2026-07-01,60003.75670005626,57954.122813768336,2049.6338862879275
2026-07-02,61485.2991940841,59345.13586992778,2140.163324156325
2026-07-03,62544.200871125904,60865.70524363611,1678.4956274897922
2026-07-04,63088.306166519855,61911.55988541011,1176.746281109743
2026-07-05,63547.88421082061,62541.87272719882,1006.0114836217908
2026-07-06,63995.01590457115,63334.29309461827,660.7228099528802
2026-07-07,63297.396315570295,63336.61055957922,-39.21424400892283
2026-07-08,62257.57570481748,62995.58460766287,-738.0089028453876
2026-07-09,63193.14767541663,61705.33364153397,1487.814033882656
2026-07-10,64127.14200564058,62741.92003482125,1385.2219708193295
2026-07-11,63802.02662627144,63555.57715438849,246.4494718829519
2026-07-12,63758.21852318039,63370.07471072515,388.1438124552369
2026-07-13,62239.12272912624,63504.75369444737,-1265.6309653211283
2026-07-14,64956.11422615808,61928.55107424784,3027.5631519102462
2026-07-15,64712.376491365714,64415.17553029489,297.20096107082645
2026-07-16,63789.27945534556,63950.27936901695,-160.99991367138864
2026-07-17,63899.45899791906,63319.602491122816,579.8565067962409
2026-07-18,64796.60308902005,63133.93493011467,1662.668158905377
2026-07-19,64690.80495914814,64220.58621957652,470.2187395716173
2026-07-20,65230.02619403271,63876.944498108765,1353.0816959239455
2026-07-21,66505.12243620168,64475.885974857774,2029.2364613439056
2026-07-22,66100.79952459608,65606.53265002638,494.266874569701
2026-07-23,65044.81420944089,65559.45173592129,-514.637526480401
2026-07-24,64098.49783446598,64549.77974412344,-451.2819096574604
2026-07-25,64311.811411853945,63745.616653489065,566.1947583648798
2026-07-26,65340.30111696009,63817.05912411443,1523.2419928456584
2026-07-27,63724.8976757818,64715.303788651785,-990.4061128699832
2026-07-28,63871.36366108165,63454.51243323198,416.8512278496637
2026-07-29,63908.16797586797,63400.22497320361,507.9430026643604
2026-07-30,64725.30694754697,63375.541677261856,1349.765270285112
2026-07-31,62813.74727922484,64397.89604152301,-1584.148762298173
2026-08-01,62763.320664606166,62596.49102800869,166.82963659747475
2026-08-02,63481.99891620785,62334.19911044856,1147.7998057592922
2026-08-03,63460.898508760445,62913.730040271024,547.1684684894208
2026-08-04,64055.95346396064,62786.21020508661,1269.743258874034
2026-08-05,64597.4991894323,63519.47422887105,1078.0249605612553
2026-08-06,64262.11315986208,63709.82089526912,552.2922645929575
2026-08-07,64880.18992794641,63791.33250302287,1088.857424923539
2026-08-08,64904.68659784082,64255.33088688973,649.3557109510875
2026-08-09,64844.88526056732,64449.28127191719,395.603988650124
2026-08-10,63910.586753885575,64172.6262573241,-262.0395034385292
2026-08-11,63551.87333774477,63573.36127234648,-21.48793460171146
2026-08-12,63402.43362537117,63125.77068142818,276.6629439429962
2026-08-13,63402.17125005826,62979.43765355759,422.7335965006714
2026-08-14,62975.59383765358,62674.86846839957,300.7253692540108
2026-08-15,63024.31944618373,62596.52682323412,427.7926229496079
2026-08-16,62818.651078477385,62589.186837025845,229.46424145154012
2026-08-17,64506.25528743356,62474.262409601964,2031.9928778315957
2026-08-18,64680.712326016976,63765.97935079622,914.7329752207588
2026-08-19,69266.18565852672,64389.81746863695,4876.368189889778
2026-08-20,73032.76119017735,68000.7164555781,5032.044734599243
2026-08-21,78335.18447127173,72404.78143139314,5930.403039878584
2026-08-22,77083.41369629378,77051.78603706352,31.62765923026018
2026-08-23,77755.26185892553,77077.11610001053,678.1457589149941
2026-08-24,78964.48188718018,77634.06896272262,1330.4129244575597
2026-08-25,78564.9770338259,78705.0087707965,-140.03173697060265
2026-08-26,79027.42375214693,78383.66301193595,643.7607402109861
2026-08-27,80257.54237127447,78635.70726049643,1621.835110778033
2026-08-28,77830.2884161716,79932.91346346393,-2102.6250472923275
2026-08-29,78245.81183339408,77826.5271560298,419.2846773642814
2026-08-30,77667.57335298105,78381.85082053117,-714.2774675501132
2026-08-31,78548.63425232602,77910.7417550158,637.8924973102257
2026-09-01,77403.62419920585,78208.59367834292,-804.9694791370712
2026-09-02,77300.47890614565,77577.9012587067,-277.4223525610432
2026-09-03,81271.74521290051,76626.26213013197,4645.483082768536
2026-09-04,79671.96685975797,80301.60082071275,-629.6339609547722
2026-09-05,79823.86734808386,78663.94490377845,1159.9224443054118
2026-09-06,80350.04312037546,79502.52393651532,847.5191838601313
2026-09-07,79115.84836277652,79149.32801541235,-33.479652635825914
2026-09-08,78438.58091615305,78795.88972688989,-357.3088107368385
2026-09-09,78259.51966638006,77557.26193425115,702.2577321289136
2026-09-10,76568.1241336471,77853.25651591789,-1285.1323822707927
2026-09-11,77173.79310139746,75728.36100544629,1445.432095951168
