date,priceClose_real,priceClose_pred_HW,residuo_HW
2024-04-12,67195.86417899924,70425.73466002411,-3229.8704810248746
2024-04-13,63821.47388469183,67666.57673680269,-3845.102852110853
2024-04-14,65738.72388687795,64247.38749351769,1491.3363933602668
2024-04-15,63426.21001840606,65796.46768086162,-2370.2576624555586
2024-04-16,63811.8639407202,63720.24019059517,91.62375012502889
2024-04-17,61276.693258627725,63921.224942507026,-2644.5316838793005
2024-04-18,63512.75349494311,61532.58565238453,1980.1678425585778
2024-04-19,63843.568502442,63464.047870009876,379.52063243212615
2024-04-20,64994.44006809921,63924.307645105735,1070.1324229934762
2024-04-21,64926.64321172796,65047.76077654047,-121.11756481250632
2024-04-22,66837.676090911,65066.821422328096,1770.854668582906
2024-04-23,66407.27179941391,66877.07372704484,-469.8019276309351
2024-04-24,64276.89741539647,66608.97202604984,-2332.074610653377
2024-04-25,64481.70664447665,64560.26474089897,-78.55809642231907
2024-04-26,63755.32133168477,64592.473859717546,-837.1525280327769
2024-04-27,63419.14119643295,63908.03373908888,-488.892542655929
2024-04-28,63113.23168256257,63529.04238229342,-415.8106997308496
2024-04-29,63841.1201641904,63207.801300758016,633.3188634323815
2024-04-30,60636.85678001473,63870.110235412234,-3233.2534553975056
2024-05-01,58254.009853143245,60888.82845561271,-2634.818602469466
2024-05-02,59123.43224667501,58402.246318051184,721.185928623825
2024-05-03,62889.836744085405,59032.347370107396,3857.489373978009
2024-05-04,63891.472918470885,62647.461476561504,1244.0114419093807
2024-05-05,64031.1328085695,63874.6622962097,156.47051235979598
2024-05-06,63161.95025763039,64099.5586858178,-937.6084281874064
2024-05-07,62334.8183461472,63291.25712612181,-956.438779974611
2024-05-08,61187.94140072091,62443.43596134056,-1255.4945606196488
2024-05-09,63049.95925722752,61290.843388728346,1759.1158684991751
2024-05-10,60792.77679056924,62963.47065626258,-2170.6938656933416
2024-05-11,60793.70959939656,60958.59886575731,-164.88926636074757
2024-05-12,61448.39467179746,60800.107973822945,648.2866979745158
2024-05-13,62901.44745522263,61406.87329255895,1494.574162663681
2024-05-14,61552.79013533723,62828.54208579936,-1275.7519504621305
2024-05-15,66267.49146747417,61660.69632293948,4606.795144534692
2024-05-16,65231.58031330925,66037.32440466897,-805.7440913597165
2024-05-17,67051.87491272173,65391.81551994493,1660.0593927767986
2024-05-18,66940.80440997487,67064.24020937533,-123.43579940046766
2024-05-19,66278.37008205023,67084.80598229192,-806.4359002416895
2024-05-20,71448.19519137863,66454.7509029191,4993.444288459534
2024-05-21,70136.53144288927,71309.17035727271,-1172.6389143834385
2024-05-22,69122.33900568419,70435.54067912657,-1313.2016734423814
2024-05-23,67929.56303900517,69400.23239773283,-1470.6693587276677
2024-05-24,68526.09777359462,68184.24957538578,341.8481982088415
2024-05-25,69265.94273815972,68651.362125548,614.5806126117241
2024-05-26,68518.08996507595,69384.94746450556,-866.8574994296068
2024-05-27,69394.55337386676,68728.3494349947,666.2039388720586
2024-05-28,68296.22198842763,69504.32648631558,-1208.1044978879509
2024-05-29,67578.09292022653,68519.05906768987,-940.9661474633467
2024-05-30,68364.9895474297,67760.71067637486,604.2788710548339
2024-05-31,67491.41701083753,68441.79416435784,-950.3771535203123
2024-06-01,67706.93731358687,67663.54856057081,43.38875301605731
2024-06-02,67751.60257546179,67804.2806996045,-52.67812414270884
2024-06-03,68804.78008518812,67854.41303347988,950.3670517082355
2024-06-04,70567.76890441465,68853.31645659315,1714.4524478215026
2024-06-05,71082.82270400989,70598.88655821847,483.93614579142013
2024-06-06,70757.16585186339,71218.36000353232,-461.19415166892577
2024-06-07,69342.58673611461,70952.96525123848,-1610.3785151238699
2024-06-08,69305.77431876527,69587.33279840946,-281.5584796441981
2024-06-09,69647.99300287476,69442.89508132015,205.09792155461037
2024-06-10,69512.28027800027,69752.54726250906,-240.26698450879485
2024-06-11,67332.03046417648,69644.43468395894,-2312.40421978246
2024-06-12,68241.1840753497,67568.13707985864,673.0469954910513
2024-06-13,66756.3970935791,68265.98419622448,-1509.5871026453824
2024-06-14,66011.09372732633,66911.9469635186,-900.8532361922698
2024-06-15,66191.00047037876,66099.92222036536,91.0782500133937
2024-06-16,66639.04653569942,66205.97270765618,433.0738280432415
2024-06-17,66490.29417526737,66636.95524332655,-146.6610680591839
2024-06-18,65140.744589459726,66528.04533359586,-1387.3007441361333
2024-06-19,64960.2953009057,65241.43878372988,-281.1434828241763
2024-06-20,64828.65581157016,64970.365130264545,-141.7093186943821
2024-06-21,64096.1981877808,64824.281147899484,-728.0829601186852
2024-06-22,64252.57874674413,64119.81984130558,132.75890543855348
2024-06-23,63180.79820640023,64213.04888246014,-1032.2506760599135
2024-06-24,60277.41465637685,63206.86614077649,-2929.4514843996367
2024-06-25,61804.641168070666,60387.23439770984,1417.4067703608234
2024-06-26,60811.27845018744,61613.88895270631,-802.6105025188663
2024-06-27,61604.80176407296,60771.44145454741,833.360309525553
2024-06-28,60320.13552647825,61457.51076160729,-1137.375235129046
2024-06-29,60887.380834742224,60298.23624004468,589.1445946975437
2024-06-30,62678.29207945703,60746.059738238946,1932.232341218085
2024-07-01,62851.980067927616,62475.03230250867,376.9477654189468
2024-07-02,62029.01681018313,62773.533327710764,-744.5165175276343
2024-07-03,60173.923581498166,62019.10020387353,-1845.1766223753657
2024-07-04,56977.70145909115,60209.14205271132,-3231.440593620173
2024-07-05,56662.37327447946,57055.10426469744,-392.7309902179768
2024-07-06,58303.538580916575,56516.95373677336,1786.5848441432172
2024-07-07,55849.11063860938,58027.712432303655,-2178.6017936942735
2024-07-08,56705.09842707021,55831.60810294481,873.4903241253996
2024-07-09,58009.22631622933,56472.89202312797,1536.3342931013613
2024-07-10,57742.4946206796,57756.52483532402,-14.030214644415537
2024-07-11,57344.91478508699,57606.192877817026,-261.2780927300337
2024-07-12,57899.46551711132,57221.56715831207,677.898358799248
2024-07-13,59231.95324056479,57717.80732191722,1514.1459186475695
2024-07-14,60787.792370136944,59016.99772549262,1770.7946446443239
2024-07-15,64870.15281513105,60589.531781958496,4280.621033172552
2024-07-16,65097.14683084429,64576.0963134165,521.0505174277932
2024-07-17,64118.79266942549,65098.48389382042,-979.6912243949264
2024-07-18,63974.06668410818,64211.33401090162,-237.26732679344423
2024-07-19,66710.15431304576,64004.410985481154,2705.7433275646035
2024-07-20,67163.64492371288,66578.5846802807,585.0602434321772
2024-07-21,68154.52290586598,67205.32289495243,949.2000109135406
2024-07-22,67585.24997209052,68190.04859769461,-604.7986256040895
2024-07-23,65927.67236140305,67723.89476715965,-1796.2224057566054
2024-07-24,65372.1332336736,66115.43913420038,-743.3059005267787
2024-07-25,65777.22394002022,65462.93104060646,314.2928994137619
2024-07-26,67912.06309622004,65794.23913129859,2117.823964921452
2024-07-27,67813.33941633134,67840.45598666923,-27.11657033789379
2024-07-28,68255.86576902054,67902.81653899522,353.0492300253245
2024-07-29,66819.91618636361,68324.08245409933,-1504.1662677357235
2024-07-30,66201.0162264011,66994.07687218297,-793.0606457818649
2024-07-31,64619.24964921848,66302.92008322931,-1683.6704340108336
2024-08-01,65357.5015625505,64751.00668558968,606.4948769608163
2024-08-02,61415.0645726852,65328.47616565518,-3913.4115929699765
2024-08-03,60680.09469877956,61645.71268472355,-965.6179859439872
2024-08-04,58116.97696104029,60667.03499287908,-2550.0580318387947
2024-08-05,53991.45779650419,58172.856481108734,-4181.3986846045445
2024-08-06,56034.31659146047,53984.3209159636,2049.995675496866
2024-08-07,55027.46069178669,55709.77776552017,-682.3170737334804
2024-08-08,61710.13756445015,54888.21722409278,6821.92034035737
2024-08-09,60880.11220321532,61146.07620494759,-265.9640017322672
2024-08-10,60945.81313610534,60846.03962751591,99.773508589431
2024-08-11,58719.48316932698,60885.326190150416,-2165.843020823435
2024-08-12,59354.51372127969,58785.6339610788,568.8797602008926
2024-08-13,60609.566984536745,59224.57814211413,1384.9888424226156
2024-08-14,58737.27062700192,60446.035952314625,-1708.7653253127064
2024-08-15,57560.0976318307,58772.25552109188,-1212.1578892611797
2024-08-16,58894.10416021727,57532.55926167854,1361.5448985387266
2024-08-17,59478.971047195286,58698.81267822556,780.158368969729
2024-08-18,58483.96498190154,59342.988522950734,-859.023541049195
2024-08-19,59493.45248218813,58453.76388160579,1039.6886005823399
2024-08-20,59012.79115265765,59340.26234616438,-327.47119350673165
2024-08-21,61175.19200991796,58955.53300309069,2219.659006827271
2024-08-22,60381.91246067756,60971.54264018747,-589.6301795099134
2024-08-23,64094.35720662687,60377.61036796121,3716.7468386656546
2024-08-24,64178.99065006225,63845.96140835887,333.0292417033852
2024-08-25,64333.5441834656,64193.34628054123,140.19790292437392
2024-08-26,62880.65865426983,64364.87419828938,-1484.2155440195493
2024-08-27,59504.132682713374,63001.62521597312,-3497.4925332597486
2024-08-28,59027.62658703009,59703.778012789044,-676.1514257589515
2024-08-29,59388.18085241217,58999.0198621524,389.1609902597702
2024-08-30,59119.47477701244,59286.2045025281,-166.72972551565908
2024-08-31,58969.89836604308,59055.32147154511,-85.42310550202819
2024-09-01,57325.48768919063,58897.03210248209,-1571.5444132914563
2024-09-02,59112.47950553887,57332.78082110214,1779.6986844367275
2024-09-03,57431.0229886572,58902.126839551776,-1471.1038508945785
2024-09-04,57971.540816685294,57436.25732250445,535.2834941808469
2024-09-05,56160.487264456766,57835.05596417752,-1674.5686997207522
2024-09-06,53948.752242637376,56157.443042452986,-2208.6907998156094
2024-09-07,54139.68944922965,53945.34491299381,194.34453623583977
2024-09-08,54841.566354228846,53955.8151707908,885.7511834380493
2024-09-09,57019.53475757055,54622.086468775946,2397.448288794607
2024-09-10,57648.71240947666,56733.307856124324,915.4045533523386
2024-09-11,57343.170536416845,57492.60945547724,-149.4389190603979
2024-09-12,58127.010836944006,57263.82884399201,863.1819929519988
2024-09-13,60571.29915859448,57988.08503434567,2583.214124248807
2024-09-14,60005.11915575714,60356.935038845746,-351.81588308860955
2024-09-15,59182.8353338828,60004.52115804287,-821.6858241600712
2024-09-16,58192.506871442085,59199.615189875985,-1007.1083184339004
2024-09-17,60308.53759476551,58201.57528808716,2106.9623066783533
2024-09-18,61649.67872665136,60126.29974002002,1523.3789866313382
2024-09-19,62940.45676571399,61544.188053550475,1396.2687121635172
2024-09-20,63192.97508287596,62875.01431515329,317.9607677226668
2024-09-21,63394.838742556014,63215.53137182227,179.3073707337462
2024-09-22,63648.70989025194,63431.1887357017,217.52115455024614
2024-09-23,63329.802386615,63686.348695106906,-356.5463084919029
2024-09-24,64301.96726594291,63402.16693164557,899.8003342973461
2024-09-25,63143.14597387205,64298.9434288485,-1155.7974549764476
2024-09-26,65181.02069724431,63269.16799870018,1911.852698544135
2024-09-27,65790.66164973442,65117.9401435434,672.7215061910247
2024-09-28,65887.64878212822,65836.27526724736,51.373514880862786
2024-09-29,65635.30814614859,65980.89179794294,-345.5836517943535
2024-09-30,63329.49812947661,65750.05963740587,-2420.5615079292547
2024-10-01,60837.00970073598,63546.71978878066,-2709.7100880446815
2024-10-02,60632.78627379448,61017.25786469529,-384.4715909008082
2024-10-03,60759.40132687676,60628.04727703829,131.3540498384682
2024-10-04,62067.4774474519,60717.59503663886,1349.882410813043
2024-10-05,62089.94845914431,61961.95335019608,127.99510894822743
2024-10-06,62818.95447613739,62078.8675307934,740.0869453439882
2024-10-07,62236.65936840091,62777.00581341062,-540.346445009709
2024-10-08,62131.967854414805,62279.034846671784,-147.06699225697957
2024-10-09,60582.10096953885,62140.571458635604,-1558.470489096755
2024-10-10,60274.49806378606,60663.58709167803,-389.089027891976
2024-10-11,62445.08860709735,60246.5049775758,2198.5836295215486
2024-10-12,63193.02307028749,62280.91989119379,912.1031790936977
2024-10-13,62851.37491696019,63170.597842970456,-319.22292601026857
2024-10-14,66046.12806875478,62882.18362187051,3163.9444468842776
2024-10-15,67041.10716533381,65892.09917623634,1149.007989097474
2024-10-16,67612.72077760416,67100.59075484716,512.1300227570027
2024-10-17,67399.83349243981,67713.36803224101,-313.53453980119957
2024-10-18,68418.78904890522,67535.33373575784,883.4553131473804
2024-10-19,68362.73310984847,68513.28123558618,-150.5481257377105
2024-10-20,69001.7066212849,68506.96402124713,494.74260003777454
2024-10-21,67367.85255614088,69124.16561744003,-1756.3130612991517
2024-10-22,67361.40266452722,67564.48916255603,-203.08649802880245
2024-10-23,66432.19824717593,67471.57656606709,-1039.378318891162
2024-10-24,68161.053337619,66560.49083274497,1600.562504874033
2024-10-25,66642.41073042627,68190.12091413056,-1547.7101837042865
2024-10-26,67014.69772830943,66830.68826306706,184.00946524237224
2024-10-27,67929.298795622,67080.10053379758,849.1982618244219
2024-10-28,69907.75467389214,67961.5356255469,1946.2190483452432
2024-10-29,72720.49357487491,69953.86196860962,2766.6316062652913
2024-10-30,72339.54218084493,72793.17090059028,-453.6287197453494
2024-10-31,70215.1856325839,72568.47212589368,-2353.2864933097735
2024-11-01,69482.46985079674,70484.61255612886,-1002.142705332124
2024-11-02,69289.27666562302,69656.51129580218,-367.2346301791549
2024-11-03,68741.11549197351,69420.75498864523,-679.6394966717198
2024-11-04,67811.50914184513,68871.89799009025,-1060.3888482451148
2024-11-05,69359.56616617786,67936.2523724146,1423.3137937632564
2024-11-06,75639.07794648844,69388.65229344329,6250.425653045153
2024-11-07,75904.8584618969,75579.18874521277,325.66971668413316
2024-11-08,76545.4766431325,76162.6218455503,382.85479758220026
2024-11-09,76583.52154442579,76810.71364657217,-227.1921021463786
2024-11-10,80474.185602194,76875.03355620119,3599.1520459928142
2024-11-11,88701.48808420602,80664.67575362031,8036.812330585715
2024-11-12,87955.80982163973,88897.58116434618,-941.7713427064446
2024-11-13,90584.16667337868,88596.26325557067,1987.9034178080183
2024-11-14,87250.43127459324,91134.29389654803,-3883.8626219547878
2024-11-15,91066.00695527584,87999.36843297382,3066.638522302019
2024-11-16,90558.47523581985,91545.82623439888,-987.3509985790297
2024-11-17,89845.85120882805,91224.82370763965,-1378.9724988115922
2024-11-18,90542.64399626656,90496.52244360035,46.121552666212665
2024-11-19,92343.79205490072,91123.62911800483,1220.1629368958966
2024-11-20,94339.49502700852,92902.43451400618,1437.0605130023469
2024-11-21,98504.7275898154,94932.91951886234,3571.8080709530623
2024-11-22,98997.66208043598,99099.25068602058,-101.58860558459128
2024-11-23,97777.279763055,99774.72912172698,-1997.4493586719764
2024-11-24,98013.82090787888,98611.32875795197,-597.5078500730888
2024-11-25,93102.29521358517,98761.58971599575,-5659.294502410587
2024-11-26,91985.31683041027,93957.61237612994,-1972.2955457196658
2024-11-27,95962.5284193169,92596.12965623713,3366.3987630797783
2024-11-28,95652.46515870912,96394.09195601357,-741.6267973044451
2024-11-29,97461.52371298426,96280.31363599563,1181.210076988631
2024-11-30,96449.05581277318,98026.34882991266,-1577.2930171394837
2024-12-01,97279.79292235582,97116.2739909065,163.5189314493182
2024-12-02,95865.30163237524,97863.99678679815,-1998.6951544229087
2024-12-03,96002.162144032,96509.20168586467,-507.03954183266615
2024-12-04,98768.52755534554,96556.66323624985,2211.8643190956936
2024-12-05,96593.57227220976,99246.56337613516,-2652.9911039254075
2024-12-06,99920.71473032852,97254.30868766838,2666.4060426601354
2024-12-07,99923.33661926458,100382.2739053212,-458.9372860566218
2024-12-08,101236.0131403532,100537.90871850036,698.1044218528405
2024-12-09,97432.72126036788,101813.14481603798,-4380.423555670102
2024-12-10,96675.43353993689,98157.02882240205,-1481.5952824651613
2024-12-11,101173.03264511091,97210.29135984514,3962.7412852657726
2024-12-12,100042.9979150116,101536.90854391875,-1493.9106289071497
2024-12-13,101459.25440126852,100652.50666641853,806.747734849996
2024-12-14,101372.9660786534,101973.66173857849,-600.6956599250989
2024-12-15,104298.69579792189,101946.5641138614,2352.131684060485
2024-12-16,106029.72058609631,104787.2381498691,1242.4824362272193
2024-12-17,106140.59823843016,106614.61317148164,-474.01493305148324
2024-12-18,100041.54270290484,106804.98004642002,-6763.437343515179
2024-12-19,97490.94998277504,100853.86164681723,-3362.9116640421853
2024-12-20,97755.93016037508,98038.91836794937,-282.9882075742935
2024-12-21,97224.7263442974,98136.72605074185,-911.9997064444469
2024-12-22,95104.93437105967,97615.2633970837,-2510.329026024032
2024-12-23,94686.23943843246,95515.26691356553,-829.0274751330726
2024-12-24,98676.09739682807,94988.07942873007,3688.0179680980073
2024-12-25,99299.19274921237,98838.82272570526,460.370023507101
2024-12-26,95795.51659759833,99642.8495811748,-3847.3329835764744
2024-12-27,94164.86034835257,96266.63712135958,-2101.776773007019
2024-12-28,95163.93192640484,94492.66264918566,671.2692772191804
2024-12-29,93530.2284378695,95363.79451672606,-1833.5660788565583
2024-12-30,92643.21460401456,93815.29241937296,-1172.077815358396
2024-12-31,93429.20281139915,92864.85809189452,564.3447195046319
2025-01-01,94419.75750549028,93573.66553811722,846.0919673730677
2025-01-02,96886.8782682304,94569.96670004321,2316.9115681871917
2025-01-03,98107.42876199368,97018.40757256372,1089.0211894299573
2025-01-04,98236.22909166572,98330.57722334309,-94.34813167736866
2025-01-05,98314.95944363724,98518.76264366909,-203.80320003184897
2025-01-06,102078.08557287647,98598.12012287145,3479.9654500050237
2025-01-07,96922.7052796726,102260.01079816163,-5337.305518489025
2025-01-08,95043.52345594057,97431.46752133072,-2387.9440653901547
2025-01-09,92484.0369715298,95340.00895441757,-2855.9719828877714
2025-01-10,94701.45646266866,92736.48478534535,1964.9716773233085
2025-01-11,94566.59367524584,94749.51439732905,-182.9207220832177
2025-01-12,94488.44106162684,94721.63161675855,-233.19055513170315
2025-01-13,94516.52562684276,94639.90968085617,-123.38405401341151
2025-01-14,96534.04421464764,94658.71163617657,1875.332578471076
2025-01-15,100504.49344119498,96617.36746112852,3887.1259800664557
2025-01-16,99756.90909819468,100580.96233678338,-824.0532385887054
2025-01-17,104462.04262221782,100058.26821391737,4403.774408300451
2025-01-18,104408.0673030506,104605.67265927285,-197.60535622225143
2025-01-19,101089.60649832134,104787.0686169904,-3697.4621186690492
2025-01-20,102016.6622807587,101558.13556288007,458.52671787863073
2025-01-21,106146.26300673433,102280.25645965748,3866.006547076846
2025-01-22,103653.06924222906,106333.46226438686,-2680.393022157805
2025-01-23,103960.17163722675,104113.5453578022,-153.37372057544417
2025-01-24,104819.48448549642,104285.32606267766,534.1584228187567
2025-01-25,104714.64536631762,105122.80893247575,-408.163566158124
2025-01-26,102682.49703317732,105057.00904394675,-2374.512010769424
2025-01-27,102087.69133501766,103093.7078894456,-1006.0165544279444
2025-01-28,101332.47622080588,102376.07817027393,-1043.6019494680513
2025-01-29,103703.21119241689,101598.2283894591,2104.982802957791
2025-01-30,104735.30283914848,103857.36908357055,877.9337555779348
2025-01-31,102405.0270844454,104975.55838477433,-2570.5313003289193
2025-02-01,100655.90565121452,102761.45399019896,-2105.548338984445
2025-02-02,97688.97930488893,100936.64553083536,-3247.6662259464356
2025-02-03,101405.42306569024,97952.0347501077,3453.3883155825315
2025-02-04,97871.81783389286,101402.50163489988,-3530.6838010070205
2025-02-05,96615.44454015358,98149.0604338078,-1533.6158936542197
2025-02-06,96593.30032856249,96752.17076381836,-158.8704352558707
2025-02-07,96529.08249453203,96653.85744309379,-124.77494856175326
2025-02-08,96482.44987444291,96591.18455417515,-108.73467973223887
2025-02-09,96500.09479026984,96533.10154004191,-33.00674977207382
2025-02-10,97437.55726208676,96545.5555092594,892.0017528273602
2025-02-11,95747.4311295895,97454.75113115649,-1707.3200015669863
2025-02-12,97885.86305519009,95860.11615483537,2025.7469003547158
2025-02-13,96623.8690084382,97850.43202577563,-1226.5630173374375
2025-02-14,97508.96990331751,96728.80942803697,780.1604752805433
2025-02-15,97580.3493821008,97526.61038780553,53.73899429527228
2025-02-16,96175.03204026086,97636.27887297094,-1461.2468327100796
2025-02-17,95773.38418660432,96275.57156036187,-502.18737375755154
2025-02-18,95539.54360318284,95811.59864739268,-272.055044209832
2025-02-19,96635.61321235246,95558.68245486663,1076.9307574858249
2025-02-20,98333.93782934498,96608.28512260469,1725.652706740293
2025-02-21,96125.54405496531,98312.20678905367,-2186.662734088357
2025-02-22,96577.76154714968,96256.89546159838,320.8660855513008
2025-02-23,96273.91974655744,96584.89060795766,-310.97086140021565
2025-02-24,91418.17366744149,96305.9973578122,-4887.823690370715
2025-02-25,88736.1734415255,91581.41472496829,-2845.2412834427814
2025-02-26,84347.01972198201,88732.00523914513,-4384.985517163121
2025-02-27,84704.22458228334,84334.37552207445,369.84906020888593
2025-02-28,84373.01032958015,84450.75302151633,-77.7426919361751
2025-03-01,86031.91239771536,84140.83411400148,1891.0782837138831
2025-03-02,94248.3505251674,85735.49639411487,8512.854131052532
2025-03-03,86065.6683289207,93798.52066374675,-7732.85233482605
2025-03-04,87222.19220667671,86473.13413560938,749.0580710673385
2025-03-05,90623.56184280872,87020.66384504335,3602.8979977653653
2025-03-06,89961.72724371402,90280.28188701453,-318.55464330050745
2025-03-07,86742.6756244441,89907.72573659365,-3165.050112149547
2025-03-08,86154.5932099702,86839.5285630981,-684.9353531278903
2025-03-09,80601.04131141985,86049.31684018897,-5448.275528769125
2025-03-10,78532.00180846766,80753.55571008903,-2221.5539016213734
2025-03-11,82862.20818098089,78330.77861172709,4531.4295692538
2025-03-12,83722.36195174961,82309.77498016824,1412.586971581375
2025-03-13,81066.70136914577,83462.23221509834,-2395.5308459525695
2025-03-14,83969.0997189857,81012.29821712227,2956.8015018634323
2025-03-15,84343.1084583416,83570.01680235563,773.0916559859616
2025-03-16,82579.6908921864,84133.40304183631,-1553.7121496499167
2025-03-17,84075.68869687966,82505.11200380792,1570.5766930717364
2025-03-18,82718.50231764314,83795.95520886056,-1077.4528912174137
2025-03-19,86854.22596043906,82617.33689885511,4236.889061583948
2025-03-20,84167.19340433639,86437.41913348141,-2270.2257291450223
2025-03-21,84043.24518209897,84196.40647201469,-153.16128991571895
2025-03-22,83832.4875518333,83908.40480071401,-75.91724888070894
2025-03-23,86054.37186301082,83689.53297248886,2364.8388905219617
2025-03-24,87498.91241027668,85774.51214263351,1724.40026764317
2025-03-25,87471.70304794039,87302.7615378996,168.94151004079322
2025-03-26,86900.88554328846,87395.9353673633,-495.04982407484204
2025-03-27,87177.10210551348,86864.1720699698,312.9300355436717
2025-03-28,84353.15101258164,87084.9060288835,-2731.7550163018605
2025-03-29,82597.58433886131,84435.08985476517,-1837.5055159038602
2025-03-30,82334.52269692018,82574.58245190831,-240.05975498813496
2025-03-31,82548.91096086935,82185.17485820179,363.7361026675644
2025-04-01,85169.1695887702,82360.39934032416,2808.7702484460315
2025-04-02,82485.70837130435,84852.44983516821,-2366.7414638638584
2025-04-03,83102.82820654023,82512.62313693792,590.205069602307
2025-04-04,83843.80487310472,82917.06909588518,926.7357772195392
2025-04-05,83504.80017205456,83650.60941673475,-145.8092446801893
2025-04-06,78214.4808171041,83389.02835107975,-5174.547533975652
2025-04-07,79235.33313217395,78380.0215102436,855.3116219303483
2025-04-08,76271.95017471343,78960.50310615952,-2688.5529314460873
2025-04-09,82573.9511277008,76214.96705047306,6358.984077227738
2025-04-10,79626.14143605047,81959.89716005012,-2333.755723999653
2025-04-11,83404.83980637716,79623.4727723706,3781.3670340065582
2025-04-12,85287.1132768994,83016.176446727,2270.9368301724026
2025-04-13,83684.97902810505,85059.66093581861,-1374.6819077135588
2025-04-14,84542.39128267372,83704.08198762003,838.3092950536957
2025-04-15,83668.9893302616,84410.65570659675,-741.6663763351535
2025-04-16,84033.86541648101,83640.59333207435,393.27208440666436
2025-04-17,84895.75143926751,83926.88754211408,968.8638971534237
2025-04-18,84450.80707734117,84764.68980854098,-313.88273119980295
2025-04-19,85063.41305684106,84409.37728644464,654.0357703964255
2025-04-20,85174.30162916107,84961.62597606993,212.67565309113706
2025-04-21,87518.90503469988,85109.52236888796,2409.3826658119215
2025-04-22,93441.89334755747,87339.1260686692,6102.767278888277
2025-04-23,93699.11317603666,93122.01374670841,577.099429328242
2025-04-24,93943.79341612494,93810.2361147009,133.55730142403627
2025-04-25,94720.4980175858,94091.07862656654,629.4193910192698
2025-04-26,94646.92811168196,94839.1371417851,-192.20903010314214
2025-04-27,93754.84673812396,94828.40877040918,-1073.5620322852192
2025-04-28,94978.75250363749,93977.48456295875,1001.2679406787356
2025-04-29,94284.79162811562,95067.03275033286,-782.2411222172377
2025-04-30,94207.31129752305,94489.57312247355,-282.26182495050307
2025-05-01,96492.33904923624,94367.2353660071,2125.103683229143
2025-05-02,96910.06857772858,96519.20272328862,390.8658544399659
2025-05-03,95891.79803431532,97076.99119871133,-1185.1931643960124
2025-05-04,94315.97488904891,96150.14817476769,-1834.1732857187744
2025-05-05,94748.05147537326,94581.09449362788,166.95698174537392
2025-05-06,96802.47756375965,94864.93017055091,1937.5473932087334
2025-05-07,97032.31896658134,96829.79926144135,202.51970513998822
2025-05-08,103241.46082980144,97195.24160266636,6046.21922713508
2025-05-09,102970.84974403249,103109.72309371657,-138.87334968408686
2025-05-10,104696.3272911721,103304.2071085654,1392.1201826066972
2025-05-11,104106.35552626466,104948.60209768625,-842.2465714215941
2025-05-12,102812.95325154896,104507.63036436024,-1694.6771128112887
2025-05-13,104169.8128818504,103238.09902867631,931.713853174093
2025-05-14,103539.4170891327,104419.11657639206,-879.6994872593641
2025-05-15,103744.6435805224,103904.81665378144,-160.17307325903676
2025-05-16,103489.29171156995,104051.90586873158,-562.6141571616317
2025-05-17,103191.08547769875,103813.62910594443,-622.5436282456794
2025-05-18,106446.01055442636,103505.12877521163,2940.881779214731
2025-05-19,105606.18146754084,106562.42939499379,-956.2479274529469
2025-05-20,106791.08966171175,105994.71421808682,796.3754436249292
2025-05-21,109678.07630953676,107066.75374371796,2611.322565818802
2025-05-22,111673.28401874512,109881.91247256876,1791.371546176364
2025-05-23,107287.79670682205,111985.28499950838,-4697.488292686336
2025-05-24,107791.15754123592,107977.25885969694,-186.10131846102013
2025-05-25,109035.38703273084,108135.028115092,900.3589176388341
2025-05-26,109440.36835822814,109319.48336772436,120.88499050377868
2025-05-27,108994.64215081916,109786.92465198491,-792.2825011657551
2025-05-28,107802.32453606464,109391.48237170627,-1589.1578356416285
2025-05-29,105641.76069837948,108221.52585983495,-2579.7651614554634
2025-05-30,103998.57224063044,106075.07378855108,-2076.501547920634
2025-05-31,104638.0912550028,104345.33091662223,292.760338380569
2025-06-01,105652.09856252489,104811.95966403167,840.1388984932128
2025-06-02,105881.53390203086,105803.86525182516,77.66865020569821
2025-06-03,105432.47006660716,106092.54377236725,-660.0737057600927
2025-06-04,104731.98325514748,105683.63910684329,-951.655851695803
2025-06-05,101575.95230618656,104982.84746574884,-3406.8951595622784
2025-06-06,104390.34693847536,101935.52447759046,2454.8224608848977
2025-06-07,105615.62630946375,104361.91382312702,1253.7124863367353
2025-06-08,105793.65022752753,105706.63632801519,87.0138995123416
2025-06-09,110294.09910557327,105974.56289168881,4319.536213884465
2025-06-10,110257.23771236572,110257.82864479504,-0.5909324293170357
2025-06-11,108686.6276821388,110548.0050767748,-1861.3773946360016
2025-06-12,105929.05126272964,109074.28314716369,-3145.231884434048
2025-06-13,106090.96639466035,106341.12447084078,-250.15807618042163
2025-06-14,105472.40865288586,106277.70426873096,-805.2956158450979
2025-06-15,105552.02695467696,105682.25908182346,-130.23212714650435
2025-06-16,106796.75719868862,105707.2545157912,1089.5026828974223
2025-06-17,104601.11682926257,106884.17938131576,-2283.0625520531903
2025-06-18,104883.3269261613,104891.69622213344,-8.369295972137479
2025-06-19,104684.28595245376,105000.90279678728,-316.6168443335191
2025-06-20,103309.60412452232,104817.40175129467,-1507.797626772357
2025-06-21,102257.4086896794,103498.66839210087,-1241.2597024214629
2025-06-22,100987.13951905466,102398.24318103355,-1411.1036619788938
2025-06-23,105577.77203154765,101109.37764470784,4468.3943868398055
2025-06-24,106045.6320954752,105354.91182215865,690.7202733165468
2025-06-25,107361.260804055,106123.68594613722,1237.5748579177744
2025-06-26,106960.0032689962,107430.7368441129,-470.73357511669747
2025-06-27,107088.43022883116,107142.14780190718,-53.717573076020926
2025-06-28,107327.7031808139,107237.60599128531,90.09718952859112
2025-06-29,108385.57008844725,107467.4760482551,918.0940401921398
2025-06-30,107135.33451056012,108483.19365745786,-1347.8591468977393
2025-07-01,105698.27814400056,107373.32853620838,-1675.0503922078206
2025-07-02,108859.32386823594,105922.89424872074,2936.4296195151983
2025-07-03,109647.97877390998,108801.54485790667,846.4339160033123
2025-07-04,108034.3390499008,109767.41078541683,-1733.0717355160305
2025-07-05,108231.18199019408,108309.08689498188,-77.90490478780703
2025-07-06,109232.06973455714,108378.30762191312,853.7621126440208
2025-07-07,108299.85108759298,109327.64016023242,-1027.7890726394398
2025-07-08,108950.27554318984,108513.96138874558,436.3141544442624
2025-07-09,111326.5512690552,109062.90932940548,2263.641939649722
2025-07-10,115987.20619684496,111352.75700132707,4634.449195517882
2025-07-11,117516.9936684245,115944.70125390962,1572.2924145148863
2025-07-12,117435.23005315111,117744.52126418013,-309.2912110290199
2025-07-13,119116.11754924672,117798.0519066219,1318.065642624817
2025-07-14,119849.70572031474,119388.26917610259,461.4365442121489
2025-07-15,117777.18899477556,120198.51093437435,-2421.321939598798
2025-07-16,118738.50603894402,118286.44904605485,452.05699288916367
2025-07-17,119289.8421917949,119041.44892447026,248.39326732464542
2025-07-18,118003.22449552668,119614.50540593255,-1611.2809104058688
2025-07-19,117939.9787390508,118430.4349540886,-490.4562150378042
2025-07-20,117300.78574028773,118270.78864227637,-970.0029019886424
2025-07-21,117439.53580042763,117644.9904840695,-205.45468364185945
2025-07-22,119995.41555183372,117720.95332254395,2274.4622292897693
2025-07-23,118754.95719433148,120143.5846402936,-1388.62744596212
2025-07-24,118368.00324917762,119147.56041404382,-779.5571648662008
2025-07-25,117635.88107593764,118696.10364551621,-1060.2225695785746
2025-07-26,117947.36624220364,117960.28612290164,-12.919880697998451
2025-07-27,119448.49032953964,118191.99795297848,1256.4923765611602
2025-07-28,117924.47295271514,119630.62131461572,-1706.1483619005885
2025-07-29,117922.14783690228,118286.6081099019,-364.4602729996259
2025-07-30,117831.1913846234,118174.30651153513,-343.11512691173994
2025-07-31,115758.20392879256,118073.47274437883,-2315.2688155862706
2025-08-01,113320.0859723028,116096.56347545734,-2776.4775031545432
2025-08-02,112526.91464251112,113630.76438527368,-1103.8497427625553
2025-08-03,114217.67296910426,112685.84283664591,1531.8301324583445
2025-08-04,115071.8843242656,114210.65873443073,861.2255898348667
2025-08-05,114141.4417283514,115134.34382244018,-992.9020940887713
2025-08-06,115027.99641336882,114321.37590681303,706.6205065557879
2025-08-07,117496.89739677613,115094.48398890137,2402.4134078747593
2025-08-08,116688.72541225972,117489.33528200546,-800.6098697457346
2025-08-09,116500.36205799448,116904.87451782722,-404.5124598327384
2025-08-10,119306.7614218206,116676.80291590949,2629.9585059111123
2025-08-11,118731.44703271524,119313.69636248815,-582.2493297729088
2025-08-12,120172.90705994038,118967.7213657778,1205.1856941625738
2025-08-13,123344.05980564863,120301.42074025795,3042.6390653906856
2025-08-14,118359.58057053133,123405.23182111731,-5045.651250585986
2025-08-15,117398.34798296848,118917.38855485733,-1519.0405718888505
2025-08-16,117491.34838952529,117654.38384524941,-163.03545572412258
2025-08-17,117453.06271004087,117640.46659454549,-187.40388450461614
2025-08-18,116252.31193585282,117599.1803540898,-1346.8684182369761
2025-08-19,112831.17599435216,116455.48852345998,-3624.3125291078177
2025-08-20,114274.74078424778,113127.33209806013,1147.4086861876567
2025-08-21,112419.0275001688,114234.00747447544,-1814.9799743066396
2025-08-22,116874.08747167834,112562.52809139426,4311.559380284089
2025-08-23,115374.33119301296,116649.16869223425,-1274.837499221292
2025-08-24,113458.43223556846,115543.33602472028,-2084.9037891518237
2025-08-25,110124.35092751397,113642.6549892613,-3518.3040617473307
2025-08-26,111802.655570345,110341.89372022005,1460.7618501249526
2025-08-27,111222.06071709516,111673.67355918417,-451.61284208901634
2025-08-28,112544.80198550066,111227.32721777738,1317.4747677232808
2025-08-29,108410.83814224058,112443.6142900407,-4032.7761478001194
2025-08-30,108808.07171289565,108629.81608518014,178.25562771550904
2025-08-31,108236.70989599932,108711.18366393138,-474.47376793206786
2025-09-01,109250.59479697637,108178.52570144378,1072.0690955325845
2025-09-02,111200.58721221588,109096.91101583338,2103.6761963824974
2025-09-03,111723.21332532945,111012.69480704075,710.5185182886926
2025-09-04,110723.60008051526,111655.08044023415,-931.4803597188875
2025-09-05,110650.98827940196,110759.0927136259,-108.10443422393291
2025-09-06,110224.6977364094,110620.99075944607,-396.2930230366619
2025-09-07,111167.61951830324,110207.26052873973,960.3589895635087
2025-09-08,112071.43108853843,111067.05852321142,1004.3725653270085
2025-09-09,111530.5499815784,111988.20218422038,-457.65220264198433
2025-09-10,113955.3589546047,111547.32497965063,2408.0339749540726
2025-09-11,115507.53752685408,113806.79948919242,1700.7380376616638
2025-09-12,116101.58089647564,115449.20171911943,652.3791773562116
2025-09-13,115950.50504922486,116136.28047474442,-185.7754255195614
2025-09-14,115407.65444742888,116043.78096351656,-636.1265160876792
2025-09-15,115444.87270833744,115520.24883480914,-75.37612647170317
2025-09-16,116843.1842506891,115512.58406262852,1330.6001880605763
2025-09-17,116468.50738952006,116833.25671308617,-364.7493235661095
2025-09-18,117137.20246008378,116578.07971492485,559.122745158922
2025-09-19,115688.8628180112,117188.53516862102,-1499.6723506098206
2025-09-20,115721.95820758064,115862.31685459749,-140.35864701685205
2025-09-21,115306.097161289,115788.6604882633,-482.5633269742975
2025-09-22,112748.5056232456,115387.35162735137,-2638.8460041057697
2025-09-23,112014.49967651637,112935.63693586123,-921.1372593448614
2025-09-24,113328.6304088566,112051.19220463191,1277.438204224687
2025-09-25,109049.28795700168,113225.44495804266,-4176.157001040978
2025-09-26,109712.831518274,109271.40095837726,441.4305598967476
2025-09-27,109681.9424831994,109593.78779948449,88.15468371490715
2025-09-28,112122.63915061476,109590.61203117658,2532.0271194381785
2025-09-29,114400.3864282159,111899.25203416237,2501.13439405353
2025-09-30,114056.08364749928,114232.65605349495,-176.57240599567012
2025-10-01,118648.92858787146,114086.35244391114,4562.576143960323
2025-10-02,120681.25972334214,118421.88337842941,2259.376344912729
2025-10-03,122266.53272819234,120679.34144754024,1587.1912806520995
2025-10-04,122425.42872954252,122351.54029326547,73.88843627704773
2025-10-05,123513.47371396708,122626.28847322668,887.185240740393
2025-10-06,124752.52835209736,123672.96539757804,1079.5629545193224
2025-10-07,121451.37907032672,124922.36450227333,-3470.9854319466103
2025-10-08,123354.87033539126,121886.25469232845,1468.6156430628034
2025-10-09,121705.5822667133,123449.19807281531,-1743.6158061020105
2025-10-10,113214.36599312934,122002.97277838307,-8788.606785253738
2025-10-11,110807.87931986216,113856.80410543039,-3048.9247855682333
2025-10-12,115169.76392469808,110951.63654305623,4218.127381641854
2025-10-13,115271.07513679352,114853.3664671308,417.7086696627084
2025-10-14,113118.66715980553,115250.468800381,-2131.801640575475
2025-10-15,110783.16685486272,113244.92360030426,-2461.7567454415403
2025-10-16,108186.03847532927,110882.34220135765,-2696.3037260283745
2025-10-17,106467.78522769098,108247.36383183436,-1779.5786041433748
2025-10-18,107198.26685138312,106423.41172968993,774.855121693181
2025-10-19,108666.71152632662,106975.43116872423,1691.280357602387
2025-10-20,110588.93015945522,108408.26917926484,2180.6609801903833
2025-10-21,108476.88697879824,110337.95550018018,-1861.068521381938
2025-10-22,107688.58812261626,108492.88850655861,-804.3003839423473
2025-10-23,110069.72291805924,107607.47338734387,2462.249530715373
2025-10-24,111033.923080974,109791.62668370354,1242.2963972704601
2025-10-25,111641.73000798358,110873.32756281298,768.4024451706064
2025-10-26,114472.443362309,111532.32701471198,2940.1163475970243
2025-10-27,114119.32479048047,114261.24258814869,-141.91779766821128
2025-10-28,112956.1663764569,114137.47814625772,-1181.3117698008282
2025-10-29,110055.30286229074,113026.90919020142,-2971.6063279106747
2025-10-30,108305.54876178248,110122.9404300407,-1817.3916682582203
2025-10-31,109556.16087014778,108274.57579774762,1281.5850724001648
2025-11-01,110064.0174011764,109390.68178098545,673.3356201909482
2025-11-02,110639.62631101506,109944.08744683344,695.5388641816244
2025-11-03,106547.51960408686,110532.9450047812,-3985.4254006943374
2025-11-04,101590.52231689313,106599.2682696012,-5008.745952708079
2025-11-05,103891.83548171548,101593.44737788229,2298.3881038331892
2025-11-06,101301.29047559638,103560.96226060463,-2259.6717850082496
2025-11-07,103372.40671821768,101161.6627992451,2210.7439189725847
2025-11-08,102282.11404970972,103044.98620605763,-762.8721563479048
2025-11-09,104719.6388959132,102093.4178500867,2626.2210458265035
2025-11-10,105996.59709213124,104364.41784274623,1632.179249385008
2025-11-11,102997.47104313906,105773.18173913273,-2775.710695993679
2025-11-12,101663.18673793318,103010.60443758577,-1347.417699652593
2025-11-13,99697.49064364484,101503.75682938175,-1806.2661857369094
2025-11-14,94397.78783274571,99528.56382780366,-5130.775995057949
2025-11-15,95549.14593724244,94303.99946374628,1245.1464734961628
2025-11-16,94177.07448088586,95147.20707739398,-970.1325965081196
2025-11-17,92093.87420869817,93872.10907576002,-1778.2348670618521
2025-11-18,92948.87239203356,91797.98288075792,1150.8895112756436
2025-11-19,91465.9890743479,92522.45569564299,-1056.4666212950833
2025-11-20,86631.89856890481,91135.1423390668,-4503.243770161993
2025-11-21,85090.68611401643,86401.74843571484,-1311.0623216984095
2025-11-22,84648.35672859022,84672.65977184163,-24.303043251406052
2025-11-23,86805.00807555199,84164.25350657756,2640.7545689744293
2025-11-24,88270.56197381225,86230.62294517775,2039.9390286345006
2025-11-25,87341.8937506326,87765.86142577573,-423.96767514312523
2025-11-26,90518.36958272244,86958.40945144693,3559.9601312755112
2025-11-27,91285.3723441706,89964.89103884266,1320.4813053279358
2025-11-28,90919.26943415534,90906.27464887602,12.994785279326607
2025-11-29,90851.75406527554,90606.85420763792,244.89985763761797
2025-11-30,90394.30894781704,90531.91049259911,-137.60154478206823
2025-12-01,86321.56994630139,90091.60067339617,-3770.0307270947815
2025-12-02,91350.20542595384,86138.21607050196,5211.9893554518785
2025-12-03,93527.80380024506,90802.03986311951,2725.76393712555
2025-12-04,92141.62228747756,93164.50927513688,-1022.8869876593235
2025-12-05,89387.75440990008,91952.52451992738,-2564.770110027297
2025-12-06,89272.37384596534,89228.34782874113,44.02601722421241
2025-12-07,90405.63851087492,88977.6487440642,1427.9897668107296
2025-12-08,90640.20558110252,90066.96504973182,573.2405313706986
2025-12-09,92691.70747023897,90357.19643176266,2334.51103847631
2025-12-10,92020.94573500572,92364.42652846046,-343.4807934547425
2025-12-11,92511.33916341137,91825.6031359657,685.7360274456587
2025-12-12,90270.41280218972,92275.89154660825,-2005.478744418535
2025-12-13,90298.71011722588,90134.19526750938,164.51484971650643
2025-12-14,88175.17740990703,90052.23483218499,-1877.0574222779542
2025-12-15,86419.78052359246,87997.61602615146,-1577.835502558999
2025-12-16,87843.98630649646,86195.83884398628,1648.1474625101837
2025-12-17,86143.75766353737,87470.65277261737,-1326.8951090799965
2025-12-18,85462.50638053521,85913.55329360989,-451.04691307467874
2025-12-19,88103.3806268365,85177.12639387403,2926.2542329624703
2025-12-20,88343.9985724906,87700.29012829835,643.7084441922489
2025-12-21,88621.75041510115,88072.42064657572,549.3297685254365
2025-12-22,88490.01920050828,88365.73920956119,124.2799909470923
2025-12-23,87414.00058157048,88258.16508195977,-844.1645003892918
2025-12-24,87611.96148879152,87215.17962416375,396.78186462777376
2025-12-25,87234.73832648946,87356.00334437564,-121.26501788618043
2025-12-26,87301.43224029081,87002.87187385734,298.5603664334776
2025-12-27,87802.15521238666,87053.2385290909,748.9166832957562
2025-12-28,87835.83351148131,87545.21741652963,290.61609495167795
2025-12-29,87138.14323922966,87608.15695590388,-470.01371667422063
2025-12-30,88430.13611966866,86940.02214506156,1490.1139746070985
2025-12-31,87508.82507954576,88160.01361113977,-651.1885315940162
2026-01-01,88731.98665684077,87336.3565155179,1395.6301413228794
2026-01-02,89944.69385915893,88481.2103429515,1463.4835162074305
2026-01-03,90603.18914080271,89720.56413159778,882.6250092049304
2026-01-04,91413.4925215554,90427.35508157192,986.1374399834749
2026-01-05,93882.553031637,91252.66395269183,2629.889078945169
2026-01-06,93729.0297195824,93693.34560522407,35.68411435832968
2026-01-07,91308.05471910894,93674.91714022645,-2366.8624211175047
2026-01-08,91027.12672681989,91327.15039263704,-300.02366581714887
2026-01-09,90513.09815121775,90935.3100206023,-422.2118693845405
2026-01-10,90386.65112414268,90413.49935255946,-26.848228416783968
2026-01-11,90827.45983339568,90265.24951604329,562.2103173523938
2026-01-12,91192.98949135577,90686.60550515218,506.383986203582
2026-01-13,95321.77950504515,91065.13140247387,4256.648102571286
2026-01-14,96929.33087830324,95093.63175727671,1835.699121026526
2026-01-15,95551.18985531712,96868.6525081628,-1317.4626528456865
2026-01-16,95525.11884117454,95624.09885209128,-98.98001091674087
2026-01-17,95099.92254408402,95531.3762968072,-431.45375272317324
2026-01-18,93634.43195160896,95112.87802029209,-1478.4460686831299
2026-01-19,92553.59713664628,93668.19850417502,-1114.6013675287395
2026-01-20,88310.90389549712,92543.01040918172,-4232.106513684601
2026-01-21,89376.95832950319,88373.06120105849,1003.8971284447034
2026-01-22,89462.44931314791,89186.72799034636,275.7213228015462
2026-01-23,89503.8785126393,89315.23554991154,188.64296272776846
2026-01-24,89110.73765766309,89364.40980343599,-253.67214577289997
2026-01-25,86572.21534027335,88991.14294608688,-2418.927605813529
2026-01-26,88267.13675796885,86511.62054521363,1755.5162127552176
2026-01-27,89102.56849659163,88025.39970370778,1077.168792883851
2026-01-28,89184.57044363786,88918.36305017526,266.20739346259506
2026-01-29,84561.58485914288,89047.50164022992,-4485.916781087042
2026-01-30,84128.65876171994,84580.3194952449,-451.6607335249573
2026-01-31,78621.11402755417,83927.47210137344,-5306.358073819269
2026-02-01,76974.4429081583,78572.56086297483,-1598.1179548165383
2026-02-02,78688.76433803354,76703.38919489109,1985.3751431424462
2026-02-03,75633.54991975304,78268.79228891125,-2635.242369158208
2026-02-04,73019.6998019014,75406.5905049973,-2386.8907030958944
2026-02-05,62702.09771246917,72738.53124099875,-10036.433528529582
2026-02-06,70555.387263718,62673.89934509476,7881.487918623243
2026-02-07,69281.97234466192,69566.11807580205,-284.14573114013183
2026-02-08,70264.72471946538,68887.99644396537,1376.728275500005
2026-02-09,70120.78098938552,69768.92876872548,351.8522206600319
2026-02-10,68793.95990441568,69709.29253441909,-915.3326300034096
2026-02-11,66991.97090672859,68464.27496271205,-1472.3040559834626
2026-02-12,66221.84484185326,66682.0560263172,-460.2111844639294
2026-02-13,68857.84251386527,65829.39740501874,3028.4451088465285
2026-02-14,69767.62342592316,68253.02258390248,1514.600842020678
2026-02-15,68788.1898191779,69303.9543642757,-515.7645450978016
2026-02-16,68843.15353357999,68469.99487935969,373.1586542203004
2026-02-17,67494.21525060102,68472.76964047136,-978.5543898703472
2026-02-18,66425.32363552848,67201.71171748084,-776.388081952362
2026-02-19,66957.52386140164,66106.08423614573,851.439625255909
2026-02-20,68005.42064179093,66530.13512919206,1475.2855125988717
2026-02-21,68003.7645025963,67556.7231445601,447.04135803619283
2026-02-22,67659.39143030053,67641.0240493081,18.367380992436665
2026-02-23,64616.73639746904,67329.77987219415,-2713.043474725113
2026-02-24,64080.04180359821,64449.688415197226,-369.6466115990188
2026-02-25,67960.12324189473,63730.46532754675,4229.657914347983
2026-02-26,67453.77004016005,67337.48940659272,116.2806335673231
2026-02-27,65881.79512540475,67144.66363466874,-1262.8685092639935
2026-02-28,66995.86132443201,65655.49327513768,1340.3680492943386
2026-03-01,65738.0982073395,66596.42147163104,-858.3232642915391
2026-03-02,68775.84773735623,65490.34091032867,3285.506827027566
2026-03-03,68293.64915366769,68274.71043541245,18.938718255245476
2026-03-04,72710.58067790847,68039.88435794931,4670.6963199591555
2026-03-05,70841.12807007451,72195.95707115778,-1354.8290010832716
2026-03-06,68136.49227911503,70755.82117735012,-2619.328898235093
2026-03-07,67272.59729429509,68097.86493566901,-825.2676413739246
2026-03-08,65969.78080155294,67082.83016315164,-1113.0493615986925
2026-03-09,68402.3866936191,65781.67431042068,2620.712383198421
2026-03-10,69926.91815698774,67980.4902634255,1946.4278935622424
2026-03-11,70204.88413617083,69593.04030122622,611.8438349446078
2026-03-12,70493.45858127218,69983.29470597148,510.16387530069915
2026-03-13,70968.2676726541,70291.18414362412,677.0835290299729
2026-03-14,71214.62820852925,70763.60342957434,451.024778954903
2026-03-15,72789.91726741185,71035.46956215889,1754.4477052529546
2026-03-16,74861.08367372249,72546.90585600275,2314.177817719741
2026-03-17,73922.47401067735,74623.16574578903,-700.6917351116717
2026-03-18,71245.5785428252,73897.35897528513,-2651.7804324599274
2026-03-19,69912.78777685696,71314.28457193112,-1401.4967950741557
2026-03-20,70522.5839539436,69858.66873641686,663.9152175267373
2026-03-21,68711.52717356126,70324.56793510057,-1613.040761539305
2026-03-22,67845.21397986622,68654.0268912583,-808.8129113920731
2026-03-23,70914.86299152786,67710.85824823481,3204.004743293044
2026-03-24,70517.85954822176,70540.10684628859,-22.24729806682444
2026-03-25,71309.88023249837,70386.08242443472,923.7978080636531
2026-03-26,68791.62251021616,71124.36920107879,-2332.7466908626375
2026-03-27,66338.3712323883,68806.23077456618,-2467.859542177888
2026-03-28,66319.69745111128,66316.12232182478,3.575129286502488
2026-03-29,65954.91925741613,66110.02184147523,-155.1025840591028
2026-03-30,66691.4425240951,65753.91494080506,937.527583290037
2026-03-31,68233.31556119065,66425.12204933536,1808.1935118552938
2026-04-01,68078.55315891042,67935.84408445389,142.70907445653575
2026-04-02,66888.5721018824,67909.26310510682,-1020.6910032244195
2026-04-03,66931.099247444,66787.03372051117,144.0655269328272
2026-04-04,67290.51814887005,66743.59429713931,546.9238517307385
2026-04-05,68981.90079218811,67082.54033648348,1899.3604557046347
2026-04-06,68859.82639500768,68757.82319087577,102.00320413190639
2026-04-07,71940.7012947185,68729.99836889678,3210.7029258217226
2026-04-08,71123.3584710525,71718.75329156671,-595.3948205142078
2026-04-09,71767.82512780256,71089.9632595753,677.8618682272499
2026-04-10,72979.05032706735,71657.59230978251,1321.4580172848364
2026-04-11,73054.2696888107,72885.04259250993,169.22709630077588
2026-04-12,70753.40833408691,73022.13054975856,-2268.7222156716452
2026-04-13,74484.63775041384,70848.39811681256,3636.2396336012753
2026-04-14,74181.61165100952,74211.4727390164,-29.861088006888167
2026-04-15,74805.07543648196,74184.39421569018,620.6812207917828
2026-04-16,75152.12937634182,74771.2755897668,380.8537865750259
2026-04-17,77126.87855986014,75143.95334852567,1982.92521133447
2026-04-18,75726.20755616415,77041.00916718827,-1314.8016110241151
2026-04-19,73856.35478817236,75860.13293323142,-2003.7781450590555
2026-04-20,75872.52478412843,73998.41215808857,1874.1126260398596
2026-04-21,76352.77694271023,75761.43801852348,591.3389241867553
2026-04-22,78203.09985676418,76351.04102190502,1852.0588348591555
2026-04-23,78268.95410801632,78147.01962151125,121.93448650506616
2026-04-24,77455.31561794388,78345.86091885502,-890.545300911137
2026-04-25,77612.01787472462,77582.95900471538,29.058870009248494
2026-04-26,78657.5394229309,77675.42250707187,982.1169158590346
2026-04-27,77366.62342550905,78669.88486456985,-1303.2614390607923
2026-04-28,76350.67385656755,77522.13341712151,-1171.4595605539653
2026-04-29,75776.13655438689,76469.62637512307,-693.4898207361839
2026-04-30,76304.31879680282,75842.93582079525,461.38297600757505
2026-05-01,78179.00372062408,76292.95833837384,1886.045382250246
2026-05-02,78657.24856610392,78103.3853903175,553.8631757864205
2026-05-03,78538.22338525036,78691.85640759424,-153.6330223438854
2026-05-04,79827.90609480675,78622.347885838,1205.5582089687523
2026-05-05,80927.05164940716,79835.8526758886,1091.1989735185634
2026-05-06,81427.53296903499,80968.10644946499,459.4265195699991
2026-05-07,80009.99377551692,81526.44034470798,-1516.446569191059
2026-05-08,80186.76228443993,80223.36527635244,-36.60299191251397
2026-05-09,80664.36769147658,80286.6161285427,377.75156293388864
2026-05-10,82138.93139455045,80740.7968945181,1398.134500032349
2026-05-11,81728.30033269321,82169.83610536612,-441.5357726729126
2026-05-12,80477.49603969125,81887.72538756828,-1410.2293478770298
2026-05-13,79277.11435904496,80677.6421501974,-1400.5277911524317
2026-05-14,81051.25048674886,79444.53353162292,1606.716955125943
2026-05-15,79065.6831951815,81026.77907247798,-1961.0958772964805
2026-05-16,78131.43410962251,79266.93058659404,-1135.4964769715298
2026-05-17,77429.35519853412,78244.46654279392,-815.1113442597998
2026-05-18,76954.17551219983,77499.57593172097,-545.4004195211455
2026-05-19,76750.90401037443,76991.34122079967,-240.43721042523975
2026-05-20,77457.7734947166,76758.93582896388,698.837665752726
2026-05-21,77539.16918693176,77412.00689584912,127.16229108264088
2026-05-22,75488.24251898863,77535.36323803214,-2047.1207190435089
2026-05-23,76673.36511200857,75605.00314743281,1068.3619645757572
2026-05-24,76981.12726529702,76576.32720500058,404.80006029644574
2026-05-25,77279.92611112288,76942.14064967362,337.78546144926804
2026-05-26,75825.7348078344,77252.42709574633,-1426.6922879119375
2026-05-27,74344.70121337207,75900.60849936362,-1555.9072859915468
2026-05-28,73536.55825078522,74396.06667903854,-859.5084282533207
2026-05-29,73372.52701970768,73516.65259990445,-144.12558019677817
2026-05-30,73754.83868090664,73294.66627168978,460.1724092168588
2026-05-31,73579.68785248669,73639.89012104025,-60.202268553563044
2026-06-01,71319.77113041593,73502.02737791787,-2182.2562475019367
2026-06-02,66703.6600051648,71358.16756931292,-4654.5075641481235
2026-06-03,64014.36706677971,66722.17245203801,-2707.805385258296
2026-06-04,63801.57423484784,63882.96501761687,-81.39078276903456
2026-06-05,60922.666333508816,63531.70945998993,-2609.0431264811123
2026-06-06,60867.41430919016,60737.916884040584,129.49742514957325
2026-06-07,63239.51960014498,60542.65564561778,2696.8639545272017
2026-06-08,63090.59017041845,62831.983181190386,258.6069892280648
2026-06-09,61643.78042523286,62814.963036682304,-1171.182611449447
2026-06-10,61449.288433366,61420.94880614687,28.33962721912394
2026-06-11,63561.05340220524,61164.54376286041,2396.5096393448257
2026-06-12,63543.19830571025,63199.08837753239,344.1099281778588
2026-06-13,64421.32531378413,63294.604877927486,1126.720435856645
2026-06-14,65710.39994119978,64153.845903050875,1556.5540381489045
2026-06-15,66289.49709817079,65451.53792452099,837.9591736497969
2026-06-16,65600.64307031105,66084.6454309748,-484.00236066374055
2026-06-17,64418.4461112965,65454.18406276595,-1035.7379514694476
2026-06-18,62896.473140210524,64279.42407626329,-1382.9509360527663
2026-06-19,63540.83551190768,62748.04374294682,792.7917689608585
2026-06-20,64239.67608125665,63294.279469926834,945.3966113298156
2026-06-21,63237.53800397451,64003.65456881179,-766.1165648372844
2026-06-22,63952.10718838148,63075.012425819164,877.0947625623157
2026-06-23,62668.02127182165,63721.04715622397,-1053.0258844023192
2026-06-24,60995.1331465521,62516.25873229707,-1521.1255857449723
2026-06-25,59721.67718353604,60838.157824983915,-1116.4806414478735
2026-06-26,60016.42812551923,59522.40792087739,494.0202046418417
2026-06-27,59940.095723129656,59742.47399697725,197.62172615240706
2026-06-28,59532.34134872448,59685.18799716803,-152.84664844354847
2026-06-29,60138.37728117144,59292.63601590376,845.7412652676794
2026-06-30,58558.85849470885,59862.692347033844,-1303.8338523249913
2026-07-01,60003.75670005626,58370.54567525699,1633.211024799275
2026-07-02,61485.2991940841,59693.75166628359,1791.5475278005106
2026-07-03,62544.200871125904,61202.36538100075,1341.8354901251514
2026-07-04,63088.306166519855,62311.48115822796,776.8250082918967
2026-07-05,63547.88421082061,62900.3842479152,647.4999629054073
2026-07-06,63995.01590457115,63379.457009669895,615.5588949012526
2026-07-07,63297.396315570295,63840.41594930023,-543.0196337299349
2026-07-08,62257.57570481748,63191.09117164888,-933.515466831399
2026-07-09,63193.14767541663,62151.7465090067,1041.4011664099307
2026-07-10,64127.14200564058,63005.35953803948,1121.7824676010932
2026-07-11,63802.02662627144,63958.14893029561,-156.12230402416753
2026-07-12,63758.21852318039,63695.51979868942,62.69872449096874
2026-07-13,62239.12272912624,63640.81272819208,-1401.6899990658421
2026-07-14,64956.11422615808,62168.29067741041,2787.8235487476704
2026-07-15,64712.376491365714,64726.25755410952,-13.881062743806979
2026-07-16,63789.27945534556,64627.3775949879,-838.0981396423376
2026-07-17,63899.45899791906,63728.5378036442,170.92119427485886
2026-07-18,64796.60308902005,63788.92296169511,1007.6801273249366
2026-07-19,64690.80495914814,64663.38903085658,27.415928291557066
2026-07-20,65230.02619403271,64608.39366069229,621.6325333404238
2026-07-21,66505.12243620168,65129.31198826032,1375.8104479413596
2026-07-22,66100.79952459608,66394.78708078369,-293.9875561876106
2026-07-23,65044.81420944089,66070.0708218625,-1025.2566124216028
2026-07-24,64098.49783446598,65028.92991010282,-930.4320756368397
2026-07-25,64311.811411853945,64056.78109644554,255.0303154084031
2026-07-26,65340.30111696009,64211.152897091786,1129.1482198683007
2026-07-27,63724.8976757818,65219.75910216477,-1494.8614263829659
2026-07-28,63871.36366108165,63708.11723498087,163.24642610077717
2026-07-29,63908.16797586797,63770.7970074082,137.37096845977067
2026-07-30,64725.30694754697,63811.037117833905,914.2698297130628
2026-07-31,62813.74727922484,64606.7075326631,-1792.9602534382648
2026-08-01,62763.320664606166,62797.39719601126,-34.07653140509501
2026-08-02,63481.99891620785,62653.74655667553,828.2523595323219
2026-08-03,63460.898508760445,63344.379474671805,116.51903408864018
2026-08-04,64055.95346396064,63362.01804688453,693.9354170761144
2026-08-05,64597.4991894323,63941.13229460539,656.3668948269114
2026-08-06,64262.11315986208,64498.09003556155,-235.97687569947448
2026-08-07,64880.18992794641,64203.18187478346,677.0080531629501
2026-08-08,64904.68659784082,64787.64425345116,117.04234438965796
2026-08-09,64844.88526056732,64842.99522129329,1.8900392740251846
2026-08-10,63910.586753885575,64788.329025955405,-877.7422720698305
2026-08-11,63551.87333774477,63879.94135409482,-328.06801635005104
2026-08-12,63402.43362537117,63484.61930688737,-82.18568151619547
2026-08-13,63402.17125005826,63319.72271876594,82.4485312923207
2026-08-14,62975.59383765358,63311.7860955129,-336.1922578593221
2026-08-15,63024.31944618373,62898.967252280185,125.35219390354177
2026-08-16,62818.651078477385,62925.46762833324,-106.81654985585192
2026-08-17,64506.25528743356,62728.761687038335,1777.4936003952243
2026-08-18,64680.712326016976,64356.308808632464,324.40351738451136
2026-08-19,69266.18565852672,64612.75736274664,4653.428295780082
2026-08-20,73032.76119017735,69081.19305891976,3951.5681312575907
2026-08-21,78335.18447127173,72981.34228244709,5353.842188824638
2026-08-22,77083.41369629378,78350.9856626631,-1267.5719663693162
2026-08-23,77755.26185892553,77411.85337840204,343.40848052348883
2026-08-24,78964.48188718018,78008.86381725145,955.6180699287361
2026-08-25,78564.9770338259,79211.55576170236,-646.5787278764619
2026-08-26,79027.42375214693,78879.10425293146,148.31949921547493
2026-08-27,80257.54237127447,79304.30125017224,953.2411211022263
2026-08-28,77830.2884161716,80517.95554981432,-2687.66713364271
2026-08-29,78245.81183339408,78211.94695342121,33.86487997286895
2026-08-30,77667.57335298105,78486.50663661616,-818.9332836351095
2026-08-31,78548.63425232602,77935.54946207571,613.0847902503156
2026-09-01,77403.62419920585,78753.82007590792,-1350.1958767020697
2026-09-02,77300.47890614565,77677.2564364285,-376.77753028285224
2026-09-03,81271.74521290051,77513.69397115792,3758.0512417425925
2026-09-04,79671.96685975797,81367.28677236404,-1695.3199126060645
2026-09-05,79823.86734808386,80008.56711939859,-184.69977131472842
2026-09-06,80350.04312037546,80077.04647027847,272.99665009698947
2026-09-07,79115.84836277652,80586.39536960016,-1470.5470068236318
2026-09-08,78438.58091615305,79405.95059441352,-967.3696782604675
2026-09-09,78259.51966638006,78678.08288937401,-418.56322299395106
2026-09-10,76568.1241336471,78459.69093442122,-1891.5668007741187
2026-09-11,77173.79310139746,76798.60267496991,375.19042642755085
