n_components,mae_cv_mean,mae_cv_std,rmse_cv_mean,rmse_cv_std,r2_cv_mean
9,1982.2937062174285,1412.9053191110484,2564.303205087558,1801.2759303331563,0.848098961181275
10,2001.335785016002,1571.544331950143,2572.210319251421,1976.9767422333907,0.8499422744968784
11,2043.4115934410936,1670.7268544690558,2616.7883304945185,2082.279677720866,0.8443604160848668
5,2073.2810661084427,1480.0518635531296,2735.2491391726,1914.269039726253,0.8978607568259285
6,2078.979612969397,1437.7071480149675,2717.3317679899747,1859.6105687467602,0.8843923830911858
7,2097.9190124134034,1334.2271460085533,2708.309853700672,1743.9688769909692,0.8512480514341071
8,2111.8234330380574,1305.0822150649572,2700.0852490233497,1697.2541783069862,0.8326179155899048
12,2153.627488235316,1861.9228370457085,2749.289404006487,2288.661491096054,0.8192455031396471
13,2203.632931452838,1874.4283194724019,2803.2134690771277,2297.6839305639746,0.7844800576596705
4,2293.424733302221,1590.3984495522384,2956.268049130302,2008.0250096971586,0.871946545020467
14,2320.591894018315,2093.0361865473774,2937.4396595343082,2538.376480523468,0.7571141262830399
15,2422.1838225170686,2230.75389341315,3053.364223901655,2689.186921078659,0.7194214052448349
17,2483.2727024284454,2363.02635427342,3130.410318876793,2829.378088968556,0.6706915387721428
16,2499.6019437547307,2316.2272841291565,3141.915509813389,2781.478072314076,0.667122354160311
18,2542.9722869193233,2490.0700517776677,3200.9510029617027,2980.882514238459,0.6714186896642359
3,2547.9816259566715,1862.251484518791,3256.6852858491206,2329.0696684678437,0.7880622249801956
19,2573.0545869789585,2531.8840592490005,3238.0008292274965,3029.1081601148353,0.6581012840471863
20,2623.1262960232802,2634.2146922779275,3304.1729279028814,3149.438534337506,0.6313394149111499
21,2678.8617657406953,2732.331166026581,3367.4182681573293,3266.622403881309,0.625902708423922
22,2736.018152561416,2867.726082373866,3437.841774780328,3421.2429953966757,0.6117569289359717
23,2796.1534271627675,3000.057881456957,3505.8551032699456,3576.6317882974945,0.5952649311721765
24,2907.6371943288523,3143.103459937068,3630.8159119803086,3749.436985654325,0.5594297494797015
2,2938.81479904548,1842.3331926665426,3801.9460880546953,2244.3894402862024,0.6423839942755109
25,3022.564372105494,3286.025764757155,3758.045477571016,3922.8514156441775,0.5002995754578892
1,4224.367803835939,2346.430713338481,5219.153598320368,2793.7132789182515,0.5762912196965654
