variavel,disponivel_antecipadamente,uso,risco
Date Time / calendário,Sim,"Hora, dia da semana e dia do ano; encoding cíclico do instante futuro",Não se aplica: calendário é conhecido
T (degC),Parcialmente,Valor atual e lags observados até a origem; nunca o alvo futuro,T+1 é desconhecido e permanece como alvo
p (mbar),Não,Lags nas features tabulares e exógena deslocada no SARIMAX,Valor observado futuro causaria vazamento
Tpot (K),Não,Lags nas features tabulares; não entra no SARIMAX compacto,Valor observado futuro causaria vazamento
Tdew (degC),Não,Lags nas features tabulares; não entra no SARIMAX compacto,Valor observado futuro causaria vazamento
rh (%),Não,Lags nas features tabulares e exógena deslocada no SARIMAX,Valor observado futuro causaria vazamento
VPmax (mbar),Não,Lags nas features tabulares,Valor observado futuro causaria vazamento
VPact (mbar),Não,Lags nas features tabulares,Valor observado futuro causaria vazamento
VPdef (mbar),Não,Lags nas features tabulares,Valor observado futuro causaria vazamento
sh (g/kg),Não,Lags nas features tabulares,Valor observado futuro causaria vazamento
H2OC (mmol/mol),Não,Lags nas features tabulares,Valor observado futuro causaria vazamento
rho (g/m**3),Não,Lags nas features tabulares,Valor observado futuro causaria vazamento
wv (m/s),Não,Lags nas features tabulares e exógena deslocada no SARIMAX,Valor observado futuro causaria vazamento
max. wv (m/s),Não,Lags nas features tabulares,Valor observado futuro causaria vazamento
wd (deg),Não,Seno/cosseno dos lags nas features tabulares; seno/cosseno deslocados no SARIMAX,Valor observado futuro causaria vazamento
