inicio_mes,tendencia_media,variacao_vs_mes_anterior
2009-01-01,-3.259805123004633,
2009-02-01,0.21936914289912693,3.4791742659037603
2009-03-01,4.174068158680017,3.9546990157808897
2009-04-01,12.5028140024798,8.328745843799783
2009-05-01,13.309595029720047,0.8067810272402465
2009-06-01,14.278364829176997,0.9687697994569504
2009-07-01,17.904114591636954,3.6257497624599573
2009-08-01,19.100247917318182,1.1961333256812274
2009-09-01,14.24155910950236,-4.858688807815822
2009-10-01,7.455031373967129,-6.7865277355352305
2009-11-01,7.3067248136424725,-0.14830656032465672
2009-12-01,-0.4524275337406998,-7.759152347383172
2010-01-01,-4.422183815438101,-3.969756281697401
2010-02-01,-0.8296444479408184,3.5925393674972823
2010-03-01,3.920641464868982,4.7502859128098
2010-04-01,8.531149026289969,4.610507561420986
2010-05-01,10.394619492107,1.8634704658170307
2010-06-01,16.908738776157637,6.514119284050638
2010-07-01,20.77439723428478,3.865658458127143
2010-08-01,16.36960315235851,-4.404794081926269
2010-09-01,12.06575756819769,-4.303845584160822
2010-10-01,7.436631420387174,-4.629126147810515
2010-11-01,3.9985952182098554,-3.4380362021773188
2010-12-01,-5.18652397820902,-9.185119196418874
2011-01-01,0.7645113655114858,5.9510353437205055
2011-02-01,-0.3145196337657069,-1.0790309992771927
2011-03-01,4.4410333818404855,4.755553015606193
2011-04-01,11.143294067378609,6.702260685538123
2011-05-01,13.361231180693435,2.217937113314827
2011-06-01,16.73317602552201,3.3719448448285743
2011-07-01,16.234607582669483,-0.49856844285252677
2011-08-01,17.49721951380291,1.2626119311334278
2011-09-01,15.120201121759028,-2.377018392043883
2011-10-01,9.020399302137614,-6.099801819621414
2011-11-01,3.4445572167938123,-5.575842085343801
2011-12-01,3.645273427330163,0.20071621053635047
2012-01-01,1.2377614166307085,-2.4075120106994543
2012-02-01,-3.2019307941453925,-4.439692210776101
2012-03-01,8.06984252226938,11.271773316414771
2012-04-01,8.758459826653631,0.6886173043842518
2012-05-01,15.078016878259445,6.319557051605814
2012-06-01,16.47225598228864,1.3942391040291948
2012-07-01,18.690901054174397,2.2186450718857564
2012-08-01,19.803356518475436,1.1124554643010391
2012-09-01,14.53099248602412,-5.272364032451316
2012-10-01,8.430575275396581,-6.100417210627539
2012-11-01,5.4300899480191545,-3.000485327377427
2012-12-01,1.814029941842805,-3.6160600061763493
2013-01-01,0.004882317231374851,-1.8091476246114302
2013-02-01,-0.5717771794307264,-0.5766594966621013
2013-03-01,-0.8063024529278521,-0.2345252734971257
2013-04-01,8.605376446002264,9.411678898930116
2013-05-01,12.191430876807406,3.5860544308051416
2013-06-01,16.31904740977491,4.1276165329675045
2013-07-01,20.54968556405914,4.230638154284229
2013-08-01,18.457961349221982,-2.091724214837157
2013-09-01,14.126097402258976,-4.331863946963006
2013-10-01,11.603888229201129,-2.5222091730578473
2013-11-01,4.732658932484133,-6.8712292967169954
2013-12-01,3.9332566038834265,-0.7994023286007068
2014-01-01,2.4493417527748966,-1.4839148511085298
2014-02-01,5.157152151595245,2.707810398820348
2014-03-01,7.318934527300185,2.1617823757049406
2014-04-01,11.616433682761569,4.2974991554613835
2014-05-01,13.215595943995178,1.5991622612336087
2014-06-01,16.719700167321133,3.504104223325955
2014-07-01,20.359961843656116,3.6402616763349833
2014-08-01,16.672010825117308,-3.687951018538808
2014-09-01,15.553444833519224,-1.118565991598084
2014-10-01,12.27150673581942,-3.281938097699804
2014-11-01,5.995159591630555,-6.276347144188865
2014-12-01,2.5648315131667765,-3.430328078463779
2015-01-01,2.409932803585955,-0.15489870958082141
2015-02-01,1.0991624261604644,-1.3107703774254906
2015-03-01,5.0257548927314435,3.926592466570979
2015-04-01,9.189769474042325,4.164014581310882
2015-05-01,13.471661425357114,4.281891951314789
2015-06-01,16.476647804095855,3.0049863787387405
2015-07-01,20.154856625966914,3.67820882187106
2015-08-01,21.31714612989292,1.1622895039260044
2015-09-01,13.638718790957425,-7.678427338935494
2015-10-01,8.370165694181567,-5.268553096775857
2015-11-01,7.939358896979291,-0.4308067972022762
2015-12-01,6.948766560098723,-0.9905923368805682
2016-01-01,1.6382044274423384,-5.3105621326563845
2016-02-01,3.7208176319194943,2.082613204477156
2016-03-01,3.9556314293630406,0.23481379744354625
2016-04-01,8.221040164102394,4.265408734739354
2016-05-01,14.340833690287557,6.119793526185163
2016-06-01,17.993925799787732,3.653092109500175
2016-07-01,19.953745154953655,1.9598193551659229
2016-08-01,18.826053475116098,-1.1276916798375574
2016-09-01,17.709662960904364,-1.1163905142117336
2016-10-01,8.7794401017054,-8.930222859198963
2016-11-01,3.864059842624667,-4.915380259080734
2016-12-01,2.0604063691161048,-1.8036534735085623
2017-01-01,-3.2975594551031495,-5.357965824219255
