config_id,period,seasonal,trend,low_pass,seasonal_deg,trend_deg,low_pass_deg,robust,seasonal_jump,trend_jump,low_pass_jump,seasonal_strength,trend_strength,residual_std,elapsed_seconds,is_primary
0,24,7,169,25,1,1,1,False,1,1,1,0.15413207919637795,0.5205137622578622,54.27077388529196,0.5603760840022005,False
1,24,7,169,25,1,1,1,True,1,1,1,0.0,0.3067845172891558,68.22252287403296,3.6268358750385232,False
2,24,13,169,25,1,1,1,False,1,1,1,0.08711069543251204,0.5072707966760854,56.20749872857628,0.5866068750037812,False
3,24,13,169,25,1,1,1,True,1,1,1,0.013049869243193735,0.28685557583345356,68.87567752289743,3.690387499984354,True
4,24,25,169,25,1,1,1,False,1,1,1,0.058204440019063,0.4997491237943138,57.09373146637418,0.5970886669820175,False
5,24,25,169,25,1,1,1,True,1,1,1,0.019198069342035606,0.2727981786277619,69.39847778726407,3.854390416003298,False
6,24,13,169,25,0,1,1,True,1,1,1,0.018850481525097496,0.27940381791032565,69.08473309399128,3.626540166034829,False
7,24,13,169,25,1,1,1,True,1,1,1,0.013049869243193735,0.28685557583345356,68.87567752289743,3.632692417013459,True
8,24,13,169,25,1,0,1,True,1,1,1,0.013247127594518071,0.2782060343673046,69.2841791729002,3.4671538750408217,False
9,24,13,169,25,1,1,1,True,1,1,1,0.013049869243193735,0.28685557583345356,68.87567752289743,3.668781584012322,True
10,24,13,169,25,1,1,0,True,1,1,1,0.013049869243193735,0.28685557583345356,68.87567752289743,3.61066533398116,False
11,24,13,169,25,1,1,1,True,1,1,1,0.013049869243193735,0.28685557583345356,68.87567752289743,3.680156124988571,True
12,24,13,169,25,1,1,1,True,1,1,1,0.013049869243193735,0.28685557583345356,68.87567752289743,3.715511374990456,True
13,24,13,337,25,1,1,1,True,1,1,1,0.01167966085324279,0.1658251054022749,74.47233103016119,6.928213582956232,True
14,24,13,169,25,1,1,1,True,1,1,1,0.013049869243193735,0.28685557583345356,68.87567752289743,3.6852451669983566,True
15,24,13,169,49,1,1,1,True,1,1,1,0.012806623027854513,0.2865931997690091,68.88872360900343,4.055276791972574,True
16,24,13,169,25,1,1,1,True,1,1,1,0.013049869243193735,0.28685557583345356,68.87567752289743,3.6478102499968372,True
17,24,13,169,25,1,1,1,True,3,3,3,0.01624417886683227,0.28548197033417666,68.86146158724328,1.2164286249899305,False
