,RF_MDI,XGB_Gain,Permutation_Test
close_lag1,0.36302254299551784,0.52397364,0.03919625139996814
close_lag14,0.007229203600116088,0.00043965832,0.0024458936123109786
close_lag2,0.054619881760670105,0.24699967,0.024547109423358294
close_lag21,0.005174860690443153,0.0024868853,0.004688825294642473
close_lag3,0.006770947752824985,0.06680152,0.002398284845807552
close_lag30,0.00015471327034067845,0.0010353148,-0.0011886882702631496
close_lag5,0.010199344559390963,0.0889239,-0.005361707922818404
close_lag7,0.013983077614273538,0.009397772,-0.002897008821962377
close_ma14,0.005012915478370806,0.003957438,-0.0014579873263818044
close_ma21,0.012768420960685235,0.002389114,-0.0019086956199793725
close_ma30,0.014772078922922174,0.0008598649,0.0026393800133390323
close_ma60,0.017498822636097134,0.0007211274,-0.0028348034113747644
close_ma7,0.016322973393620637,0.028324977,-0.02411045323854637
close_ma90,0.008649810537728939,0.0010142081,-7.011910137064704e-05
close_std14,0.0003362580784509913,0.0006848136,-0.00032291445315895116
close_std30,0.0003679865380382589,0.0006384454,0.00029308526557372263
close_std7,0.00018234534592535075,0.00045544386,-0.0017809439668202032
day_of_month,0.00020061527387715914,0.0003987714,-0.00024875732421314467
day_of_week,4.329342732828918e-05,0.00035994896,-1.0036174194461012e-05
day_of_year,0.0007121647752010425,0.0013651829,-0.0030554808865916883
dow_cos,4.236334448330414e-05,0.00052760466,-6.357455120937771e-05
dow_sin,4.065837273251676e-05,9.680772e-05,2.492475380693193e-05
doy_cos,0.0002484495889863297,0.0007715058,0.0002313818158930836
doy_sin,0.0003958582876447063,0.00057132996,-0.0005896345327827568
is_weekend,2.3496527297572573e-06,0.0,6.84761625784347e-06
log_close_lag1,0.44849184032780187,0.0,0.04532580990401387
log_close_lag7,0.009831222485210789,0.0,-0.005974042871386498
month,1.8656605795169527e-05,0.0,-5.6897254367171966e-05
month_cos,2.2988414213495437e-05,0.00086957286,-0.00014581765681072057
month_sin,5.7409041566638944e-05,0.0019370941,-0.0004729170371508218
oc_ratio_lag1,9.35681615041458e-05,0.00052917685,-0.00025000181085950147
quarter,4.802726176745527e-06,0.0,1.2526193777873118e-05
quarter_cos,3.136642037246382e-05,0.001248943,-4.5021520264754145e-05
quarter_sin,3.686110479606103e-05,0.0011487342,-5.0218192416462415e-05
range_lag1,9.570011500714196e-05,0.00046109583,-0.001526866294564222
range_lag3,9.331803891665046e-05,0.0003706108,3.657293802987738e-05
ratio_close_ma30,0.00011885092438465609,0.0002596858,6.120496592378898e-05
ratio_close_ma7,0.000114395316140984,0.00081212114,-5.488260767787523e-05
return_lag1,8.595378996907256e-05,0.0003467887,-0.00014443673262798384
return_lag2,9.207813848932947e-05,0.00024928182,-6.503972818157066e-05
return_lag3,0.00012554832767813743,0.00038031978,0.0024926140255145945
rsi_14,0.00012709865782844926,0.0007101315,0.0001277920668074195
vol_lag1,8.672563455871126e-05,0.0003801222,0.0008998319525760579
vol_lag3,0.00014290675659221576,0.0003198686,0.0005482121606156908
vol_lag7,0.00020488116654550852,0.00039216463,0.0015108598328365196
vol_ma14,0.000277015022079663,0.0008165323,0.0005643082918290077
vol_ma30,0.0005153178688426646,0.00094732235,0.001441628605893186
vol_ma7,0.0002519856850273809,0.00092296785,-0.001991336098555685
vol_pressure_lag1,0.00016449427931656743,0.00047798007,-0.00015667934173855259
week_of_year,0.0001040017433278011,0.00075578043,-0.00029196694711259853
year,5.907638945763188e-05,0.0024687618,0.0
